Product_Code,Product_Category,Warehouse,Total_Demand,Avg_Daily_Demand,Std_Daily_Demand,Days_Active
Product_1359,Category_019,Whse_J,472474000,27897.61,69647.69,1232
Product_1248,Category_019,Whse_J,289117000,45544.58,126857.92,1203
Product_0083,Category_019,Whse_S,184498000,469460.56,360033.71,340
Product_1341,Category_019,Whse_S,127105000,67180.23,100275.49,915
Product_1295,Category_019,Whse_J,123303000,11659.86,17409.71,1217
Product_1286,Category_019,Whse_J,101566400,11427.36,17802.69,1218
Product_1274,Category_019,Whse_J,92831000,13171.25,19842.73,1206
Product_1451,Category_019,Whse_J,91856000,19531.36,26688.06,1183
Product_1245,Category_019,Whse_C,90378000,290604.5,297886.55,224
Product_1287,Category_019,Whse_J,88715600,11331.66,17878.41,1214
Product_1378,Category_019,Whse_J,83632700,8560.15,11821.52,1221
Product_1382,Category_019,Whse_J,81690200,9477.92,12965.75,1213
Product_1294,Category_019,Whse_J,78714000,9388.6,13278.93,1221
Product_1241,Category_019,Whse_J,78646000,17927.06,44252.62,1155
Product_1016,Category_007,Whse_J,72521100,11607.09,53401.68,1188
Product_1453,Category_019,Whse_J,70504500,8291.72,12502.06,1213
Product_1360,Category_019,Whse_J,61618000,12834.41,27129.86,1186
Product_1480,Category_019,Whse_C,60567000,102136.59,227389.49,458
Product_1377,Category_019,Whse_J,56322600,7154.8,10130.8,1214
Product_1350,Category_019,Whse_J,53684000,16823.57,32202.12,1114
Product_1432,Category_019,Whse_S,53142000,136963.92,485081.24,320
Product_1264,Category_019,Whse_J,51563000,16276.2,38427.18,1119
Product_1574,Category_019,Whse_S,44938500,82912.36,96982.16,365
Product_1152,Category_006,Whse_J,44790000,145422.08,171820.54,210
Product_1342,Category_019,Whse_S,44670000,49910.61,203452.08,592
Product_1341,Category_019,Whse_C,42672000,55060.65,152856.34,593
Product_1278,Category_019,Whse_C,36265000,70009.65,82623.6,433
Product_1567,Category_019,Whse_S,35361000,68132.95,91115.95,345
Product_1431,Category_019,Whse_S,34649000,36899.89,41750.94,633
Product_1570,Category_019,Whse_J,34243500,43401.14,69241.41,566
Product_1157,Category_006,Whse_J,32990000,50520.67,56957.94,439
Product_1241,Category_019,Whse_S,32319000,53954.92,106720.38,439
Product_1393,Category_019,Whse_S,32189000,52942.43,77792.01,427
Product_0033,Category_005,Whse_S,31302500,27243.26,43023.94,739
Product_1361,Category_033,Whse_J,28190000,29334.03,35133.28,663
Product_1502,Category_019,Whse_C,26250500,50579.0,56713.38,427
Product_1381,Category_019,Whse_J,24229100,5286.73,6047.17,1176
Product_1554,Category_019,Whse_J,24137400,6847.49,9658.15,1156
Product_1263,Category_019,Whse_S,23833000,26808.77,32178.44,641
Product_1432,Category_019,Whse_C,23187000,38325.62,47196.27,471
Product_1452,Category_019,Whse_J,21620000,4845.36,5583.3,1175
Product_1526,Category_019,Whse_J,21313000,18761.44,25316.3,714
Product_1166,Category_006,Whse_C,20975000,123382.35,133688.68,130
Product_1394,Category_019,Whse_C,20412000,57337.08,68423.65,315
Product_1456,Category_019,Whse_J,20346800,3738.85,5360.71,1194
Product_1356,Category_019,Whse_J,19858000,10100.71,23495.11,972
Product_1432,Category_019,Whse_J,18855000,10861.18,17736.81,918
Product_1264,Category_019,Whse_S,18832000,63837.29,149365.71,264
Product_1825,Category_006,Whse_J,18815000,12476.79,28729.59,826
Product_1263,Category_019,Whse_C,17927000,36735.66,102441.78,385
Product_1342,Category_019,Whse_C,17081000,24791.0,36563.38,537
Product_1403,Category_019,Whse_J,16909000,8329.56,15553.82,997
Product_0094,Category_019,Whse_C,16154000,47651.92,82064.89,281
Product_1350,Category_019,Whse_S,15881000,43509.59,91989.83,291
Product_1570,Category_019,Whse_S,15327500,32268.42,42095.16,383
Product_1886,Category_007,Whse_J,15012700,4452.16,20667.58,1106
Product_1970,Category_005,Whse_J,14912000,4776.43,8207.07,1107
Product_1234,Category_019,Whse_S,14309000,46609.12,39078.73,233
Product_0931,Category_006,Whse_J,13955000,18123.38,16363.61,543
Product_1158,Category_006,Whse_J,13628000,13849.59,22609.33,627
Product_1904,Category_019,Whse_S,13519000,37242.42,86899.62,296
Product_1156,Category_006,Whse_J,13500000,32608.7,28838.81,344
Product_1250,Category_019,Whse_J,13464100,4222.04,7026.8,1107
Product_1555,Category_019,Whse_J,13462700,5168.02,10067.06,1071
Product_0083,Category_019,Whse_C,13364000,40374.62,57791.93,291
Product_1480,Category_019,Whse_S,13206000,40759.26,94786.04,277
Product_1245,Category_019,Whse_S,13159000,50806.95,98561.05,229
Product_1290,Category_019,Whse_J,13104000,15807.0,14880.73,569
Product_1262,Category_019,Whse_J,13076400,2920.14,6957.63,1173
Product_0083,Category_019,Whse_J,12789000,10125.89,16161.31,759
Product_1281,Category_019,Whse_C,12500000,32981.53,68390.55,306
Product_1149,Category_006,Whse_J,12155000,23927.17,33803.6,397
Product_1159,Category_006,Whse_J,12130000,34756.45,52645.65,298
Product_1839,Category_006,Whse_J,12003000,9319.1,20096.11,736
Product_1410,Category_019,Whse_J,11919600,4442.64,9450.14,1073
Product_1151,Category_006,Whse_J,11895000,31804.81,33319.75,313
Product_1355,Category_019,Whse_J,11749000,9200.47,11924.62,761
Product_1403,Category_019,Whse_C,11682000,23086.96,55719.1,429
Product_1018,Category_007,Whse_J,11639000,21633.83,45156.36,413
Product_1512,Category_019,Whse_J,11378200,2926.49,6558.23,1152
Product_0033,Category_005,Whse_J,11344000,3757.54,5317.96,1111
Product_1316,Category_019,Whse_J,11249500,3552.1,6974.62,1117
Product_0084,Category_019,Whse_S,11189000,99901.79,90795.38,105
Product_0933,Category_006,Whse_J,11100000,18316.83,16967.79,459
Product_1278,Category_019,Whse_S,11036000,16952.38,27920.92,456
Product_1393,Category_019,Whse_J,10961000,6551.7,9940.67,912
Product_0936,Category_006,Whse_S,10940000,25680.75,47955.31,325
Product_1396,Category_019,Whse_J,10923000,34241.38,60235.76,243
Product_1430,Category_019,Whse_J,10882400,2880.47,11352.03,1155
Product_1267,Category_019,Whse_J,10596000,17514.05,28939.97,383
Product_1496,Category_019,Whse_A,10526200,3158.18,9050.61,1122
Product_1216,Category_019,Whse_J,10338000,6656.79,12508.66,871
Product_0071,Category_019,Whse_C,10077000,62203.7,109187.69,139
Product_1150,Category_006,Whse_J,10005000,21750.0,25982.49,363
Product_0066,Category_019,Whse_J,9772000,39403.23,74806.19,220
Product_1520,Category_019,Whse_J,9736000,6002.47,7605.64,877
Product_1282,Category_033,Whse_J,9710000,21108.7,15091.19,395
Product_1465,Category_019,Whse_J,9627000,8704.34,65575.24,704
Product_1315,Category_019,Whse_J,9557900,3343.09,7114.21,1082
Product_1237,Category_019,Whse_S,9536000,38297.19,37187.52,191
Product_1470,Category_019,Whse_A,9343800,3018.02,5442.2,1121
Product_1233,Category_019,Whse_J,9203000,25422.65,39865.99,306
Product_1470,Category_019,Whse_C,8931800,42532.38,65232.79,176
Product_1581,Category_005,Whse_J,8896000,5934.62,11327.61,834
Product_1403,Category_019,Whse_S,8880000,17654.08,25345.65,394
Product_1281,Category_019,Whse_S,8799000,41701.42,74032.88,169
Product_0065,Category_019,Whse_J,8722000,12284.51,22223.02,499
Product_1439,Category_019,Whse_J,8698000,8594.86,18164.27,686
Product_1431,Category_019,Whse_C,8695000,20851.32,30126.45,357
Product_0002,Category_005,Whse_S,8665500,23676.23,37890.94,274
Product_0082,Category_019,Whse_J,8642000,18584.95,20547.09,389
Product_1242,Category_019,Whse_J,8446000,9091.5,26732.25,612
Product_1269,Category_019,Whse_J,8368000,21622.74,20925.54,346
Product_1394,Category_019,Whse_S,8297000,20846.73,58043.71,327
Product_0936,Category_006,Whse_J,8255000,13897.31,20780.12,469
Product_1463,Category_019,Whse_J,8171300,1886.7,1924.61,1164
Product_1279,Category_019,Whse_C,7713000,64275.0,65096.3,107
Product_1388,Category_019,Whse_A,7671900,4109.21,10103.54,834
Product_1135,Category_005,Whse_J,7488000,7384.62,8740.53,652
Product_0064,Category_019,Whse_J,7375000,7174.12,9673.73,676
Product_1264,Category_019,Whse_C,7231000,20311.8,39170.64,307
Product_0085,Category_019,Whse_J,7151000,12611.99,14104.4,441
Product_1350,Category_019,Whse_C,7138000,20394.29,22312.81,310
Product_1418,Category_019,Whse_J,7056500,3905.09,9284.85,932
Product_1904,Category_019,Whse_C,6964000,24960.57,43555.91,253
Product_1479,Category_019,Whse_J,6954000,6385.67,7185.82,713
Product_0064,Category_019,Whse_S,6804000,55770.49,61812.14,112
Product_1521,Category_019,Whse_J,6789000,6850.66,6125.94,684
Product_1241,Category_019,Whse_C,6776000,13828.57,22298.02,421
Product_1246,Category_019,Whse_J,6739000,5378.29,10713.32,776
Product_0063,Category_019,Whse_J,6489000,16898.44,17601.26,322
Product_1825,Category_006,Whse_S,6400000,15496.37,23196.38,329
Product_0424,Category_019,Whse_A,6180000,18614.46,20439.18,287
Product_1513,Category_019,Whse_A,5961200,2954.01,6603.66,928
Product_1023,Category_007,Whse_J,5908200,1389.18,4879.98,1175
Product_1222,Category_019,Whse_J,5842300,1701.81,4143.3,1133
Product_0073,Category_019,Whse_J,5791000,34885.54,81173.47,151
Product_1624,Category_019,Whse_J,5745000,41035.71,43440.26,134
Product_1375,Category_019,Whse_J,5705000,9231.39,11459.6,478
Product_1824,Category_006,Whse_S,5655000,28417.09,29178.69,184
Product_1410,Category_019,Whse_A,5551300,2588.02,3984.0,960
Product_1312,Category_019,Whse_J,5458300,1626.43,3857.42,1115
Product_0070,Category_019,Whse_J,5375000,13642.13,21075.45,329
Product_1162,Category_006,Whse_J,5365000,37000.0,34922.53,111
Product_1356,Category_019,Whse_S,5244000,10834.71,17792.38,373
Product_1048,Category_006,Whse_J,5190000,54062.5,13185.17,88
Product_2042,Category_019,Whse_J,5170000,46160.71,11527.53,104
Product_1450,Category_019,Whse_J,5154000,8142.18,13167.33,453
Product_1278,Category_019,Whse_J,5086000,3474.04,4979.59,860
Product_1147,Category_006,Whse_J,5060000,26217.62,19676.93,165
Product_0374,Category_030,Whse_S,5051000,7806.8,10338.91,476
Product_0098,Category_019,Whse_J,5023000,28702.86,20684.07,158
Product_1242,Category_019,Whse_S,4998000,34468.97,61090.1,131
Product_1195,Category_019,Whse_S,4887000,18372.18,39954.7,200
Product_1247,Category_019,Whse_C,4855000,18115.67,21693.42,213
Product_1817,Category_006,Whse_S,4822500,34446.43,67775.6,122
Product_1256,Category_019,Whse_J,4749800,7942.81,16261.5,466
Product_1153,Category_006,Whse_J,4690000,22878.05,19803.19,174
Product_1224,Category_019,Whse_J,4678000,3248.61,4806.25,837
Product_1521,Category_019,Whse_S,4610000,22057.42,34840.11,195
Product_1455,Category_019,Whse_J,4543250,1934.12,3674.17,1020
Product_1458,Category_019,Whse_J,4529800,1698.46,2973.01,1065
Product_1439,Category_019,Whse_C,4504000,7544.39,9769.84,471
Product_0077,Category_019,Whse_S,4411000,46925.53,60115.34,90
Product_0031,Category_005,Whse_J,4351400,1009.14,1838.44,1184
Product_1279,Category_019,Whse_S,4342000,24811.43,74577.77,165
Product_1787,Category_006,Whse_J,4287500,5293.21,8937.64,567
Product_1461,Category_019,Whse_J,4273050,9983.76,33098.16,347
Product_1299,Category_019,Whse_A,4271200,2817.41,7384.97,832
Product_1823,Category_006,Whse_C,4255000,15088.65,9303.65,262
Product_1393,Category_019,Whse_C,4207000,11401.08,15077.03,300
Product_1570,Category_019,Whse_C,4205000,12859.33,18507.34,293
Product_0387,Category_030,Whse_S,4184000,7238.75,10952.95,419
Product_0998,Category_028,Whse_S,4171700,10224.75,15226.03,308
Product_0980,Category_028,Whse_S,4169800,20540.89,35747.85,177
Product_1493,Category_019,Whse_J,4157400,1645.84,3618.35,1045
Product_1270,Category_019,Whse_J,4112000,4247.93,5037.66,682
Product_1480,Category_019,Whse_J,4062000,4911.73,7900.91,604
Product_1355,Category_019,Whse_S,4035000,10426.36,13377.6,305
Product_1394,Category_019,Whse_J,4022000,5967.36,14279.07,514
Product_1165,Category_006,Whse_J,4010000,29703.7,45201.72,123
Product_1435,Category_019,Whse_J,4004000,7512.2,16381.22,406
Product_0016,Category_005,Whse_J,3994800,1270.21,1540.06,1120
Product_1479,Category_019,Whse_S,3937000,13575.86,18818.83,251
Product_1766,Category_005,Whse_J,3932000,5299.19,10653.9,550
Product_1134,Category_005,Whse_J,3909400,3432.31,8369.37,730
Product_1556,Category_019,Whse_J,3905000,6911.5,8229.81,425
Product_1380,Category_019,Whse_J,3871800,2734.32,5491.74,791
Product_1991,Category_005,Whse_J,3863800,1166.61,2864.6,1119
Product_1397,Category_019,Whse_J,3832000,8849.88,5372.52,313
Product_1387,Category_019,Whse_J,3819100,1508.93,1972.47,1040
Product_1163,Category_006,Whse_J,3800000,18719.21,21121.64,187
Product_1520,Category_019,Whse_C,3775000,16063.83,37096.2,207
Product_1812,Category_006,Whse_S,3710000,51527.78,56833.33,62
Product_0979,Category_028,Whse_A,3694900,2582.04,6129.94,824
Product_1825,Category_006,Whse_A,3687500,6207.91,5974.17,473
Product_0943,Category_005,Whse_J,3675000,2408.26,3137.57,844
Product_0021,Category_005,Whse_S,3642500,8530.44,8368.93,331
Product_1469,Category_019,Whse_J,3620500,1648.68,2337.91,1012
Product_0012,Category_005,Whse_J,3603000,2700.9,2290.21,780
Product_1372,Category_019,Whse_J,3527600,2642.4,3235.14,804
Product_2043,Category_019,Whse_J,3500000,30172.41,6533.97,111
Product_1502,Category_019,Whse_J,3440000,4971.1,6618.89,531
Product_1363,Category_033,Whse_J,3420000,11438.13,7254.16,293
Product_1198,Category_019,Whse_J,3411000,4965.07,7137.05,515
Product_1508,Category_019,Whse_J,3331000,2837.31,10818.87,704
Product_1970,Category_005,Whse_S,3304000,14684.44,25316.09,200
Product_1637,Category_019,Whse_J,3300000,9537.57,12922.06,278
Product_0982,Category_028,Whse_A,3285450,2978.65,10519.17,682
Product_1823,Category_006,Whse_J,3285000,6649.8,5466.18,404
Product_1459,Category_019,Whse_J,3274200,1834.29,2338.11,915
Product_0936,Category_006,Whse_A,3265000,7207.51,7866.07,371
Product_1513,Category_019,Whse_J,3258500,2304.46,3302.26,815
Product_0071,Category_019,Whse_J,3229000,6470.94,7479.06,409
Product_0063,Category_019,Whse_C,3187000,21680.27,18108.5,140
Product_1288,Category_019,Whse_J,3182000,10432.79,12134.24,258
Product_1047,Category_006,Whse_J,3170000,14151.79,8266.54,173
Product_2034,Category_006,Whse_J,3110000,27522.12,18299.64,94
Product_0979,Category_028,Whse_J,3066700,1346.82,2757.93,1022
Product_1571,Category_019,Whse_S,3055000,14275.7,16710.7,160
Product_0018,Category_005,Whse_J,3047500,1246.42,1506.55,1041
Product_1502,Category_019,Whse_S,2981750,13933.41,22122.28,191
Product_1246,Category_019,Whse_S,2941000,18154.32,23310.11,152
Product_0408,Category_019,Whse_J,2923100,712.78,1153.89,1123
Product_0829,Category_006,Whse_J,2920000,28627.45,18023.04,89
Product_1349,Category_019,Whse_J,2905000,3245.81,4462.11,627
Product_0932,Category_006,Whse_J,2894000,4947.01,5013.57,435
Product_1195,Category_019,Whse_C,2883000,10638.38,10873.44,243
Product_1374,Category_019,Whse_J,2877000,5500.96,8832.28,424
Product_1466,Category_019,Whse_C,2865000,29234.69,51470.1,84
Product_1969,Category_005,Whse_J,2843200,909.82,1745.84,1101
Product_0089,Category_019,Whse_J,2842000,5933.19,8574.78,382
Product_0407,Category_019,Whse_J,2809875,741.2,1190.35,1097
Product_0109,Category_006,Whse_J,2760000,11744.68,6127.1,210
Product_1401,Category_019,Whse_J,2759900,1074.73,1679.06,1046
Product_1485,Category_019,Whse_C,2742000,10347.17,6548.79,245
Product_1343,Category_019,Whse_S,2737000,19274.65,23377.61,128
Product_1268,Category_019,Whse_J,2711000,10268.94,17456.29,223
Product_0938,Category_006,Whse_S,2705000,22731.09,18986.48,98
Product_0079,Category_019,Whse_J,2694000,12951.92,15624.75,185
Product_1407,Category_019,Whse_J,2626000,12625.0,48102.18,186
Product_1164,Category_006,Whse_J,2605000,13856.38,12587.47,150
Product_1250,Category_019,Whse_A,2599500,1814.03,6845.95,752
Product_1314,Category_019,Whse_J,2571900,1109.53,1705.78,1016
Product_0094,Category_019,Whse_S,2563750,24416.67,38021.29,96
Product_1264,Category_019,Whse_A,2561000,3658.57,6564.9,440
Product_0837,Category_019,Whse_J,2552500,11497.75,6544.25,211
Product_1818,Category_006,Whse_J,2455000,19484.13,20763.71,110
Product_1826,Category_006,Whse_J,2450000,1714.49,4014.03,790
Product_1348,Category_019,Whse_J,2435000,10231.09,22975.52,203
Product_1404,Category_019,Whse_S,2427000,17845.59,61035.13,129
Product_2044,Category_019,Whse_J,2420000,19516.13,4842.12,119
Product_1483,Category_019,Whse_J,2407000,8475.35,10657.67,233
Product_1460,Category_019,Whse_J,2392200,5892.12,10834.64,327
Product_1213,Category_019,Whse_J,2378800,843.85,1768.31,1063
Product_1154,Category_006,Whse_J,2371000,3148.74,2278.88,541
Product_1195,Category_019,Whse_J,2370000,4989.47,9272.13,390
Product_0981,Category_028,Whse_A,2236650,2813.4,6048.28,564
Product_1548,Category_019,Whse_C,2225200,12571.75,15623.9,145
Product_1221,Category_006,Whse_J,2210000,14166.67,10093.65,141
Product_1215,Category_019,Whse_J,2208000,10666.67,39913.01,180
Product_0093,Category_019,Whse_J,2194000,7920.58,11544.73,242
Product_0063,Category_019,Whse_S,2193000,15776.98,27735.82,122
Product_1578,Category_019,Whse_J,2192000,22597.94,13250.32,89
Product_1470,Category_019,Whse_J,2183800,1228.23,1901.36,912
Product_1155,Category_006,Whse_J,2175000,36864.41,33177.92,53
Product_1486,Category_019,Whse_J,2166000,18512.82,18111.54,105
Product_1438,Category_019,Whse_J,2163000,20214.95,20652.12,101
Product_1047,Category_006,Whse_C,2150000,34126.98,19808.35,51
Product_1450,Category_019,Whse_S,2149000,5482.14,5260.45,332
Product_1000,Category_028,Whse_A,2138100,4520.3,13773.22,376
Product_1157,Category_006,Whse_C,2130000,32769.23,22810.89,60
Product_1357,Category_019,Whse_J,2124000,4434.24,7146.36,382
Product_1548,Category_019,Whse_A,2123300,1441.48,4020.28,737
Product_0070,Category_019,Whse_S,2113000,11179.89,17088.61,161
Product_1244,Category_019,Whse_J,2111100,2880.08,11483.23,506
Product_1392,Category_019,Whse_J,2091300,822.7,825.08,1048
Product_1354,Category_019,Whse_C,2067000,13509.8,15496.23,143
Product_1878,Category_005,Whse_J,2058300,2132.95,14487.77,598
Product_0086,Category_019,Whse_J,2057000,4885.99,5592.2,350
Product_0930,Category_006,Whse_J,2057000,3873.82,3502.17,413
Product_1464,Category_019,Whse_A,2049100,1381.73,3635.5,711
Product_0420,Category_019,Whse_A,2036000,7597.01,8027.22,237
Product_1432,Category_019,Whse_A,2023000,7464.94,11912.24,223
Product_1355,Category_019,Whse_C,2015000,21210.53,60571.73,88
Product_1817,Category_006,Whse_J,2015000,5676.06,6715.1,298
Product_0366,Category_030,Whse_S,2004000,37811.32,52823.47,46
Product_0558,Category_030,Whse_S,1984000,10724.32,64022.48,167
Product_1239,Category_019,Whse_J,1982200,1013.91,1787.08,960
Product_1101,Category_032,Whse_S,1977000,15325.58,17698.5,100
Product_0985,Category_028,Whse_A,1942400,3437.88,18671.83,404
Product_1266,Category_019,Whse_J,1938000,4455.17,9206.52,332
Product_2033,Category_006,Whse_J,1930000,19300.0,5730.48,91
Product_0108,Category_006,Whse_J,1920000,22325.58,19443.7,81
Product_1997,Category_005,Whse_J,1894000,1964.73,1498.63,659
Product_1788,Category_006,Whse_J,1892000,1938.52,4247.75,482
Product_2035,Category_006,Whse_J,1890000,12945.21,7979.96,135
Product_0929,Category_006,Whse_J,1887000,2553.45,2576.38,528
Product_1835,Category_006,Whse_C,1881500,9133.5,5093.07,195
Product_1399,Category_019,Whse_S,1881000,5915.09,5895.7,255
Product_1001,Category_028,Whse_S,1876800,9155.12,11273.03,170
Product_1507,Category_019,Whse_C,1874250,9054.35,15368.74,172
Product_1523,Category_019,Whse_J,1870000,5067.75,6227.85,290
Product_1356,Category_019,Whse_C,1861000,6529.82,19551.57,251
Product_0071,Category_019,Whse_S,1853000,14253.85,20807.84,120
Product_1461,Category_019,Whse_A,1845750,997.16,2190.31,815
Product_1345,Category_019,Whse_J,1840000,3511.45,4901.11,412
Product_0941,Category_005,Whse_J,1837000,2576.44,2506.76,522
Product_0981,Category_028,Whse_J,1836900,1289.05,6249.86,823
Product_1521,Category_019,Whse_A,1833000,6009.84,6424.91,256
Product_1424,Category_019,Whse_A,1833000,862.18,1850.58,877
Product_0357,Category_005,Whse_J,1816000,3905.38,6134.6,359
Product_1552,Category_019,Whse_J,1754500,22493.59,16100.92,73
Product_0082,Category_019,Whse_S,1750000,15350.88,28121.41,101
Product_1825,Category_006,Whse_C,1740000,10807.45,21581.25,149
Product_1348,Category_019,Whse_C,1710000,12761.19,11569.46,129
Product_0980,Category_028,Whse_A,1703300,2695.09,6394.78,448
Product_0984,Category_028,Whse_J,1702400,1194.67,3148.99,811
Product_1299,Category_019,Whse_C,1696500,15564.22,20113.01,98
Product_0202,Category_007,Whse_C,1690782,1975.21,3144.38,560
Product_0379,Category_030,Whse_S,1690000,4814.81,5998.8,284
Product_0418,Category_019,Whse_A,1688600,3872.94,6642.84,341
Product_0427,Category_019,Whse_A,1686400,2948.25,4405.1,397
Product_1253,Category_019,Whse_J,1684300,5150.76,9044.03,263
Product_1416,Category_019,Whse_A,1682900,858.62,1864.87,852
Product_1437,Category_019,Whse_J,1681000,4213.03,4194.66,318
Product_1247,Category_019,Whse_J,1675000,5775.86,9247.17,262
Product_1289,Category_019,Whse_J,1673300,1709.19,2605.33,642
Product_1270,Category_019,Whse_C,1671000,6281.95,5845.77,220
Product_1281,Category_019,Whse_J,1655000,5123.84,5008.39,285
Product_1235,Category_019,Whse_C,1648000,15695.24,14547.09,94
Product_1419,Category_019,Whse_A,1646300,907.55,2214.42,805
Product_0984,Category_028,Whse_A,1642800,1199.12,3313.82,786
Product_0145,Category_005,Whse_S,1639000,10506.41,7341.88,139
Product_1234,Category_019,Whse_J,1632000,4828.4,4596.49,276
Product_1886,Category_007,Whse_S,1628900,3379.46,6387.89,376
Product_1407,Category_019,Whse_C,1627000,16270.0,11060.76,83
Product_1344,Category_019,Whse_J,1609000,1444.34,1644.79,885
Product_1376,Category_019,Whse_J,1609000,6236.43,6375.59,204
Product_1787,Category_006,Whse_S,1605000,9277.46,12571.81,149
Product_0422,Category_019,Whse_A,1596700,2114.83,4264.09,471
Product_0146,Category_005,Whse_S,1578000,13487.18,8027.56,111
Product_0072,Category_019,Whse_J,1564000,36372.09,27854.23,40
Product_0556,Category_030,Whse_C,1552000,12933.33,16606.79,110
Product_1573,Category_019,Whse_S,1545500,11363.97,6669.85,101
Product_1515,Category_019,Whse_J,1544800,4012.47,3597.97,322
Product_0021,Category_005,Whse_J,1542000,1633.47,2028.35,637
Product_1400,Category_019,Whse_J,1533000,5741.57,8944.1,235
Product_1577,Category_019,Whse_S,1529500,17994.12,10509.49,73
Product_1466,Category_019,Whse_S,1526000,9782.05,9909.46,147
Product_1358,Category_019,Whse_S,1523000,13243.48,17195.26,107
Product_1440,Category_019,Whse_S,1517000,11669.23,9701.27,118
Product_1351,Category_019,Whse_S,1510000,14112.15,24021.74,97
Product_1148,Category_006,Whse_J,1500000,6944.44,6693.74,195
Product_1369,Category_019,Whse_J,1498000,4525.68,2904.82,295
Product_1603,Category_030,Whse_S,1493500,11759.84,19171.62,117
Product_1371,Category_019,Whse_J,1487900,1385.38,2192.3,702
Product_1450,Category_019,Whse_C,1482000,4631.25,6731.88,269
Product_1988,Category_005,Whse_J,1477000,5792.16,7707.24,214
Product_2001,Category_005,Whse_J,1472800,736.03,1271.94,957
Product_1841,Category_006,Whse_J,1468000,5943.32,6735.78,202
Product_1347,Category_019,Whse_J,1461000,12175.0,15618.7,103
Product_2032,Category_006,Whse_J,1460000,14174.76,10597.29,89
Product_2036,Category_006,Whse_J,1450000,15934.07,8024.69,81
Product_1346,Category_019,Whse_J,1439000,2689.72,3372.2,395
Product_1465,Category_019,Whse_C,1437000,7852.46,11834.72,164
Product_1167,Category_006,Whse_J,1435000,20500.0,19037.53,67
Product_0937,Category_006,Whse_A,1432000,3653.06,3920.83,328
Product_1643,Category_019,Whse_C,1426800,8343.86,10913.33,145
Product_1243,Category_019,Whse_J,1426000,4414.86,5334.88,281
Product_1101,Category_032,Whse_C,1417000,12651.79,16133.29,106
Product_0011,Category_005,Whse_J,1415700,731.25,1247.54,949
Product_2015,Category_005,Whse_J,1409000,2699.23,3317.43,365
Product_2046,Category_019,Whse_J,1400000,9929.08,3490.61,127
Product_1478,Category_019,Whse_J,1389700,705.43,804.01,952
Product_1279,Category_019,Whse_J,1389000,2676.3,2378.97,413
Product_0099,Category_019,Whse_J,1383000,5488.1,5362.91,212
Product_0942,Category_005,Whse_J,1376100,945.77,1615.42,837
Product_1008,Category_006,Whse_S,1372000,6264.84,8775.13,186
Product_1420,Category_019,Whse_A,1366900,759.81,1774.69,800
Product_2004,Category_005,Whse_J,1357000,1802.12,1257.7,568
Product_1217,Category_019,Whse_J,1351000,9861.31,10394.56,122
Product_1265,Category_019,Whse_J,1350000,3781.51,5475.93,286
Product_0355,Category_005,Whse_J,1345000,3431.12,2907.85,326
Product_1435,Category_019,Whse_S,1335000,16084.34,19139.54,80
Product_1467,Category_019,Whse_J,1332000,4036.36,2279.53,299
Product_1427,Category_019,Whse_J,1328400,863.72,1896.47,841
Product_1399,Category_019,Whse_J,1313000,7545.98,14335.6,152
Product_0036,Category_005,Whse_J,1303500,1984.02,2332.04,503
Product_1273,Category_019,Whse_S,1301000,9708.96,11094.82,125
Product_1243,Category_019,Whse_C,1295000,5833.33,4722.54,188
Product_1402,Category_019,Whse_A,1292800,1245.47,2399.28,577
Product_1362,Category_033,Whse_J,1290000,10000.0,1250.0,127
Product_1539,Category_019,Whse_A,1289650,664.08,1340.64,840
Product_1581,Category_005,Whse_C,1263000,4730.34,4427.61,243
Product_1409,Category_019,Whse_A,1258700,1671.58,2063.39,507
Product_0033,Category_005,Whse_C,1254500,4033.76,5162.02,265
Product_0975,Category_028,Whse_J,1254100,1559.83,3875.17,565
Product_1220,Category_006,Whse_J,1250000,16025.64,8152.72,72
Product_1280,Category_019,Whse_S,1245000,7238.37,6597.55,162
Product_1398,Category_019,Whse_J,1220000,5865.38,5975.89,184
Product_1436,Category_019,Whse_J,1214000,2605.15,2946.6,364
Product_0376,Category_030,Whse_S,1207000,7888.89,8075.76,135
Product_2010,Category_005,Whse_J,1205600,484.18,729.37,1056
Product_0096,Category_019,Whse_J,1203500,7970.2,9013.0,104
Product_0093,Category_019,Whse_C,1200750,16010.0,10650.58,62
Product_1001,Category_028,Whse_A,1191800,3869.48,16229.54,236
Product_0074,Category_019,Whse_J,1181000,5570.75,8392.6,196
Product_2045,Category_019,Whse_J,1180000,10172.41,2077.94,110
Product_0178,Category_007,Whse_J,1176866,971.01,2456.61,742
Product_1368,Category_019,Whse_A,1174800,1189.07,3783.62,527
Product_0191,Category_007,Whse_C,1158999,1232.98,1501.18,605
Product_0020,Category_005,Whse_J,1155900,762.97,1398.81,839
Product_0990,Category_028,Whse_A,1151100,22570.59,59970.33,44
Product_1423,Category_019,Whse_A,1149900,716.0,1244.59,758
Product_1391,Category_019,Whse_J,1146900,789.33,2074.49,830
Product_1465,Category_019,Whse_S,1143000,6145.16,6837.53,167
Product_1297,Category_019,Whse_J,1135600,1227.68,1539.02,624
Product_1429,Category_019,Whse_J,1134200,716.04,818.88,865
Product_2047,Category_019,Whse_J,1134000,9692.31,2631.54,112
Product_1967,Category_005,Whse_J,1134000,2674.53,2772.32,354
Product_0998,Category_028,Whse_A,1104900,3348.18,10716.61,264
Product_1906,Category_019,Whse_J,1103000,3911.35,6604.97,236
Product_1977,Category_005,Whse_J,1081000,3246.25,2440.75,258
Product_0021,Category_005,Whse_C,1080500,3601.67,3429.49,272
Product_1402,Category_019,Whse_J,1070600,1435.12,2643.45,537
Product_1981,Category_005,Whse_J,1069500,727.55,1118.3,813
Product_1431,Category_019,Whse_A,1066000,3848.38,7182.31,192
Product_1905,Category_019,Whse_J,1065900,2658.1,3277.51,346
Product_1454,Category_019,Whse_J,1059700,940.28,1426.03,712
Product_1846,Category_006,Whse_J,1050000,3061.22,4384.89,284
Product_1402,Category_019,Whse_C,1049000,15426.47,8052.43,61
Product_1000,Category_028,Whse_S,1037650,5294.13,7625.82,162
Product_1601,Category_030,Whse_S,1031000,4331.93,4120.94,196
Product_1466,Category_019,Whse_J,1026000,2973.91,3583.22,301
Product_1765,Category_005,Whse_J,1016000,824.68,1581.02,744
Product_2027,Category_005,Whse_J,1012800,623.26,1427.98,865
Product_0100,Category_019,Whse_C,1005500,8379.17,12906.14,96
Product_2006,Category_005,Whse_J,988900,742.98,1319.79,738
Product_0012,Category_005,Whse_S,987000,4095.44,5097.71,206
Product_1521,Category_019,Whse_C,986000,6486.84,7231.27,137
Product_1429,Category_019,Whse_A,985500,1518.49,2081.27,492
Product_0831,Category_019,Whse_J,985000,4358.41,4857.97,197
Product_1967,Category_005,Whse_C,984000,7235.29,13257.14,107
Product_1016,Category_007,Whse_S,983600,5374.86,9113.35,163
Product_1271,Category_019,Whse_J,983000,3824.9,5288.96,222
Product_1833,Category_006,Whse_J,982500,6179.25,4250.57,145
Product_0025,Category_005,Whse_J,982200,535.26,713.75,919
Product_0479,Category_005,Whse_J,975900,5056.48,7725.6,165
Product_0413,Category_019,Whse_A,972500,3549.27,4407.89,240
Product_1845,Category_006,Whse_S,967500,11944.44,10031.2,73
Product_1464,Category_019,Whse_J,964400,983.08,1362.97,644
Product_1489,Category_019,Whse_J,963000,8834.86,10660.17,98
Product_2015,Category_005,Whse_C,956000,6927.54,7771.03,119
Product_1135,Category_005,Whse_C,954000,7819.67,10718.04,114
Product_1472,Category_019,Whse_J,945000,2460.94,4033.23,274
Product_1832,Category_006,Whse_J,936000,8283.19,7359.66,99
Product_1240,Category_019,Whse_J,931800,1590.1,2666.53,446
Product_1496,Category_019,Whse_J,930650,1254.25,3791.64,536
Product_1812,Category_006,Whse_J,930000,7685.95,5001.72,111
Product_0415,Category_019,Whse_A,918800,3179.24,4322.82,258
Product_1408,Category_019,Whse_J,916000,3392.59,7796.76,237
Product_1309,Category_019,Whse_J,913200,937.58,3309.4,673
Product_1216,Category_019,Whse_S,911000,5265.9,8936.39,153
Product_0062,Category_019,Whse_J,908200,2640.12,3713.85,245
Product_1273,Category_019,Whse_J,908000,2986.84,2916.86,261
Product_2019,Category_005,Whse_S,907500,10676.47,17529.44,70
Product_0935,Category_006,Whse_J,906000,2157.14,8728.14,344
Product_1582,Category_005,Whse_J,901000,4058.56,4101.78,190
Product_1648,Category_019,Whse_J,899000,1904.66,2277.33,394
Product_1580,Category_005,Whse_J,898600,1308.01,3237.71,519
Product_1540,Category_019,Whse_J,894400,807.22,930.34,690
Product_2048,Category_019,Whse_J,890200,9676.09,3002.1,82
Product_1296,Category_019,Whse_J,889000,4728.72,3725.66,174
Product_1572,Category_019,Whse_J,878000,9145.83,7698.23,92
Product_1839,Category_006,Whse_S,875000,4915.73,5187.85,160
Product_1518,Category_019,Whse_J,874000,1398.4,3611.39,488
Product_1422,Category_019,Whse_A,872000,654.65,1250.08,664
Product_1433,Category_019,Whse_S,868000,8427.18,5771.13,88
Product_1398,Category_019,Whse_S,866000,7338.98,8712.13,109
Product_1284,Category_019,Whse_A,856900,795.64,1790.0,548
Product_1501,Category_019,Whse_J,854750,1441.4,2065.86,480
Product_1304,Category_019,Whse_J,843900,692.86,1721.87,764
Product_1383,Category_019,Whse_J,840200,885.35,1404.85,641
Product_1154,Category_006,Whse_A,826000,11013.33,8174.6,66
Product_1970,Category_005,Whse_C,823000,3305.22,3655.97,227
Product_1367,Category_019,Whse_J,821000,684.17,576.17,748
Product_1479,Category_019,Whse_C,813000,6302.33,8545.47,114
Product_0401,Category_030,Whse_S,808000,6464.0,4808.5,105
Product_1375,Category_019,Whse_S,799000,9400.0,10446.23,80
Product_0095,Category_019,Whse_J,798750,2636.14,2705.66,261
Product_0215,Category_007,Whse_S,795861,1384.11,2168.01,420
Product_0425,Category_019,Whse_A,788050,992.51,1433.44,478
Product_0368,Category_030,Whse_S,782500,4630.18,6942.42,144
Product_0214,Category_007,Whse_J,781990,628.61,1377.1,761
Product_0677,Category_011,Whse_S,781660,3794.47,4378.99,175
Product_1404,Category_019,Whse_J,780000,2063.49,1538.61,315
Product_1017,Category_007,Whse_J,777250,397.57,1156.61,950
Product_1421,Category_019,Whse_A,774900,608.72,1247.52,658
Product_1824,Category_006,Whse_J,770000,9390.24,5632.26,75
Product_1379,Category_019,Whse_J,770000,5133.33,3942.4,141
Product_1629,Category_019,Whse_A,760600,2786.08,4248.29,215
Product_0832,Category_019,Whse_J,757000,3394.62,3653.5,200
Product_0996,Category_028,Whse_S,747800,5708.4,6769.5,117
Product_1374,Category_019,Whse_S,737000,6408.7,4823.0,112
Product_1568,Category_019,Whse_C,731500,7033.65,8514.77,87
Product_1904,Category_019,Whse_J,730000,4802.63,4781.36,136
Product_1541,Category_019,Whse_A,728300,717.54,1648.13,523
Product_0877,Category_023,Whse_C,725130,5411.42,10909.21,109
Product_1820,Category_006,Whse_J,720000,6315.79,11512.84,102
Product_0387,Category_030,Whse_C,716000,3709.84,3662.7,172
Product_1219,Category_019,Whse_J,712000,1940.05,1860.34,304
Product_0557,Category_030,Whse_S,710500,4800.68,11219.93,135
Product_1482,Category_019,Whse_J,710000,2040.23,1804.12,265
Product_0206,Category_007,Whse_C,708517,1663.19,1984.8,323
Product_1302,Category_019,Whse_J,708000,4452.83,8309.83,134
Product_2019,Category_005,Whse_C,698200,6912.87,8941.81,91
Product_1275,Category_019,Whse_J,696900,641.12,719.87,700
Product_1373,Category_019,Whse_J,696000,2297.03,4273.67,242
Product_1388,Category_019,Whse_J,695300,788.32,933.89,598
Product_1510,Category_019,Whse_S,694000,5028.99,6528.93,122
Product_1519,Category_019,Whse_A,689200,1676.89,2303.6,320
Product_1209,Category_019,Whse_J,684900,742.04,1129.93,625
Product_1173,Category_006,Whse_J,680000,10000.0,7774.82,59
Product_1224,Category_019,Whse_S,680000,3715.85,2845.11,161
Product_0928,Category_006,Whse_J,668000,2866.95,2818.41,200
Product_0980,Category_028,Whse_J,664600,2852.36,4804.93,193
Product_1653,Category_019,Whse_J,659000,860.31,746.28,607
Product_1564,Category_019,Whse_C,654100,9212.68,8518.58,62
Product_0385,Category_030,Whse_S,651000,2735.29,3753.1,201
Product_1999,Category_005,Whse_J,650000,1963.75,1694.52,283
Product_1811,Category_006,Whse_S,645000,19545.45,28294.31,31
Product_1492,Category_019,Whse_J,644400,662.28,796.3,661
Product_1997,Category_005,Whse_S,643000,2845.13,2925.43,187
Product_0976,Category_028,Whse_J,642750,1045.12,2388.51,473
Product_0962,Category_005,Whse_J,641300,6050.0,13162.71,91
Product_1366,Category_019,Whse_C,634000,17611.11,28276.47,30
Product_0997,Category_028,Whse_A,625300,4666.42,9558.87,125
Product_1199,Category_019,Whse_J,622000,3911.95,3362.83,144
Product_0200,Category_007,Whse_A,620837,251.15,496.62,1060
Product_1216,Category_019,Whse_C,616000,4631.58,4074.07,126
Product_1272,Category_019,Whse_J,615000,2914.69,2554.61,187
Product_0356,Category_005,Whse_J,613000,2403.92,2046.12,228
Product_1211,Category_019,Whse_J,611000,10355.93,8201.69,54
Product_1005,Category_006,Whse_S,603000,3941.18,4896.61,130
Product_1784,Category_006,Whse_J,595000,4190.14,6341.0,135
Product_1813,Category_006,Whse_J,595000,4075.34,4529.73,128
Product_1030,Category_028,Whse_J,590200,851.66,1691.02,509
Product_0017,Category_005,Whse_J,589600,513.59,599.96,715
Product_1002,Category_028,Whse_A,587600,7533.33,15522.58,68
Product_1210,Category_019,Whse_J,587000,5060.34,3870.26,111
Product_1623,Category_019,Whse_J,586000,1953.33,1375.06,277
Product_1236,Category_019,Whse_J,584800,1282.46,2102.23,397
Product_1581,Category_005,Whse_S,582000,3754.84,4607.08,131
Product_0193,Category_007,Whse_C,578449,1185.35,1547.09,373
Product_1435,Category_019,Whse_A,575000,3616.35,4298.66,143
Product_1447,Category_019,Whse_J,575000,1638.18,1245.62,305
Product_1198,Category_019,Whse_C,574000,3396.45,2204.48,160
Product_1980,Category_005,Whse_C,573000,7346.15,8986.03,68
Product_1481,Category_019,Whse_J,572000,2723.81,3762.05,175
Product_0979,Category_028,Whse_S,570900,3154.14,3914.81,157
Product_0556,Category_030,Whse_S,570000,3238.64,7363.03,152
Product_1740,Category_030,Whse_S,565000,2344.4,2574.24,218
Product_1631,Category_019,Whse_S,565000,4064.75,3916.17,129
Product_0202,Category_007,Whse_S,564276,897.1,1706.05,432
Product_1533,Category_019,Whse_J,562700,5410.58,5638.22,92
Product_0019,Category_005,Whse_J,557300,434.03,620.88,776
Product_1135,Category_005,Whse_S,555000,15000.0,18926.76,36
Product_1635,Category_019,Whse_J,551100,847.85,1267.37,455
Product_1966,Category_005,Whse_J,547800,466.21,740.77,745
Product_1276,Category_019,Whse_A,543900,816.67,1335.5,402
Product_1846,Category_006,Whse_S,541000,4918.18,4823.74,93
Product_1831,Category_006,Whse_J,536000,2252.1,1934.45,208
Product_1819,Category_006,Whse_J,527500,5552.63,3265.29,87
Product_1469,Category_019,Whse_A,522700,882.94,1422.6,369
Product_0080,Category_019,Whse_J,522600,1193.15,2092.27,374
Product_1308,Category_019,Whse_J,521900,488.67,817.01,708
Product_1478,Category_019,Whse_A,521100,896.9,906.96,444
Product_1344,Category_019,Whse_C,518000,5180.0,3630.34,91
Product_0973,Category_028,Whse_J,517800,425.12,692.83,735
Product_1972,Category_005,Whse_J,517000,1636.08,1320.35,266
Product_1838,Category_006,Whse_J,515000,5786.52,3098.65,83
Product_0398,Category_030,Whse_S,513000,6932.43,4122.54,56
Product_1652,Category_019,Whse_J,512000,5019.61,4301.12,99
Product_0126,Category_019,Whse_J,512000,3180.12,3366.91,142
Product_1503,Category_019,Whse_A,511250,1951.34,1735.16,229
Product_0013,Category_005,Whse_J,504400,549.46,1279.65,618
Product_0552,Category_030,Whse_C,503500,4536.04,9644.05,99
Product_1641,Category_019,Whse_J,503000,3445.21,3745.4,127
Product_0035,Category_005,Whse_J,502700,541.7,1049.65,606
Product_1495,Category_019,Whse_J,499150,673.62,1148.38,534
Product_1468,Category_019,Whse_J,499000,2422.33,2137.08,184
Product_0390,Category_030,Whse_S,498000,3952.38,3654.82,113
Product_0034,Category_005,Whse_J,492900,467.65,622.43,685
Product_1744,Category_030,Whse_S,491000,3386.21,3160.49,138
Product_1414,Category_019,Whse_J,490400,1629.24,3646.08,241
Product_0014,Category_005,Whse_J,485000,2174.89,1521.88,202
Product_1992,Category_005,Whse_J,484200,518.42,732.07,636
Product_1528,Category_019,Whse_C,484000,4566.04,5996.85,96
Product_1078,Category_020,Whse_C,483735,10077.81,8843.72,35
Product_2011,Category_005,Whse_J,483200,976.16,1726.47,394
Product_0677,Category_011,Whse_J,480260,426.14,2595.59,704
Product_1232,Category_019,Whse_J,478000,2366.34,1845.92,185
Product_0935,Category_006,Whse_S,478000,4192.98,3378.43,102
Product_1527,Category_019,Whse_J,476000,2333.33,2155.68,177
Product_1821,Category_006,Whse_J,475000,5053.19,4578.74,88
Product_0024,Category_005,Whse_J,473000,2718.39,3704.55,141
Product_1973,Category_005,Whse_J,471300,642.1,952.97,538
Product_1285,Category_019,Whse_S,471000,8563.64,13934.72,52
Product_1190,Category_019,Whse_C,465250,5112.64,3980.03,76
Product_1392,Category_019,Whse_A,462900,1214.96,1236.85,319
Product_1351,Category_019,Whse_J,460000,2804.88,2722.05,145
Product_0845,Category_021,Whse_J,454735,457.48,1381.0,620
Product_1007,Category_006,Whse_A,451100,941.75,1724.18,366
Product_0940,Category_005,Whse_J,450900,457.77,706.38,640
Product_0123,Category_021,Whse_A,450630,289.79,559.73,895
Product_0478,Category_005,Whse_J,445600,1804.05,2471.53,225
Product_1997,Category_005,Whse_C,445000,3647.54,3213.92,110
Product_0107,Category_006,Whse_J,443000,3818.97,3579.16,95
Product_0038,Category_005,Whse_C,442000,2815.29,4371.85,138
Product_1106,Category_006,Whse_J,438700,667.73,1204.19,485
Product_2132,Category_009,Whse_S,438552,552.33,864.65,537
Product_1023,Category_007,Whse_C,437500,3417.97,4402.46,119
Product_1184,Category_030,Whse_S,435200,6400.0,13966.98,60
Product_1443,Category_019,Whse_A,434000,1192.31,2089.29,226
Product_0995,Category_028,Whse_A,433950,915.51,3297.61,320
Product_1560,Category_019,Whse_A,433800,509.75,797.42,512
Product_1368,Category_019,Whse_J,430800,714.43,693.35,434
Product_2138,Category_009,Whse_S,429087,675.73,1438.22,476
Product_1404,Category_019,Whse_C,429000,3935.78,3583.08,99
Product_1348,Category_019,Whse_S,428000,3079.14,3420.03,122
Product_0194,Category_007,Whse_C,425900,965.76,997.5,347
Product_2004,Category_005,Whse_S,424000,2316.94,3057.7,163
Product_1636,Category_019,Whse_J,421600,978.19,1426.29,350
Product_1522,Category_019,Whse_J,420000,2876.71,4209.82,125
Product_1385,Category_019,Whse_J,419900,2038.35,6699.75,169
Product_1078,Category_020,Whse_S,415646,2199.19,3741.56,169
Product_0032,Category_005,Whse_J,414700,1001.69,1688.22,345
Product_1490,Category_019,Whse_J,413400,616.1,688.09,461
Product_1514,Category_019,Whse_J,412600,1755.74,2573.98,192
Product_1440,Category_019,Whse_J,412000,1934.27,988.33,179
Product_1810,Category_006,Whse_J,410000,5540.54,2120.93,71
Product_1306,Category_019,Whse_J,408600,716.84,1337.35,438
Product_1789,Category_006,Whse_J,407500,3606.19,3339.73,100
Product_1314,Category_019,Whse_A,404500,1021.46,1343.89,329
Product_1505,Category_019,Whse_J,401250,2692.95,3764.51,131
Product_1512,Category_019,Whse_A,401000,1447.65,2446.76,192
Product_1733,Category_030,Whse_S,398000,1990.0,2024.94,181
Product_0367,Category_019,Whse_J,396000,997.48,1020.0,336
Product_0381,Category_030,Whse_S,393000,3815.53,3719.97,96
Product_0209,Category_007,Whse_C,389741,1139.59,1472.52,269
Product_1227,Category_019,Whse_J,388000,1672.41,1317.72,204
Product_1846,Category_006,Whse_A,387000,4117.02,9108.49,88
Product_1298,Category_019,Whse_A,385700,971.54,1787.69,277
Product_0225,Category_007,Whse_A,379382,459.86,982.37,573
Product_1276,Category_019,Whse_J,378900,553.14,660.44,509
Product_1353,Category_019,Whse_C,378000,3048.39,2412.21,116
Product_0984,Category_028,Whse_S,376000,3686.27,3783.89,87
Product_0421,Category_019,Whse_A,372800,1800.97,3812.79,162
Product_0986,Category_028,Whse_J,372100,672.88,1137.87,441
Product_1003,Category_006,Whse_A,371200,1098.22,1896.74,267
Product_0553,Category_030,Whse_S,370000,4157.3,9673.24,84
Product_1766,Category_005,Whse_S,369000,2693.43,2023.98,130
Product_0037,Category_005,Whse_J,368500,1071.22,1224.75,293
Product_0391,Category_030,Whse_S,368000,4658.23,3967.45,71
Product_0973,Category_028,Whse_A,368000,793.1,2655.31,346
Product_1481,Category_019,Whse_A,367000,2293.75,1743.26,144
Product_1901,Category_019,Whse_J,366800,1667.27,1230.82,206
Product_0183,Category_007,Whse_J,366093,356.82,796.98,677
Product_1986,Category_005,Whse_J,366000,390.61,474.61,684
Product_2014,Category_019,Whse_J,365100,455.24,705.22,565
Product_1346,Category_019,Whse_S,365000,6403.51,8193.77,53
Product_0987,Category_028,Whse_A,364750,1361.01,11097.01,223
Product_1266,Category_019,Whse_S,364000,5967.21,6030.39,54
Product_0470,Category_005,Whse_S,361500,3037.82,3573.18,105
Product_1384,Category_019,Whse_A,361200,734.15,1683.41,287
Product_1740,Category_030,Whse_C,360000,3050.85,2812.81,109
Product_1739,Category_030,Whse_S,360000,1978.02,1820.56,169
Product_1249,Category_019,Whse_S,358500,5121.43,30269.49,70
Product_0433,Category_006,Whse_J,357500,1237.02,1474.33,247
Product_1549,Category_019,Whse_S,352200,5503.12,7035.96,56
Product_1161,Category_006,Whse_J,350000,6862.75,3867.92,47
Product_1509,Category_019,Whse_A,348300,512.21,1230.07,396
Product_0001,Category_005,Whse_A,347000,1528.63,1290.3,198
Product_0143,Category_005,Whse_S,347000,3540.82,2736.42,90
Product_1439,Category_019,Whse_S,341000,6314.81,5920.3,53
Product_1524,Category_019,Whse_J,335000,8170.73,4386.93,36
Product_1387,Category_019,Whse_A,333900,1105.63,2084.78,208
Product_1069,Category_020,Whse_S,332087,802.14,1393.05,304
Product_1228,Category_019,Whse_J,332000,2141.94,4007.2,144
Product_1743,Category_030,Whse_S,328000,2928.57,3048.3,108
Product_1971,Category_005,Whse_J,328000,1484.16,984.41,192
Product_0081,Category_019,Whse_J,325800,1340.74,1696.67,179
Product_1532,Category_019,Whse_J,324025,364.07,422.89,592
Product_1628,Category_019,Whse_J,324000,2571.43,3625.31,109
Product_0934,Category_006,Whse_J,322500,3100.96,1073.47,101
Product_1010,Category_005,Whse_C,322000,2775.86,2280.68,109
Product_1547,Category_019,Whse_J,320450,2670.42,4286.29,103
Product_1285,Category_019,Whse_J,320000,2064.52,1825.78,143
Product_0214,Category_007,Whse_S,319032,1059.91,1341.51,252
Product_1193,Category_019,Whse_J,319000,584.25,798.12,434
Product_1735,Category_030,Whse_S,318000,3278.35,5909.9,89
Product_0097,Category_019,Whse_A,317500,3143.56,5050.2,94
Product_0128,Category_019,Whse_J,316000,6320.0,4722.68,45
Product_1352,Category_019,Whse_J,316000,2590.16,3041.73,111
Product_1022,Category_005,Whse_A,313200,3228.87,2856.93,89
Product_1587,Category_030,Whse_S,313000,1497.61,1432.37,174
Product_1419,Category_019,Whse_J,311100,605.25,805.56,409
Product_1766,Category_005,Whse_C,311000,2448.82,1837.48,111
Product_1736,Category_030,Whse_S,310500,1928.57,1453.29,132
Product_1593,Category_030,Whse_S,309000,1817.65,1490.3,149
Product_1007,Category_006,Whse_S,307500,3203.12,6655.72,80
Product_1785,Category_006,Whse_J,307500,3342.39,2493.87,85
Product_0411,Category_030,Whse_S,305000,8970.59,10196.51,33
Product_1307,Category_019,Whse_J,303700,372.64,432.58,617
Product_1015,Category_007,Whse_J,301400,385.92,1370.2,553
Product_1885,Category_007,Whse_J,297600,5511.11,6367.74,35
Product_0008,Category_005,Whse_J,297000,1687.5,1386.28,157
Product_0392,Category_030,Whse_S,294000,2194.03,1605.81,117
Product_0090,Category_019,Whse_J,293900,2881.37,2857.84,99
Product_0026,Category_005,Whse_J,293000,466.56,1053.25,475
Product_1513,Category_019,Whse_C,293000,6234.04,12589.22,40
Product_1226,Category_019,Whse_J,293000,539.59,1052.48,419
Product_1034,Category_028,Whse_J,291100,362.52,414.15,565
Product_0935,Category_006,Whse_A,291000,2093.53,1564.52,126
Product_1370,Category_019,Whse_J,290000,2213.74,2765.19,122
Product_2019,Category_005,Whse_J,289200,551.91,653.2,428
Product_1729,Category_005,Whse_J,287300,378.52,459.29,500
Product_0554,Category_030,Whse_S,287000,3776.32,3823.95,70
Product_1593,Category_030,Whse_C,286000,2269.84,2005.64,114
Product_1191,Category_019,Whse_J,285000,874.23,569.33,289
Product_1633,Category_019,Whse_J,284000,1595.51,872.93,171
Product_1612,Category_005,Whse_J,283200,1097.67,1455.27,219
Product_0384,Category_030,Whse_S,283000,1938.36,1606.98,136
Product_0372,Category_025,Whse_S,282000,9724.14,8083.92,26
Product_1643,Category_019,Whse_S,281800,5870.83,6917.57,48
Product_1354,Category_019,Whse_J,281000,2036.23,4827.55,132
Product_1104,Category_006,Whse_J,279700,536.85,733.47,411
Product_0419,Category_019,Whse_A,278600,1216.59,2133.34,163
Product_1651,Category_019,Whse_J,277500,1825.66,3234.88,140
Product_1494,Category_019,Whse_C,276600,7902.86,11664.11,34
Product_1160,Category_006,Whse_J,276000,2075.19,1593.66,115
Product_1542,Category_019,Whse_J,276000,1957.45,1598.54,128
Product_1016,Category_007,Whse_C,275000,1964.29,3773.88,118
Product_1519,Category_019,Whse_J,274900,539.02,409.31,404
Product_0122,Category_021,Whse_A,274830,346.57,595.01,582
Product_0022,Category_005,Whse_J,274600,559.27,567.1,386
Product_1626,Category_019,Whse_J,274400,491.76,598.66,448
Product_1438,Category_019,Whse_A,274000,1096.0,2158.1,174
Product_1900,Category_019,Whse_J,271900,1688.82,2313.68,143
Product_1429,Category_019,Whse_S,271200,2916.13,5890.16,77
Product_0179,Category_007,Whse_J,271096,400.44,854.76,495
Product_1445,Category_019,Whse_A,271000,1178.26,2226.96,147
Product_0374,Category_030,Whse_C,270000,2347.83,2119.43,107
Product_1596,Category_030,Whse_S,270000,3913.04,5189.75,67
Product_1511,Category_019,Whse_J,269000,1894.37,1022.5,125
Product_1545,Category_019,Whse_C,268600,3534.21,5121.03,75
Product_1879,Category_005,Whse_J,267800,432.63,1187.46,446
Product_1628,Category_019,Whse_S,266000,7600.0,9530.76,33
Product_2029,Category_005,Whse_J,264300,442.71,573.87,451
Product_1249,Category_019,Whse_A,263100,802.13,938.06,240
Product_0206,Category_007,Whse_A,262220,218.15,377.94,763
Product_1600,Category_030,Whse_S,260000,2063.49,2328.08,119
Product_1621,Category_019,Whse_J,258400,771.34,792.87,286
Product_1284,Category_019,Whse_J,256200,915.0,4691.13,218
Product_1021,Category_005,Whse_J,256000,773.41,1463.07,280
Product_1031,Category_028,Whse_J,255300,471.03,460.16,433
Product_1390,Category_019,Whse_J,255000,894.74,1159.5,240
Product_1889,Category_007,Whse_J,254300,273.44,633.96,631
Product_1413,Category_019,Whse_J,254100,1215.79,2955.49,176
Product_1303,Category_019,Whse_J,254100,559.69,507.02,364
Product_0618,Category_001,Whse_J,253825,116.33,162.68,990
Product_1457,Category_019,Whse_J,253800,489.02,699.8,401
Product_1734,Category_030,Whse_S,253500,2130.25,3118.06,110
Product_1622,Category_019,Whse_J,252900,554.61,1151.22,367
Product_1535,Category_019,Whse_A,251875,621.91,1005.64,290
Product_1746,Category_030,Whse_S,251600,3993.65,5854.25,53
Product_2138,Category_009,Whse_C,251031,426.92,579.82,453
Product_1468,Category_019,Whse_C,251000,2367.92,2062.48,95
Product_0195,Category_007,Whse_C,249268,786.33,932.51,265
Product_1442,Category_019,Whse_A,249000,936.09,1677.73,174
Product_0963,Category_005,Whse_J,248400,288.17,864.53,580
Product_1416,Category_019,Whse_J,248000,516.67,980.14,384
Product_0054,Category_019,Whse_J,248000,1771.43,2085.73,131
Product_1741,Category_030,Whse_S,247900,1936.72,4055.69,114
Product_1104,Category_006,Whse_A,245700,1564.97,3833.87,133
Product_0023,Category_005,Whse_J,245200,403.29,663.49,482
Product_2008,Category_005,Whse_J,244000,1140.19,453.44,195
Product_0417,Category_019,Whse_A,242500,704.94,1098.34,231
Product_0127,Category_019,Whse_J,240000,1621.62,3519.44,135
Product_0215,Category_007,Whse_C,238020,1383.84,2087.63,150
Product_2050,Category_011,Whse_J,234900,1925.41,2228.42,112
Product_0031,Category_005,Whse_A,234200,410.88,788.73,390
Product_1218,Category_019,Whse_J,232000,2230.77,1293.98,93
Product_1484,Category_019,Whse_J,232000,3362.32,3043.66,62
Product_1886,Category_007,Whse_C,231600,1102.86,1221.65,184
Product_1516,Category_019,Whse_J,231200,955.37,986.04,206
Product_2008,Category_005,Whse_C,230000,2053.57,1754.48,97
Product_0020,Category_005,Whse_A,229900,367.84,718.17,430
Product_1738,Category_030,Whse_C,228000,3304.35,3919.43,63
Product_1405,Category_019,Whse_S,228000,6514.29,5008.06,35
Product_0958,Category_005,Whse_C,227000,3603.17,4719.69,55
Product_2004,Category_005,Whse_C,227000,3152.78,2720.09,59
Product_1847,Category_024,Whse_S,226800,1139.7,1880.36,176
Product_0053,Category_019,Whse_J,226000,1183.25,426.65,170
Product_0560,Category_030,Whse_S,225500,2424.73,3785.06,89
Product_1225,Category_019,Whse_J,225000,1551.72,1201.45,132
Product_0989,Category_028,Whse_J,223700,436.91,592.67,400
Product_1132,Category_030,Whse_C,223200,2565.52,2735.84,76
Product_1505,Category_019,Whse_A,222500,3320.9,5738.59,65
Product_1553,Category_019,Whse_A,222200,232.91,569.53,507
Product_1389,Category_019,Whse_J,222100,539.08,560.72,334
Product_0052,Category_005,Whse_J,221800,544.96,1040.19,341
Product_1495,Category_019,Whse_A,221200,906.56,1652.94,174
Product_1352,Category_019,Whse_C,220000,2244.9,2091.03,92
Product_1629,Category_019,Whse_J,219900,449.69,532.82,410
Product_1902,Category_019,Whse_S,219000,4211.54,4093.69,52
Product_1839,Category_006,Whse_A,217000,1903.51,1687.9,109
Product_1133,Category_030,Whse_S,216800,1837.29,1753.33,78
Product_1737,Category_030,Whse_S,216000,2018.69,1393.93,99
Product_2002,Category_005,Whse_J,215800,538.15,874.71,333
Product_0952,Category_006,Whse_J,215700,810.9,948.24,230
Product_0288,Category_021,Whse_C,215498,708.88,912.13,253
Product_1107,Category_006,Whse_J,215000,407.2,554.01,409
Product_1543,Category_019,Whse_J,215000,1653.85,877.91,120
Product_0213,Category_007,Whse_C,214563,815.83,1151.04,218
Product_1280,Category_019,Whse_J,214000,1844.83,1460.22,100
Product_0211,Category_007,Whse_A,212715,153.36,285.85,834
Product_0015,Category_005,Whse_J,212000,1547.45,977.47,122
Product_0138,Category_007,Whse_J,211654,226.37,856.98,600
Product_1298,Category_019,Whse_S,210400,2042.72,4657.08,94
Product_1128,Category_030,Whse_S,210000,3750.0,3259.95,52
Product_0008,Category_005,Whse_C,208500,1628.91,1263.11,121
Product_0202,Category_007,Whse_A,207242,186.03,330.09,721
Product_0206,Category_007,Whse_S,206983,1246.89,2024.25,135
Product_1067,Category_020,Whse_S,206660,762.58,988.19,190
Product_0388,Category_025,Whse_S,204000,34000.0,19224.98,6
Product_1185,Category_030,Whse_S,203700,3339.34,9459.09,52
Product_1518,Category_019,Whse_A,203300,887.77,879.86,203
Product_0012,Category_005,Whse_C,202000,1803.57,1347.93,105
Product_0561,Category_030,Whse_S,201900,1411.89,1810.05,128
Product_0007,Category_005,Whse_J,201200,354.85,350.12,448
Product_0069,Category_019,Whse_J,200100,897.31,1686.56,168
Product_0078,Category_019,Whse_A,199300,2730.14,3612.04,67
Product_1471,Category_019,Whse_J,199100,1021.03,2852.15,174
Product_1477,Category_019,Whse_J,198600,415.48,398.96,375
Product_1073,Category_020,Whse_S,198405,665.79,1468.7,239
Product_0036,Category_005,Whse_S,197000,1774.77,1638.65,101
Product_1639,Category_019,Whse_J,197000,323.48,516.78,471
Product_0989,Category_028,Whse_A,196200,895.89,1515.86,177
Product_1298,Category_019,Whse_C,196000,2177.78,4058.03,77
Product_0200,Category_007,Whse_S,195750,582.59,1286.41,282
Product_0050,Category_005,Whse_S,195700,1747.32,4666.36,99
Product_1004,Category_006,Whse_A,195200,728.36,757.35,227
Product_1344,Category_019,Whse_S,195000,8863.64,9617.92,22
Product_0977,Category_028,Whse_A,194150,390.64,850.91,356
Product_0958,Category_005,Whse_S,194000,2694.44,2587.29,64
Product_0664,Category_011,Whse_J,193602,60.39,220.07,1084
Product_0922,Category_023,Whse_S,192200,1467.18,2943.24,119
Product_1196,Category_019,Whse_J,192000,302.36,435.1,466
Product_0973,Category_028,Whse_S,191700,2819.12,3027.94,65
Product_1194,Category_019,Whse_J,191600,454.03,532.93,349
Product_1257,Category_019,Whse_J,190200,429.35,518.3,361
Product_1182,Category_030,Whse_S,189850,2465.58,6473.88,64
Product_1899,Category_019,Whse_J,189000,940.3,1354.37,184
Product_1200,Category_019,Whse_J,188700,528.57,590.54,307
Product_0213,Category_007,Whse_S,188622,521.06,1006.07,268
Product_2031,Category_005,Whse_J,188600,929.06,864.02,186
Product_1632,Category_019,Whse_J,188000,1228.76,622.99,135
Product_1385,Category_019,Whse_A,186850,230.68,384.54,461
Product_1441,Category_019,Whse_A,186000,1300.7,2414.85,107
Product_1259,Category_019,Whse_J,185200,435.76,494.63,355
Product_1183,Category_030,Whse_S,183400,2351.28,5836.51,71
Product_0690,Category_011,Whse_J,182590,1276.85,2515.77,129
Product_0129,Category_019,Whse_J,182000,2600.0,5774.51,63
Product_1983,Category_005,Whse_S,181000,2262.5,2304.34,75
Product_0226,Category_007,Whse_S,179414,732.3,1159.02,213
Product_0215,Category_007,Whse_J,177150,272.96,527.66,477
Product_0113,Category_006,Whse_J,177000,1903.23,1608.84,90
Product_1546,Category_019,Whse_J,176900,902.55,454.66,167
Product_0870,Category_023,Whse_C,175900,3257.41,3082.81,45
Product_1488,Category_019,Whse_S,175000,2822.58,3133.76,57
Product_0047,Category_005,Whse_J,174200,291.3,247.85,453
Product_0606,Category_001,Whse_J,173975,110.39,151.68,855
Product_1004,Category_006,Whse_S,173000,1712.87,2567.75,84
Product_0087,Category_019,Whse_J,172900,508.53,592.14,298
Product_1968,Category_005,Whse_J,171000,1644.23,1237.9,98
Product_0002,Category_005,Whse_C,170500,2029.76,1511.7,79
Product_0031,Category_005,Whse_S,170200,1299.24,2963.56,117
Product_1427,Category_019,Whse_A,170100,299.47,440.56,376
Product_0991,Category_028,Whse_J,169500,531.35,714.98,261
Product_0553,Category_030,Whse_C,169500,1842.39,1883.9,82
Product_0869,Category_005,Whse_S,168800,1834.78,2284.13,86
Product_1541,Category_019,Whse_J,168400,519.75,605.12,280
Product_2005,Category_005,Whse_J,168000,1953.49,1282.52,83
Product_1843,Category_006,Whse_J,168000,2400.0,2871.15,66
Product_1995,Category_019,Whse_J,167400,511.93,996.75,275
Product_0371,Category_030,Whse_S,167000,1988.1,1668.23,79
Product_0841,Category_021,Whse_J,166795,198.09,593.5,571
Product_0051,Category_005,Whse_J,166550,832.75,1146.91,171
Product_0219,Category_007,Whse_J,165896,205.06,511.62,543
Product_0287,Category_021,Whse_J,163420,287.71,580.69,425
Product_0998,Category_028,Whse_J,163200,529.87,982.06,264
Product_1840,Category_006,Whse_J,161000,679.32,419.99,207
Product_1610,Category_030,Whse_S,161000,1987.65,1520.64,68
Product_1608,Category_030,Whse_S,160000,2000.0,1331.22,76
Product_2021,Category_005,Whse_C,159900,1453.64,1989.96,104
Product_1987,Category_005,Whse_J,159900,619.77,710.04,230
Product_1550,Category_019,Whse_J,158600,267.91,389.21,481
Product_0950,Category_006,Whse_J,158500,792.5,685.96,185
Product_1395,Category_019,Whse_S,158000,2633.33,1687.11,60
Product_1780,Category_006,Whse_J,157500,2971.7,987.49,49
Product_1254,Category_019,Whse_J,156100,411.87,516.13,320
Product_1446,Category_019,Whse_J,155000,1047.3,242.84,139
Product_1598,Category_030,Whse_S,154000,2566.67,2842.57,55
Product_1365,Category_019,Whse_A,153600,307.2,771.4,280
Product_0961,Category_005,Whse_C,153300,1916.25,1672.07,68
Product_1880,Category_005,Whse_J,153000,402.63,569.03,304
Product_2017,Category_005,Whse_J,152000,1420.56,824.59,99
Product_0961,Category_005,Whse_J,152000,225.52,265.95,510
Product_0288,Category_021,Whse_S,151870,433.91,714.94,294
Product_0155,Category_021,Whse_S,150726,507.49,737.97,250
Product_1305,Category_019,Whse_J,150700,375.81,800.59,335
Product_1600,Category_030,Whse_C,150000,1442.31,786.13,97
Product_1829,Category_006,Whse_J,150000,3260.87,2099.57,40
Product_1473,Category_019,Whse_J,149800,504.38,463.55,252
Product_1731,Category_005,Whse_J,149500,405.15,473.65,279
Product_1474,Category_019,Whse_J,149200,710.48,1031.6,182
Product_1415,Category_019,Whse_J,148900,511.68,449.06,256
Product_1009,Category_005,Whse_J,148600,437.06,575.39,281
Product_1509,Category_019,Whse_J,146600,502.05,463.44,240
Product_0228,Category_007,Whse_A,146544,303.4,654.13,382
Product_0562,Category_030,Whse_S,146300,1643.82,2021.59,82
Product_0171,Category_021,Whse_S,146266,1218.88,1196.66,99
Product_0179,Category_007,Whse_S,145538,826.92,805.43,154
Product_0349,Category_021,Whse_C,145405,126.44,174.61,674
Product_1723,Category_003,Whse_S,145182,391.33,414.22,298
Product_0552,Category_030,Whse_S,145000,1746.99,3906.2,76
Product_2028,Category_005,Whse_J,145000,438.07,505.01,260
Product_0974,Category_028,Whse_J,144600,701.94,1152.46,173
Product_0937,Category_006,Whse_J,144000,1469.39,1386.27,91
Product_0115,Category_032,Whse_S,143436,264.15,524.97,418
Product_0226,Category_007,Whse_C,143273,1061.28,2215.14,108
Product_0287,Category_021,Whse_S,142800,457.69,1308.92,273
Product_1782,Category_006,Whse_J,142500,3166.67,1449.92,43
Product_1487,Category_019,Whse_J,142000,2290.32,2130.09,56
Product_0486,Category_013,Whse_S,141729,712.21,1731.27,166
Product_0975,Category_028,Whse_S,140400,2379.66,3854.23,58
Product_1998,Category_005,Whse_J,140000,1176.47,605.72,108
Product_1036,Category_005,Whse_J,139200,644.44,984.61,191
Product_0477,Category_005,Whse_C,139000,1510.87,2261.65,84
Product_0224,Category_007,Whse_S,138966,712.65,988.27,162
Product_0830,Category_019,Whse_J,138500,744.62,2171.44,155
Product_0863,Category_005,Whse_C,138000,1662.65,649.15,78
Product_0948,Category_005,Whse_S,138000,6900.0,7016.82,20
Product_0564,Category_015,Whse_J,137820,401.81,1897.06,290
Product_1742,Category_030,Whse_S,137000,1630.95,1159.35,77
Product_0219,Category_007,Whse_S,136738,870.94,922.97,141
Product_1589,Category_030,Whse_S,136500,1644.58,1369.37,74
Product_0905,Category_023,Whse_S,136400,903.31,1051.41,136
Product_1214,Category_019,Whse_J,135500,1158.12,1334.76,105
Product_2118,Category_009,Whse_S,135090,519.58,720.83,211
Product_1601,Category_030,Whse_C,135000,1516.85,954.8,82
Product_1575,Category_019,Whse_J,134500,1601.19,1300.56,72
Product_0416,Category_019,Whse_A,134100,761.93,1109.22,134
Product_0225,Category_007,Whse_J,133796,297.99,1222.63,357
Product_0905,Category_023,Whse_J,133500,163.8,350.01,549
Product_1530,Category_019,Whse_J,133150,229.97,265.71,454
Product_1642,Category_019,Whse_J,132400,1018.46,2832.99,119
Product_0101,Category_019,Whse_J,132400,686.01,779.4,172
Product_2167,Category_024,Whse_C,131568,128.11,166.23,646
Product_0414,Category_019,Whse_A,130100,903.47,1556.1,107
Product_0368,Category_030,Whse_C,129000,1535.71,1418.01,70
Product_2025,Category_005,Whse_J,128900,421.24,704.3,266
Product_2041,Category_005,Whse_J,127800,1047.54,861.12,108
Product_1588,Category_030,Whse_S,127500,1385.87,1802.17,84
Product_0550,Category_030,Whse_C,127500,1700.0,1437.9,69
Product_0373,Category_030,Whse_J,127100,512.5,1066.4,210
Product_2132,Category_009,Whse_A,126648,154.45,347.74,583
Product_1587,Category_030,Whse_C,126500,1561.73,1028.9,74
Product_1985,Category_005,Whse_J,126400,352.09,545.87,292
Product_1207,Category_019,Whse_J,125250,711.65,773.63,158
Product_0406,Category_019,Whse_J,124750,448.74,536.21,248
Product_0004,Category_005,Whse_J,124600,370.83,555.71,267
Product_1202,Category_019,Whse_J,124400,332.62,443.06,324
Product_1732,Category_005,Whse_J,124000,1068.97,254.49,109
Product_1843,Category_006,Whse_S,124000,1823.53,1819.8,55
Product_0204,Category_007,Whse_S,123995,486.25,891.42,201
Product_0915,Category_023,Whse_S,123700,1166.98,3329.34,96
Product_0078,Category_019,Whse_J,123400,1259.18,1945.17,82
Product_1833,Category_006,Whse_S,123000,2673.91,1446.13,42
Product_1475,Category_019,Whse_J,122400,422.07,706.47,233
Product_1129,Category_030,Whse_S,122000,1876.92,1192.52,60
Product_2007,Category_005,Whse_J,121600,432.74,427.95,240
Product_2167,Category_024,Whse_J,121437,105.23,267.09,712
Product_0068,Category_019,Whse_J,121000,476.38,422.67,226
Product_0904,Category_023,Whse_J,120650,237.5,625.41,387
Product_0250,Category_007,Whse_A,120263,247.45,450.43,375
Product_0909,Category_023,Whse_S,119900,1187.13,3349.74,96
Product_1622,Category_019,Whse_A,118400,460.7,1745.54,152
Product_1634,Category_019,Whse_J,116100,943.9,1563.67,104
Product_0044,Category_005,Whse_C,116000,5272.73,8206.74,19
Product_0081,Category_019,Whse_A,115400,1177.55,1298.97,82
Product_1650,Category_019,Whse_J,115000,793.1,636.25,135
Product_0275,Category_021,Whse_J,114870,180.33,294.62,464
Product_0838,Category_019,Whse_J,114800,1053.21,1052.74,92
Product_1512,Category_019,Whse_C,114400,1682.35,1803.06,62
Product_0201,Category_007,Whse_A,114200,551.69,665.51,180
Product_0055,Category_019,Whse_J,114000,1225.81,502.8,91
Product_1448,Category_019,Whse_A,114000,619.57,1069.62,110
Product_0050,Category_005,Whse_J,113600,413.09,714.18,247
Product_0558,Category_030,Whse_C,113500,3152.78,3786.86,35
Product_0209,Category_007,Whse_S,113176,401.33,571.68,214
Product_0001,Category_005,Whse_J,113000,305.41,283.08,313
Product_0549,Category_030,Whse_S,113000,2260.0,1863.29,47
Product_1227,Category_019,Whse_C,113000,2017.86,1458.41,53
Product_0685,Category_011,Whse_J,112910,195.35,545.23,430
Product_1499,Category_019,Whse_J,112100,467.08,851.8,207
Product_1991,Category_005,Whse_C,111400,850.38,2655.66,123
Product_1417,Category_019,Whse_A,110600,531.73,613.97,177
Product_2128,Category_009,Whse_S,110528,310.47,533.84,293
Product_1387,Category_019,Whse_S,110300,1750.79,2955.58,60
Product_0894,Category_023,Whse_C,109560,456.5,835.51,204
Product_1848,Category_006,Whse_A,109000,1847.46,1411.94,50
Product_1238,Category_019,Whse_C,108750,2013.89,3150.1,51
Product_1300,Category_019,Whse_J,108600,175.16,346.17,513
Product_0221,Category_007,Whse_S,108424,686.23,832.82,140
Product_1630,Category_019,Whse_A,108400,330.49,638.65,203
Product_2137,Category_009,Whse_S,107837,284.53,366.56,286
Product_0871,Category_023,Whse_C,107550,1581.62,1660.92,58
Product_1884,Category_007,Whse_J,107000,266.17,700.2,318
Product_1258,Category_019,Whse_J,106100,368.4,403.13,253
Product_0174,Category_021,Whse_J,105900,225.8,284.64,386
Product_1386,Category_019,Whse_J,105750,961.36,1262.64,92
Product_1424,Category_019,Whse_J,105600,273.58,249.83,323
Product_1314,Category_019,Whse_S,105500,1574.63,1244.79,60
Product_1223,Category_019,Whse_J,105200,626.19,1038.96,157
Product_0589,Category_032,Whse_S,105030,547.03,814.28,164
Product_0901,Category_023,Whse_J,104950,96.02,87.08,578
Product_1607,Category_030,Whse_S,104000,1857.14,1611.65,51
Product_2082,Category_009,Whse_A,103193,315.57,636.77,258
Product_1494,Category_019,Whse_J,102700,477.67,483.33,178
Product_0217,Category_007,Whse_J,102154,207.21,358.87,377
Product_1077,Category_020,Whse_S,101669,884.08,1252.61,107
Product_1313,Category_019,Whse_J,101300,434.76,1035.51,200
Product_1213,Category_019,Whse_S,101200,945.79,1123.78,95
Product_1013,Category_005,Whse_J,101000,5941.18,4924.06,10
Product_0885,Category_023,Whse_C,101000,1507.46,1563.73,55
Product_0654,Category_011,Whse_J,100843,52.5,162.22,932
Product_0217,Category_007,Whse_S,100537,708.01,832.48,124
Product_0034,Category_005,Whse_S,100200,1032.99,840.85,89
Product_1638,Category_019,Whse_J,99050,218.17,358.86,396
Product_1102,Category_004,Whse_S,99046,301.05,298.08,229
Product_0964,Category_005,Whse_J,98900,308.1,755.06,262
Product_2133,Category_009,Whse_S,98838,362.04,705.35,210
Product_1563,Category_019,Whse_A,98500,261.27,802.61,248
Product_1542,Category_019,Whse_C,98000,3266.67,2116.17,18
Product_1609,Category_030,Whse_S,98000,1781.82,1410.16,50
Product_1392,Category_019,Whse_S,97600,1774.55,2015.97,48
Product_1478,Category_019,Whse_S,97500,1772.73,3242.28,51
Product_1301,Category_019,Whse_J,97400,256.32,283.84,323
Product_1557,Category_019,Whse_J,97300,861.06,1033.93,104
Product_0003,Category_005,Whse_J,97300,380.08,412.97,222
Product_0091,Category_019,Whse_A,97200,1200.0,2556.25,71
Product_1204,Category_019,Whse_J,97000,1865.38,929.45,49
Product_1229,Category_019,Whse_J,96900,504.69,798.77,167
Product_0188,Category_007,Whse_J,96726,246.12,545.1,326
Product_2111,Category_009,Whse_A,96374,398.24,846.23,212
Product_0178,Category_007,Whse_S,96191,882.49,928.85,100
Product_0211,Category_007,Whse_S,95839,550.8,1133.42,153
Product_1842,Category_006,Whse_J,95000,5588.24,4465.97,12
Product_0551,Category_030,Whse_S,95000,1130.95,875.09,73
Product_1738,Category_030,Whse_S,95000,1727.27,1208.83,55
Product_1072,Category_020,Whse_S,93021,537.69,699.11,135
Product_1649,Category_019,Whse_J,93000,911.76,474.14,92
Product_1434,Category_019,Whse_A,93000,726.56,1141.31,98
Product_0248,Category_007,Whse_J,91961,83.6,185.41,702
Product_0957,Category_005,Whse_J,91900,264.84,278.06,288
Product_1564,Category_019,Whse_J,91300,780.34,611.42,102
Product_0088,Category_019,Whse_J,90900,631.25,654.78,111
Product_0561,Category_030,Whse_C,90800,1278.87,1206.99,60
Product_1643,Category_019,Whse_J,90500,424.88,657.32,193
Product_0284,Category_021,Whse_J,90390,127.13,299.61,509
Product_0250,Category_007,Whse_C,88871,1234.32,2887.52,58
Product_0409,Category_019,Whse_J,88836,25.25,63.15,1087
Product_1420,Category_019,Whse_J,88700,258.6,253.47,304
Product_1561,Category_019,Whse_J,88500,1264.29,1435.12,59
Product_0685,Category_011,Whse_S,88440,660.0,744.1,123
Product_0999,Category_028,Whse_A,87950,1832.29,2174.97,35
Product_2139,Category_009,Whse_S,87427,261.76,396.88,267
Product_0426,Category_019,Whse_A,87150,799.54,1211.28,88
Product_1449,Category_019,Whse_J,87000,1380.95,1069.04,54
Product_2000,Category_005,Whse_J,86400,352.65,439.13,210
Product_0949,Category_005,Whse_C,86200,1795.83,1551.66,28
Product_1500,Category_019,Whse_J,85900,565.13,705.65,134
Product_0204,Category_007,Whse_C,85684,516.17,786.93,138
Product_1733,Category_030,Whse_C,85500,1171.23,1149.33,69
Product_0010,Category_005,Whse_J,85500,272.29,277.42,270
Product_1231,Category_019,Whse_J,85300,804.72,1614.6,97
Product_1491,Category_019,Whse_J,85200,375.33,319.44,179
Product_1989,Category_005,Whse_S,85000,1268.66,664.74,63
Product_0158,Category_021,Whse_S,84980,297.13,379.65,224
Product_0514,Category_022,Whse_S,83484,252.98,381.01,257
Product_2142,Category_009,Whse_S,82721,372.62,668.31,197
Product_1984,Category_005,Whse_J,82600,301.46,627.51,243
Product_1425,Category_019,Whse_A,82500,743.24,1351.94,107
Product_1201,Category_019,Whse_J,82100,304.07,321.39,240
Product_0230,Category_007,Whse_A,82089,328.36,701.51,213
Product_1504,Category_019,Whse_J,82000,453.04,493.57,170
Product_0557,Category_030,Whse_C,82000,2484.85,3449.38,31
Product_2021,Category_005,Whse_J,81300,201.24,178.42,328
Product_0147,Category_005,Whse_C,81000,1528.3,952.81,48
Product_1884,Category_007,Whse_S,80900,3111.54,5852.0,23
Product_0249,Category_007,Whse_C,80649,347.62,802.78,204
Product_1019,Category_007,Whse_J,80060,11437.14,30145.2,6
Product_0383,Category_030,Whse_J,79900,253.65,230.78,254
Product_0359,Category_005,Whse_J,79800,2418.18,1764.53,29
Product_0563,Category_030,Whse_S,79300,1344.07,1546.44,52
Product_0916,Category_023,Whse_S,79300,817.53,1029.87,86
Product_1724,Category_003,Whse_A,78732,90.81,160.61,618
Product_1283,Category_019,Whse_J,78500,464.5,360.78,151
Product_0308,Category_024,Whse_J,78241,64.77,185.77,716
Product_0187,Category_007,Whse_J,77726,254.84,408.06,256
Product_1006,Category_006,Whse_A,77300,633.61,911.23,109
Product_2143,Category_009,Whse_S,76630,245.61,345.26,260
Product_2148,Category_011,Whse_J,76600,475.78,520.43,150
Product_0914,Category_023,Whse_S,76400,574.44,798.22,121
Product_1531,Category_019,Whse_J,76125,259.81,432.62,242
Product_1127,Category_030,Whse_S,76000,1727.27,1107.35,44
Product_1993,Category_005,Whse_J,75300,330.26,370.27,199
Product_0154,Category_021,Whse_S,74566,454.67,486.68,134
Product_0027,Category_005,Whse_J,74400,210.76,251.67,286
Product_0559,Category_030,Whse_C,74000,2114.29,5068.77,31
Product_0192,Category_007,Whse_C,73706,526.47,824.77,127
Product_0140,Category_007,Whse_J,73585,102.34,211.34,510
Product_1848,Category_006,Whse_J,73000,1303.57,892.79,49
Product_1203,Category_019,Whse_J,73000,349.28,287.08,197
Product_1401,Category_019,Whse_C,72900,1375.47,1166.83,44
Product_0288,Category_021,Whse_J,72480,183.03,266.04,320
Product_1612,Category_005,Whse_S,72300,1314.55,1667.49,52
Product_0968,Category_028,Whse_J,72150,450.94,472.63,139
Product_0431,Category_011,Whse_J,71900,277.61,447.86,230
Product_2135,Category_009,Whse_S,71777,290.6,525.69,205
Product_1291,Category_019,Whse_A,71775,150.47,598.42,284
Product_0061,Category_019,Whse_J,71400,513.67,531.77,114
Product_1079,Category_020,Whse_S,71102,756.4,929.31,91
Product_0208,Category_007,Whse_S,71037,415.42,989.16,142
Product_0399,Category_030,Whse_J,70700,234.88,230.39,263
Product_1032,Category_028,Whse_J,70500,275.39,238.09,215
Product_0111,Category_032,Whse_S,70494,176.68,531.97,330
Product_0110,Category_032,Whse_J,70482,150.93,150.33,357
Product_0228,Category_007,Whse_J,70449,109.22,688.07,476
Product_1536,Category_019,Whse_J,70200,480.82,870.38,131
Product_2136,Category_009,Whse_S,70035,284.7,421.75,208
Product_1269,Category_019,Whse_S,70000,1590.91,972.13,43
Product_1052,Category_032,Whse_S,69954,1271.89,2836.05,51
Product_0923,Category_023,Whse_S,69900,699.0,942.22,91
Product_0410,Category_019,Whse_J,69668,21.44,53.42,1095
Product_0648,Category_005,Whse_J,69400,394.32,358.04,158
Product_0153,Category_021,Whse_S,69197,490.76,548.41,124
Product_1795,Category_005,Whse_J,69100,252.19,237.38,235
Product_1444,Category_019,Whse_A,69000,831.33,1217.95,66
Product_0196,Category_007,Whse_J,68771,200.5,316.01,285
Product_1994,Category_019,Whse_J,68400,296.1,504.18,200
Product_1565,Category_019,Whse_J,68000,303.57,306.05,192
Product_1790,Category_006,Whse_J,68000,1416.67,820.83,45
Product_0117,Category_032,Whse_S,67662,213.44,370.27,269
Product_1499,Category_019,Whse_A,67450,366.58,452.63,155
Product_0921,Category_023,Whse_S,66900,760.23,1606.56,83
Product_1310,Category_019,Whse_J,66800,250.19,295.12,241
Product_1579,Category_019,Whse_J,66500,936.62,201.42,65
Product_1029,Category_028,Whse_J,66300,625.47,1095.97,91
Product_0043,Category_005,Whse_J,66200,275.83,308.86,211
Product_0190,Category_007,Whse_A,65730,136.65,198.4,376
Product_1017,Category_007,Whse_A,65050,378.2,417.43,149
Product_1604,Category_030,Whse_S,64000,955.22,497.96,67
Product_0120,Category_021,Whse_A,63520,175.47,339.19,303
Product_1001,Category_028,Whse_J,63200,392.55,623.35,140
Product_0181,Category_007,Whse_J,62690,188.83,318.81,267
Product_1026,Category_028,Whse_J,62600,428.77,608.95,128
Product_1903,Category_019,Whse_J,62200,668.82,408.6,86
Product_1012,Category_005,Whse_J,62100,350.85,791.58,162
Product_1066,Category_020,Whse_S,61994,416.07,615.52,128
Product_0287,Category_021,Whse_A,61830,145.48,224.87,359
Product_2013,Category_005,Whse_J,61600,228.15,180.73,232
Product_1011,Category_005,Whse_J,61600,236.02,247.46,229
Product_1014,Category_005,Whse_J,61400,346.89,396.44,162
Product_1847,Category_024,Whse_C,61300,515.13,465.53,113
Product_0658,Category_011,Whse_C,61009,401.38,471.51,125
Product_1406,Category_019,Whse_J,61000,1452.38,889.02,41
Product_0833,Category_019,Whse_J,60800,382.39,356.23,144
Product_1039,Category_005,Whse_J,60600,336.67,509.23,154
Product_1730,Category_005,Whse_J,60400,649.46,1137.47,84
Product_1534,Category_019,Whse_J,60000,434.78,545.94,125
Product_0067,Category_019,Whse_J,60000,1016.95,130.19,58
Product_1847,Category_024,Whse_A,59900,311.98,411.12,173
Product_0204,Category_007,Whse_A,59752,135.19,202.31,354
Product_0993,Category_028,Whse_J,59700,191.35,497.47,270
Product_2128,Category_009,Whse_A,59559,111.95,194.07,417
Product_1064,Category_020,Whse_S,59533,708.73,833.13,77
Product_2021,Category_005,Whse_S,59000,1311.11,1507.89,44
Product_1537,Category_019,Whse_J,58900,589.0,476.92,87
Product_0994,Category_028,Whse_J,58700,294.97,665.79,182
Product_0924,Category_023,Whse_S,58300,368.99,369.7,136
Product_2144,Category_009,Whse_S,58182,202.02,334.53,250
Product_1591,Category_030,Whse_S,58000,1183.67,441.28,45
Product_2082,Category_009,Whse_S,57954,369.13,554.69,137
Product_1065,Category_020,Whse_S,57910,386.07,580.73,119
Product_1364,Category_019,Whse_J,57800,602.08,779.88,85
Product_1544,Category_019,Whse_A,57750,671.51,666.64,75
Product_1387,Category_019,Whse_C,57400,940.98,949.63,54
Product_0185,Category_007,Whse_J,57182,171.2,309.32,278
Product_0252,Category_007,Whse_J,56971,276.56,997.77,181
Product_1640,Category_019,Whse_J,56900,310.93,229.65,168
Product_1045,Category_007,Whse_J,56600,124.12,80.31,391
Product_0250,Category_007,Whse_S,56306,385.66,610.32,133
Product_2001,Category_005,Whse_S,56300,461.48,1355.4,110
Product_2138,Category_009,Whse_A,56184,93.8,167.99,459
Product_1719,Category_003,Whse_S,56019,178.97,225.5,247
Product_1791,Category_006,Whse_J,56000,1142.86,612.37,44
Product_0097,Category_019,Whse_J,55800,797.14,1174.73,55
Product_1293,Category_019,Whse_A,55700,121.09,282.6,289
Product_1426,Category_019,Whse_J,55700,314.69,313.54,148
Product_1538,Category_019,Whse_J,55300,208.68,364.5,215
Product_1212,Category_019,Whse_J,55300,279.29,239.13,176
Product_1068,Category_020,Whse_S,55114,316.75,443.46,142
Product_0635,Category_007,Whse_A,55100,765.28,1113.19,58
Product_0879,Category_023,Whse_C,55050,478.7,518.49,97
Product_1888,Category_007,Whse_J,54700,675.31,1300.24,67
Product_0250,Category_007,Whse_J,54365,111.18,340.45,381
Product_0223,Category_007,Whse_J,54077,170.59,621.95,269
Product_1252,Category_019,Whse_J,53500,417.97,527.87,115
Product_1605,Category_030,Whse_S,53500,1114.58,1073.07,46
Product_0200,Category_007,Whse_J,53495,644.52,4414.39,79
Product_1255,Category_019,Whse_J,53100,371.33,535.45,126
Product_1506,Category_019,Whse_J,52750,561.17,351.05,88
Product_0423,Category_019,Whse_A,52700,566.67,1326.43,61
Product_0301,Category_015,Whse_S,52627,584.74,921.6,85
Product_0920,Category_023,Whse_S,52250,502.4,696.33,95
Product_1189,Category_019,Whse_J,52200,470.27,343.4,104
Product_1107,Category_006,Whse_A,52200,474.55,595.46,103
Product_1830,Category_006,Whse_J,52000,1333.33,1438.81,39
Product_1610,Category_030,Whse_C,52000,1529.41,825.18,27
Product_0184,Category_007,Whse_J,51786,182.99,355.92,235
Product_0224,Category_007,Whse_J,51659,134.53,382.57,319
Product_0036,Category_005,Whse_C,51500,990.38,573.01,42
Product_0583,Category_032,Whse_J,51222,168.49,144.17,237
Product_0835,Category_019,Whse_J,51200,616.87,1011.74,72
Product_1539,Category_019,Whse_J,51050,261.79,348.51,153
Product_0207,Category_007,Whse_A,50500,548.91,776.51,82
Product_0344,Category_021,Whse_J,50418,86.78,166.27,432
Product_0028,Category_005,Whse_J,50350,179.82,189.21,238
Product_1636,Category_019,Whse_A,49900,145.06,225.69,225
Product_0221,Category_007,Whse_J,49474,109.46,301.99,349
Product_0982,Category_028,Whse_J,49450,933.02,2156.52,47
Product_1140,Category_009,Whse_J,49325,161.72,221.62,257
Product_0349,Category_021,Whse_S,49183,55.76,82.7,590
Product_1990,Category_005,Whse_J,49000,1531.25,802.59,30
Product_2072,Category_009,Whse_A,48174,177.76,277.03,208
Product_1071,Category_020,Whse_S,48132,367.42,740.72,102
Product_0046,Category_005,Whse_J,48100,367.18,417.95,119
Product_2089,Category_009,Whse_S,47733,384.94,571.89,109
Product_0397,Category_030,Whse_J,47600,178.95,143.83,232
Product_1022,Category_005,Whse_J,47500,616.88,569.95,69
Product_0978,Category_028,Whse_J,47450,354.1,448.14,119
Product_1630,Category_019,Whse_J,47100,290.74,265.12,147
Product_0009,Category_005,Whse_J,47000,238.58,227.08,169
Product_0562,Category_030,Whse_C,46800,780.0,791.01,52
Product_0971,Category_028,Whse_J,46625,261.94,251.96,154
Product_0599,Category_017,Whse_A,46593,306.53,532.45,132
Product_0228,Category_007,Whse_S,45953,675.78,778.51,57
Product_0297,Category_015,Whse_J,45631,110.49,351.47,332
Product_1969,Category_005,Whse_S,45600,501.1,487.51,84
Product_2076,Category_009,Whse_A,45501,165.46,259.39,212
Product_0889,Category_023,Whse_C,45210,610.95,709.31,62
Product_1569,Category_019,Whse_J,45100,247.8,185.59,170
Product_2016,Category_005,Whse_J,45000,1406.25,756.02,28
Product_0286,Category_021,Whse_J,44710,93.73,178.14,386
Product_0689,Category_011,Whse_J,44450,245.58,335.77,159
Product_0301,Category_015,Whse_J,44030,74.38,142.02,435
Product_0555,Category_030,Whse_C,44000,1073.17,1429.86,39
Product_1417,Category_019,Whse_J,43900,219.5,191.97,187
Product_0649,Category_005,Whse_J,43600,531.71,462.11,76
Product_1747,Category_030,Whse_S,43600,908.33,1880.23,45
Product_0767,Category_001,Whse_J,43500,53.9,104.51,577
Product_2114,Category_009,Whse_A,43321,218.79,431.41,173
Product_1312,Category_019,Whse_S,43200,520.48,747.48,73
Product_1669,Category_026,Whse_A,43146,27.38,40.68,878
Product_0593,Category_032,Whse_S,43134,334.37,398.09,108
Product_0603,Category_001,Whse_J,43000,196.35,118.81,199
Product_0378,Category_030,Whse_J,42900,284.11,258.74,134
Product_1576,Category_019,Whse_J,42800,1380.65,1791.35,28
Product_1043,Category_007,Whse_J,42800,125.15,75.89,312
Product_1562,Category_019,Whse_J,42750,241.53,219.47,148
Product_2114,Category_009,Whse_J,42001,392.53,1663.35,99
Product_0045,Category_005,Whse_J,42000,646.15,668.97,51
Product_0208,Category_007,Whse_C,41977,441.86,605.1,78
Product_0056,Category_019,Whse_J,41900,391.59,458.28,92
Product_1887,Category_007,Whse_J,41800,163.92,246.46,191
Product_0469,Category_005,Whse_J,41700,330.95,431.09,114
Product_1040,Category_005,Whse_J,41600,286.9,241.02,134
Product_0939,Category_005,Whse_J,41600,335.48,497.34,111
Product_0512,Category_022,Whse_S,41568,166.94,269.12,217
Product_0987,Category_028,Whse_J,41500,441.49,1543.4,88
Product_1827,Category_006,Whse_J,41500,715.52,459.9,54
Product_0976,Category_028,Whse_A,41400,285.52,394.97,124
Product_0110,Category_032,Whse_S,41172,169.43,595.61,212
Product_0358,Category_005,Whse_J,41000,1171.43,382.39,35
Product_1847,Category_024,Whse_J,40300,276.03,394.15,134
Product_0225,Category_007,Whse_S,40268,437.7,1313.67,81
Product_0380,Category_030,Whse_J,40000,307.69,375.95,124
Product_0511,Category_022,Whse_S,39750,451.7,952.27,79
Product_0220,Category_007,Whse_J,39650,144.71,307.37,223
Product_1260,Category_019,Whse_J,39500,294.78,348.43,121
Product_2003,Category_019,Whse_C,39400,382.52,429.87,91
Product_0288,Category_021,Whse_A,39390,95.14,127.04,341
Product_0905,Category_023,Whse_C,39350,409.9,502.81,86
Product_2141,Category_009,Whse_S,39102,165.69,242.14,203
Product_0897,Category_023,Whse_S,38950,763.73,1033.25,39
Product_0200,Category_007,Whse_C,38804,235.18,838.54,152
Product_0650,Category_022,Whse_A,38664,237.2,317.79,144
Product_2022,Category_005,Whse_S,38550,917.86,1160.38,41
Product_2123,Category_009,Whse_A,38302,116.07,234.02,296
Product_1599,Category_030,Whse_C,38300,313.93,301.32,109
Product_0212,Category_007,Whse_A,38300,348.18,404.73,91
Product_0620,Category_001,Whse_J,37846,4.48,9.42,1217
Product_1261,Category_019,Whse_J,37800,378.0,698.71,93
Product_1251,Category_019,Whse_J,37800,353.27,404.76,96
Product_0276,Category_021,Whse_J,37760,90.99,190.06,336
Product_1070,Category_020,Whse_S,37759,328.34,433.63,77
Product_0646,Category_022,Whse_A,37692,279.2,309.93,125
Product_0684,Category_011,Whse_J,37620,276.62,316.56,119
Product_0907,Category_023,Whse_J,37100,92.98,106.98,285
Product_0891,Category_023,Whse_C,36970,310.67,398.64,102
Product_0619,Category_001,Whse_J,36700,71.4,98.99,408
Product_0886,Category_023,Whse_C,36600,488.0,625.03,62
Product_0908,Category_023,Whse_J,36450,138.07,213.96,217
Product_1705,Category_026,Whse_S,36342,182.62,508.71,164
Product_0226,Category_007,Whse_A,36335,178.11,269.82,172
Product_1425,Category_019,Whse_J,36300,226.88,188.25,150
Product_0636,Category_007,Whse_A,35870,174.98,350.91,187
Product_2053,Category_021,Whse_A,35861,62.04,102.59,434
Product_2154,Category_022,Whse_S,35790,237.02,278.92,135
Product_0030,Category_005,Whse_J,35750,173.54,259.35,178
Product_0404,Category_001,Whse_S,35666,170.65,236.47,180
Product_0892,Category_023,Whse_C,35560,480.54,556.12,63
Product_1625,Category_019,Whse_J,35500,865.85,646.76,37
Product_0476,Category_005,Whse_J,35200,308.77,422.5,106
Product_0112,Category_032,Whse_S,35058,369.03,762.17,89
Product_2153,Category_022,Whse_S,34730,211.77,370.88,146
Product_1979,Category_005,Whse_J,34700,246.1,323.05,131
Product_2114,Category_009,Whse_S,34616,417.06,672.26,74
Product_1886,Category_007,Whse_A,34500,209.09,216.91,147
Product_0905,Category_023,Whse_A,34450,144.14,127.71,215
Product_0888,Category_023,Whse_C,34450,478.47,666.23,59
Product_2012,Category_005,Whse_J,34300,234.93,322.83,123
Product_1186,Category_019,Whse_J,34200,150.0,259.36,202
Product_1109,Category_030,Whse_S,34000,894.74,689.28,34
Product_0605,Category_001,Whse_J,33800,228.38,256.36,134
Product_0607,Category_001,Whse_J,33800,65.63,83.97,398
Product_0273,Category_021,Whse_J,33610,68.45,95.33,400
Product_0723,Category_001,Whse_J,33600,44.15,41.04,552
Product_1411,Category_019,Whse_J,33300,231.25,181.47,139
Product_0836,Category_019,Whse_J,33200,425.64,463.03,67
Product_1606,Category_030,Whse_S,33000,1269.23,533.49,22
Product_0739,Category_001,Whse_J,32625,44.94,39.51,536
Product_1996,Category_019,Whse_J,32500,250.0,236.66,118
Product_0333,Category_021,Whse_J,32354,32.07,72.1,642
Product_0400,Category_030,Whse_J,32300,188.89,197.77,159
Product_1477,Category_019,Whse_A,32200,282.46,268.48,104
Product_0193,Category_007,Whse_A,31974,143.38,209.23,198
Product_2089,Category_009,Whse_A,31964,144.63,276.13,183
Product_1428,Category_019,Whse_J,31800,274.14,266.42,107
Product_1197,Category_019,Whse_J,31700,290.83,273.03,96
Product_0476,Category_005,Whse_S,31600,432.88,703.18,65
Product_1206,Category_019,Whse_J,31500,242.31,229.55,115
Product_2109,Category_009,Whse_A,31456,162.98,335.94,158
Product_0428,Category_019,Whse_A,31400,448.57,735.98,47
Product_0139,Category_007,Whse_J,31364,26.92,63.94,721
Product_1982,Category_005,Whse_J,30800,282.57,244.89,94
Product_1115,Category_007,Whse_J,30770,88.93,180.66,282
Product_0755,Category_001,Whse_J,30700,41.32,33.3,541
Product_1529,Category_019,Whse_J,30700,189.51,177.43,148
Product_0040,Category_011,Whse_J,30600,176.88,167.88,151
Product_0213,Category_007,Whse_A,30433,80.09,126.17,319
Product_0115,Category_032,Whse_J,30408,131.64,116.49,186
Product_0453,Category_015,Whse_C,30399,56.71,91.22,410
Product_0995,Category_028,Whse_J,30300,222.79,841.34,127
Product_0277,Category_021,Whse_J,30250,98.53,206.74,258
Product_1500,Category_019,Whse_A,30200,359.52,421.59,74
Product_1114,Category_007,Whse_J,30190,98.34,171.07,253
Product_2168,Category_024,Whse_J,29790,52.54,108.87,433
Product_0463,Category_015,Whse_S,29406,59.29,92.96,397
Product_1602,Category_030,Whse_C,29300,505.17,546.58,48
Product_1809,Category_007,Whse_J,29200,118.7,82.66,217
Product_0613,Category_001,Whse_J,29182,5.36,9.46,1191
Product_0039,Category_011,Whse_J,28700,199.31,219.18,131
Product_2138,Category_009,Whse_J,28550,84.97,234.83,286
Product_1075,Category_020,Whse_S,28473,287.61,558.83,90
Product_1038,Category_005,Whse_J,28400,265.42,160.84,103
Product_1745,Category_030,Whse_S,28400,645.45,504.61,35
Product_0906,Category_023,Whse_S,28150,1223.91,1174.91,19
Product_0517,Category_022,Whse_S,28070,83.79,141.46,275
Product_2132,Category_009,Whse_J,27708,84.99,168.96,270
Product_0141,Category_007,Whse_J,27640,42.92,68.32,484
Product_2167,Category_024,Whse_S,27593,56.08,87.37,382
Product_0353,Category_021,Whse_S,27532,41.59,77.76,462
Product_0705,Category_001,Whse_J,27500,46.69,55.31,454
Product_0463,Category_015,Whse_C,27420,55.85,65.59,377
Product_0487,Category_013,Whse_S,27388,294.49,462.82,87
Product_1365,Category_019,Whse_J,27200,286.32,163.48,81
Product_0222,Category_007,Whse_J,27101,124.89,808.97,193
Product_1903,Category_019,Whse_S,27100,326.51,426.87,78
Product_0349,Category_021,Whse_A,27065,13.87,22.27,987
Product_0253,Category_007,Whse_J,27020,100.07,256.88,224
Product_1551,Category_019,Whse_J,26800,377.46,348.55,56
Product_0582,Category_032,Whse_J,26688,130.19,101.91,159
Product_0197,Category_007,Whse_J,26617,76.71,153.59,294
Product_0940,Category_005,Whse_C,26600,364.38,441.7,67
Product_1108,Category_030,Whse_S,26500,1060.0,768.11,24
Product_1599,Category_030,Whse_S,26500,519.61,381.59,46
Product_1081,Category_020,Whse_S,26437,508.4,606.9,50
Product_1311,Category_019,Whse_J,26400,272.16,331.9,88
Product_0130,Category_021,Whse_A,26147,65.2,77.2,329
Product_0604,Category_001,Whse_J,26100,197.73,158.94,123
Product_1025,Category_007,Whse_J,25953,10.54,32.67,1009
Product_1412,Category_019,Whse_J,25600,312.2,480.58,75
Product_0209,Category_007,Whse_A,25334,83.06,131.86,262
Product_0348,Category_021,Whse_J,24936,35.12,80.93,500
Product_1028,Category_028,Whse_J,24900,383.08,482.37,58
Product_0969,Category_028,Whse_J,24900,180.43,296.17,120
Product_1033,Category_028,Whse_J,24800,137.78,117.3,168
Product_0144,Category_005,Whse_C,24700,771.88,1068.99,27
Product_1994,Category_019,Whse_S,24700,602.44,1187.75,40
Product_0992,Category_028,Whse_J,24600,270.33,762.27,88
Product_1105,Category_006,Whse_J,24600,396.77,706.17,57
Product_0872,Category_023,Whse_C,24520,275.51,361.24,79
Product_2001,Category_005,Whse_C,24500,295.18,411.39,72
Product_0986,Category_028,Whse_A,24500,214.91,339.7,100
Product_0159,Category_021,Whse_S,24340,133.01,175.95,152
Product_1126,Category_007,Whse_J,24290,152.77,224.42,138
Product_0308,Category_024,Whse_A,24281,31.09,55.16,563
Product_0227,Category_007,Whse_S,24239,341.39,576.24,64
Product_0231,Category_007,Whse_S,24168,350.26,479.06,60
Product_0166,Category_021,Whse_S,24037,304.27,699.95,73
Product_2037,Category_011,Whse_J,23946,17.44,48.99,804
Product_1583,Category_005,Whse_J,23900,206.03,261.2,99
Product_0516,Category_022,Whse_S,23866,52.68,89.03,358
Product_0670,Category_011,Whse_J,23826,29.75,90.16,545
Product_0546,Category_013,Whse_J,23807,33.44,58.45,491
Product_1080,Category_020,Whse_S,23795,417.46,420.65,53
Product_0927,Category_023,Whse_S,23670,234.36,362.7,92
Product_0382,Category_030,Whse_J,23600,243.3,203.05,88
Product_1627,Category_019,Whse_J,23500,235.0,181.12,94
Product_1205,Category_019,Whse_J,23500,247.37,232.4,89
Product_1277,Category_019,Whse_J,23300,230.69,198.36,91
Product_0249,Category_007,Whse_J,23250,46.69,95.57,383
Product_2107,Category_009,Whse_A,23223,205.51,245.06,88
Product_0953,Category_005,Whse_J,23200,257.78,263.5,79
Product_0389,Category_030,Whse_J,23000,158.62,139.24,125
Product_1391,Category_019,Whse_S,22900,322.54,291.89,67
Product_1143,Category_009,Whse_J,22825,139.18,185.62,147
Product_1230,Category_019,Whse_J,22800,183.87,155.33,114
Product_1222,Category_019,Whse_S,22800,690.91,1045.63,32
Product_0304,Category_015,Whse_J,22734,93.56,207.31,208
Product_1037,Category_005,Whse_J,22600,200.0,142.68,101
Product_0049,Category_005,Whse_J,22600,188.33,218.54,112
Product_0983,Category_028,Whse_J,22600,179.37,163.13,110
Product_0911,Category_023,Whse_S,22500,178.57,142.19,110
Product_1476,Category_019,Whse_S,22400,246.15,131.07,83
Product_1796,Category_005,Whse_J,22400,188.24,69.11,110
Product_0005,Category_005,Whse_J,22300,359.68,331.64,52
Product_0547,Category_013,Whse_A,22267,46.68,69.32,402
Product_2131,Category_009,Whse_S,22227,152.24,190.1,124
Product_0463,Category_015,Whse_J,22164,31.75,70.32,510
Product_1137,Category_009,Whse_J,21950,129.88,201.84,151
Product_1675,Category_021,Whse_J,21935,18.59,39.9,698
Product_1891,Category_021,Whse_J,21858,46.61,124.38,360
Product_0042,Category_011,Whse_J,21800,168.99,161.44,117
Product_0311,Category_024,Whse_J,21704,45.5,79.42,350
Product_1559,Category_019,Whse_J,21400,248.84,474.53,69
Product_0186,Category_007,Whse_J,21375,85.84,191.22,210
Product_0175,Category_021,Whse_J,21200,149.3,112.83,128
Product_0199,Category_007,Whse_J,21188,181.09,239.6,104
Product_1672,Category_026,Whse_J,21174,16.05,27.34,785
Product_0361,Category_007,Whse_J,21163,9.66,23.66,976
Product_1090,Category_020,Whse_S,21146,398.98,465.93,50
Product_0003,Category_005,Whse_S,21000,276.32,394.25,68
Product_0304,Category_015,Whse_S,20978,173.37,228.04,105
Product_1586,Category_030,Whse_C,20900,475.0,353.8,38
Product_2023,Category_005,Whse_J,20600,150.36,133.46,123
Product_0226,Category_007,Whse_J,20561,128.51,467.24,148
Product_0229,Category_007,Whse_S,20558,209.78,282.79,86
Product_0283,Category_021,Whse_J,20500,71.43,170.73,242
Product_1497,Category_019,Whse_J,20300,253.75,312.18,72
Product_0839,Category_021,Whse_J,20130,36.87,61.73,421
Product_1050,Category_032,Whse_J,20088,70.48,85.76,246
Product_0162,Category_021,Whse_S,19977,181.61,300.34,94
Product_0495,Category_015,Whse_C,19851,25.22,35.66,528
Product_0588,Category_032,Whse_S,19818,127.04,256.53,137
Product_0727,Category_001,Whse_J,19775,58.51,151.89,272
Product_2167,Category_024,Whse_A,19658,20.29,29.81,671
Product_2111,Category_009,Whse_S,19526,275.01,405.64,63
Product_1978,Category_011,Whse_J,19490,182.15,842.6,91
Product_1074,Category_020,Whse_S,19393,228.15,512.51,82
Product_1719,Category_003,Whse_A,19359,45.44,37.92,349
Product_0880,Category_023,Whse_C,19330,411.28,443.09,37
Product_0925,Category_023,Whse_S,19300,279.71,254.28,64
Product_0293,Category_021,Whse_A,19300,63.28,88.84,251
Product_0627,Category_001,Whse_J,19237,11.34,29.21,898
Product_0514,Category_022,Whse_J,19236,112.49,145.93,144
Product_1558,Category_019,Whse_C,19200,960.0,1257.57,18
Product_0724,Category_001,Whse_J,19175,66.58,84.26,245
Product_1672,Category_026,Whse_S,19174,116.91,239.81,150
Product_1719,Category_003,Whse_J,19033,29.79,60.22,473
Product_1000,Category_028,Whse_J,19000,228.92,315.66,75
Product_1525,Category_019,Whse_S,19000,2111.11,1364.23,8
Product_1423,Category_019,Whse_J,18900,168.75,162.21,101
Product_0335,Category_021,Whse_J,18900,26.92,49.92,511
Product_0210,Category_007,Whse_A,18867,130.12,606.41,127
Product_2136,Category_009,Whse_J,18856,92.43,195.08,179
Product_2087,Category_009,Whse_S,18782,288.95,618.26,58
Product_2124,Category_009,Whse_S,18735,81.81,149.11,189
Product_0486,Category_013,Whse_A,18732,66.66,116.93,233
Product_0176,Category_021,Whse_J,18700,137.5,103.95,124
Product_1041,Category_005,Whse_J,18500,190.72,100.09,90
Product_2082,Category_009,Whse_J,18454,152.51,255.71,99
Product_2026,Category_005,Whse_J,18100,266.18,117.96,57
Product_0768,Category_001,Whse_J,18075,46.83,48.86,312
Product_0182,Category_007,Whse_J,17882,89.41,146.53,169
Product_2081,Category_009,Whse_A,17842,225.85,542.04,65
Product_0333,Category_021,Whse_S,17829,106.76,161.21,146
Product_0534,Category_022,Whse_S,17823,54.67,150.62,269
Product_2129,Category_009,Whse_S,17722,146.46,184.06,104
Product_0111,Category_032,Whse_J,17712,53.84,73.67,274
Product_2030,Category_005,Whse_J,17700,249.3,127.47,57
Product_0177,Category_021,Whse_J,17600,154.39,129.08,105
Product_0489,Category_013,Whse_J,17480,52.97,85.81,281
Product_0791,Category_001,Whse_J,17455,29.79,34.24,442
Product_0121,Category_021,Whse_A,17440,124.57,268.89,122
Product_2089,Category_009,Whse_J,17375,168.69,361.17,94
Product_2055,Category_021,Whse_A,17355,24.04,30.55,549
Product_1187,Category_019,Whse_J,17350,135.55,111.39,114
Product_0273,Category_021,Whse_A,17320,178.56,172.87,88
Product_2172,Category_005,Whse_J,17300,353.06,250.09,46
Product_0512,Category_022,Whse_A,17280,84.29,147.44,186
Product_0189,Category_007,Whse_A,17217,75.51,118.13,186
Product_2144,Category_009,Whse_J,17203,90.07,508.78,172
Product_0131,Category_021,Whse_A,17096,43.84,53.92,328
Product_0281,Category_021,Whse_J,17090,59.13,100.9,248
Product_0790,Category_001,Whse_J,17070,13.8,22.49,745
Product_1076,Category_020,Whse_S,17006,141.72,206.92,108
Product_0205,Category_007,Whse_A,16886,113.33,213.56,130
Product_0664,Category_011,Whse_S,16884,57.43,146.31,244
Product_0875,Category_023,Whse_C,16775,364.67,787.53,39
Product_0743,Category_001,Whse_J,16725,49.63,68.83,294
Product_0321,Category_024,Whse_S,16700,835.0,1354.24,18
Product_1726,Category_003,Whse_A,16578,71.77,80.28,165
Product_2168,Category_024,Whse_S,16576,105.58,81.17,113
Product_0280,Category_021,Whse_J,16550,43.78,60.18,315
Product_0660,Category_011,Whse_J,16535,29.11,58.95,422
Product_0590,Category_032,Whse_J,16416,137.95,73.63,87
Product_0469,Category_005,Whse_C,16400,328.0,322.64,43
Product_1046,Category_007,Whse_J,16200,137.29,235.99,111
Product_0746,Category_001,Whse_J,16150,82.82,89.56,175
Product_0893,Category_023,Whse_C,16060,162.22,319.56,84
Product_1188,Category_019,Whse_J,16000,271.19,212.58,50
Product_0229,Category_007,Whse_C,15999,470.56,731.74,32
Product_0792,Category_001,Whse_J,15990,22.62,32.29,519
Product_0756,Category_001,Whse_J,15950,40.59,33.13,338
Product_0140,Category_007,Whse_A,15931,109.87,180.52,127
Product_0834,Category_019,Whse_J,15900,311.76,276.15,42
Product_1462,Category_019,Whse_J,15850,317.0,430.78,48
Product_2150,Category_005,Whse_J,15800,493.75,621.1,27
Product_0076,Category_019,Whse_J,15800,303.85,204.81,41
Product_0779,Category_001,Whse_J,15790,14.84,35.16,704
Product_0676,Category_011,Whse_J,15710,234.48,507.49,62
Product_1986,Category_005,Whse_C,15700,334.04,449.29,38
Product_0926,Category_023,Whse_S,15600,202.6,233.52,67
Product_0840,Category_021,Whse_J,15515,47.3,114.02,278
Product_1042,Category_005,Whse_J,15500,166.67,123.65,91
Product_1728,Category_003,Whse_S,15466,171.84,266.61,77
Product_0523,Category_022,Whse_S,15450,147.14,196.35,91
Product_1292,Category_019,Whse_J,15325,120.67,92.69,104
Product_0118,Category_032,Whse_S,15324,95.78,106.71,145
Product_0868,Category_023,Whse_J,15225,163.71,315.14,90
Product_0608,Category_001,Whse_J,15193,3.64,5.61,1165
Product_0434,Category_032,Whse_S,15138,248.16,368.45,55
Product_0652,Category_011,Whse_J,15110,51.39,51.56,252
Product_2097,Category_009,Whse_S,15090,335.33,484.92,34
Product_1085,Category_016,Whse_S,14802,1233.5,3280.45,11
Product_0386,Category_030,Whse_J,14800,185.0,192.98,75
Product_0475,Category_005,Whse_J,14800,643.48,542.57,19
Product_0168,Category_021,Whse_A,14782,63.44,96.79,207
Product_0439,Category_012,Whse_C,14776,91.21,139.53,131
Product_2108,Category_009,Whse_A,14565,156.61,377.8,79
Product_1498,Category_019,Whse_J,14550,184.18,148.18,68
Product_1035,Category_028,Whse_J,14525,115.28,143.49,116
Product_0322,Category_007,Whse_J,14516,7.97,31.82,826
Product_0522,Category_022,Whse_S,14412,111.72,179.58,116
Product_2144,Category_009,Whse_A,14377,52.28,122.07,243
Product_0105,Category_032,Whse_J,14376,74.1,64.3,171
Product_1670,Category_026,Whse_J,14257,35.12,62.26,309
Product_0769,Category_001,Whse_J,14250,40.37,34.27,310
Product_0130,Category_021,Whse_J,14165,36.04,55.51,310
Product_0683,Category_011,Whse_J,14150,79.49,105.05,158
Product_2018,Category_005,Whse_J,14100,300.0,432.89,43
Product_0463,Category_015,Whse_A,14086,18.44,26.42,557
Product_1051,Category_032,Whse_J,14010,55.82,96.64,221
Product_2009,Category_005,Whse_S,14000,2000.0,1154.7,7
Product_0620,Category_001,Whse_C,13926,27.47,78.05,416
Product_1138,Category_009,Whse_J,13800,98.57,105.16,132
Product_0681,Category_011,Whse_J,13760,105.04,103.76,119
Product_1507,Category_019,Whse_J,13750,625.0,565.63,17
Product_0203,Category_007,Whse_A,13700,263.46,232.66,44
Product_0700,Category_001,Whse_J,13700,34.42,25.94,329
Product_0795,Category_001,Whse_J,13625,26.46,34.85,402
Product_0883,Category_023,Whse_C,13610,206.21,277.95,57
Product_0740,Category_001,Whse_J,13575,49.73,52.31,248
Product_0453,Category_015,Whse_S,13532,44.81,73.02,240
Product_2003,Category_019,Whse_J,13500,190.14,202.95,67
Product_0029,Category_005,Whse_J,13500,108.87,96.7,107
Product_0495,Category_015,Whse_S,13376,22.63,38.45,457
Product_1969,Category_005,Whse_C,13300,532.0,754.28,22
Product_0876,Category_023,Whse_C,13300,218.03,147.49,55
Product_0278,Category_021,Whse_J,13210,61.73,197.92,193
Product_0320,Category_024,Whse_A,13100,256.86,312.57,45
Product_0842,Category_021,Whse_J,13096,37.85,62.95,290
Product_0543,Category_032,Whse_S,13068,116.68,69.33,98
Product_0191,Category_007,Whse_A,13042,69.74,59.2,166
Product_1131,Category_030,Whse_C,13000,433.33,297.5,27
Product_0041,Category_011,Whse_J,13000,166.67,125.53,71
Product_0301,Category_015,Whse_A,12987,55.5,124.26,204
Product_1896,Category_021,Whse_J,12937,26.24,59.77,387
Product_2149,Category_005,Whse_J,12800,984.62,1046.3,12
Product_0713,Category_001,Whse_J,12765,12.76,15.75,676
Product_0904,Category_023,Whse_S,12750,354.17,262.24,31
Product_2126,Category_009,Whse_S,12722,142.94,331.8,78
Product_0757,Category_001,Whse_J,12550,37.24,29.76,288
Product_1659,Category_026,Whse_J,12526,15.96,30.83,526
Product_1044,Category_007,Whse_J,12500,115.74,41.38,102
Product_0966,Category_006,Whse_S,12400,71.68,89.66,146
Product_0458,Category_015,Whse_C,12284,34.31,62.21,284
Product_1718,Category_003,Whse_J,12228,35.75,71.31,274
Product_0412,Category_007,Whse_C,12222,71.06,84.42,150
Product_0300,Category_015,Whse_A,12210,69.77,106.21,144
Product_0254,Category_007,Whse_J,12082,143.83,158.41,74
Product_2054,Category_021,Whse_A,12067,36.02,54.71,273
Product_1544,Category_019,Whse_J,12050,138.51,184.41,70
Product_0843,Category_021,Whse_J,12035,32.35,50.26,310
Product_0672,Category_011,Whse_J,11993,10.64,22.26,708
Product_0532,Category_022,Whse_S,11886,276.42,324.88,40
Product_0092,Category_019,Whse_J,11850,329.17,261.69,27
Product_1052,Category_032,Whse_J,11808,42.32,124.03,242
Product_0140,Category_007,Whse_S,11797,262.16,340.35,38
Product_0600,Category_001,Whse_J,11700,92.86,114.84,115
Product_1142,Category_009,Whse_J,11675,94.15,141.53,114
Product_2020,Category_005,Whse_J,11625,79.08,95.45,134
Product_0370,Category_030,Whse_J,11600,165.71,86.62,57
Product_2142,Category_009,Whse_J,11592,74.79,183.81,140
Product_0435,Category_032,Whse_S,11562,156.24,295.73,67
Product_2024,Category_005,Whse_J,11550,94.67,138.63,116
Product_2145,Category_009,Whse_S,11474,78.59,142.35,129
Product_0900,Category_023,Whse_J,11450,154.73,222.71,62
Product_0678,Category_011,Whse_J,11400,123.91,152.26,79
Product_1139,Category_009,Whse_J,11400,89.76,90.82,118
Product_0246,Category_007,Whse_A,11340,171.82,333.84,59
Product_1891,Category_021,Whse_S,11339,38.31,55.64,251
Product_0377,Category_030,Whse_J,11300,152.7,79.77,69
Product_0282,Category_021,Whse_J,11280,43.72,84.19,232
Product_0150,Category_015,Whse_S,11250,21.03,30.46,419
Product_0313,Category_015,Whse_J,11221,48.16,97.58,192
Product_0274,Category_021,Whse_A,11190,127.16,160.74,69
Product_1716,Category_026,Whse_A,11188,73.61,171.49,138
Product_2136,Category_009,Whse_A,11157,74.38,161.97,136
Product_0770,Category_001,Whse_J,11050,46.04,31.93,200
Product_1125,Category_007,Whse_J,11042,61.69,98.65,158
Product_1672,Category_026,Whse_A,10979,19.54,25.6,439
Product_0515,Category_022,Whse_S,10975,98.87,195.84,93
Product_0317,Category_011,Whse_J,10950,35.21,59.4,256
Product_1087,Category_020,Whse_S,10931,52.81,83.56,147
Product_2081,Category_009,Whse_S,10926,195.11,286.23,52
Product_0453,Category_015,Whse_J,10926,24.83,45.01,351
Product_0255,Category_007,Whse_J,10924,66.61,111.12,148
Product_0899,Category_023,Whse_A,10906,287.0,315.8,24
Product_0116,Category_032,Whse_C,10902,121.13,164.77,86
Product_1680,Category_021,Whse_J,10815,9.52,20.36,738
Product_0847,Category_021,Whse_J,10812,37.94,59.59,245
Product_1890,Category_007,Whse_J,10800,251.16,306.57,35
Product_0231,Category_007,Whse_A,10722,124.67,150.92,76
Product_1958,Category_029,Whse_A,10720,60.56,42.02,161
Product_0261,Category_001,Whse_S,10714,33.69,50.97,258
Product_0353,Category_021,Whse_A,10643,16.84,40.9,474
Product_0610,Category_001,Whse_C,10612,72.19,98.97,135
Product_1592,Category_030,Whse_C,10600,153.62,93.27,63
Product_0910,Category_023,Whse_S,10600,143.24,103.81,65
Product_1517,Category_019,Whse_J,10600,220.83,159.73,37
Product_2166,Category_024,Whse_J,10569,28.34,55.52,306
Product_0294,Category_015,Whse_J,10506,33.78,48.63,242
Product_1089,Category_020,Whse_S,10470,42.39,56.12,183
Product_0622,Category_001,Whse_C,10465,59.8,77.65,156
Product_0208,Category_007,Whse_A,10462,65.39,99.61,141
Product_0774,Category_001,Whse_J,10350,49.29,51.58,188
Product_1611,Category_005,Whse_J,10300,132.05,115.65,73
Product_0566,Category_012,Whse_S,10257,227.93,376.59,40
Product_1656,Category_026,Whse_J,10233,26.37,47.58,321
Product_1082,Category_020,Whse_S,10118,93.69,136.93,97
Product_1597,Category_030,Whse_C,10100,187.04,156.67,47
Product_0304,Category_015,Whse_A,10061,45.52,75.61,187
Product_0345,Category_021,Whse_J,10038,30.05,45.0,272
Product_1122,Category_007,Whse_J,9992,36.74,56.68,237
Product_0229,Category_007,Whse_J,9956,150.85,751.23,61
Product_0773,Category_001,Whse_J,9900,43.81,49.5,196
Product_0117,Category_032,Whse_J,9894,30.07,45.7,284
Product_0679,Category_011,Whse_J,9820,76.12,107.79,110
Product_0486,Category_013,Whse_J,9734,74.31,151.17,118
Product_0218,Category_007,Whse_J,9671,44.77,91.47,188
Product_2083,Category_009,Whse_A,9650,116.27,184.5,71
Product_2140,Category_009,Whse_J,9646,94.57,205.89,92
Product_2088,Category_009,Whse_A,9598,177.74,441.11,49
Product_1180,Category_003,Whse_A,9576,41.28,35.29,187
Product_2169,Category_024,Whse_C,9554,51.37,67.45,167
Product_0588,Category_032,Whse_J,9552,80.27,59.45,102
Product_2083,Category_009,Whse_S,9498,211.07,500.86,40
Product_2111,Category_009,Whse_J,9450,118.12,319.83,77
Product_1661,Category_026,Whse_J,9422,13.31,23.83,481
Product_0780,Category_001,Whse_J,9395,24.92,45.27,315
Product_0524,Category_022,Whse_S,9328,37.46,54.93,215
Product_1986,Category_005,Whse_S,9300,172.22,152.24,49
Product_0686,Category_011,Whse_J,9280,103.11,113.14,77
Product_0762,Category_001,Whse_J,9275,45.02,48.48,185
Product_0729,Category_001,Whse_J,9275,44.59,56.23,178
Product_0227,Category_007,Whse_J,9246,107.51,322.11,75
Product_1822,Category_018,Whse_A,9180,10.48,11.18,625
Product_2052,Category_021,Whse_A,9172,61.56,127.97,142
Product_0131,Category_021,Whse_S,9105,98.97,122.2,83
Product_2110,Category_009,Whse_A,9086,89.08,107.25,93
Product_0890,Category_023,Whse_C,9050,137.12,148.88,61
Product_0608,Category_001,Whse_C,9016,24.98,47.5,293
Product_1966,Category_005,Whse_S,8900,296.67,410.62,30
Product_0695,Category_001,Whse_J,8850,45.15,72.56,178
Product_2090,Category_009,Whse_S,8848,268.12,501.53,30
Product_1887,Category_007,Whse_S,8800,400.0,347.78,19
Product_2146,Category_009,Whse_S,8717,66.04,79.4,115
Product_0249,Category_007,Whse_A,8688,36.97,45.55,198
Product_0725,Category_001,Whse_J,8675,41.91,27.39,185
Product_0759,Category_001,Whse_J,8675,58.22,71.74,127
Product_1822,Category_018,Whse_S,8659,21.81,32.55,327
Product_0988,Category_028,Whse_J,8650,154.46,161.89,48
Product_1056,Category_032,Whse_J,8634,44.28,51.57,177
Product_0503,Category_015,Whse_J,8612,15.35,28.12,430
Product_0468,Category_005,Whse_J,8600,102.38,15.34,78
Product_2169,Category_024,Whse_S,8535,45.89,77.89,151
Product_0730,Category_001,Whse_J,8525,52.62,45.41,149
Product_1957,Category_029,Whse_A,8520,40.77,37.2,188
Product_0375,Category_030,Whse_J,8450,114.19,228.38,69
Product_1613,Category_005,Whse_J,8300,224.32,121.12,33
Product_2056,Category_021,Whse_A,8245,18.12,30.52,354
Product_2127,Category_009,Whse_S,8222,73.41,151.36,97
Product_2075,Category_009,Whse_A,8211,114.04,238.55,60
Product_2106,Category_009,Whse_J,8167,58.76,164.65,116
Product_2090,Category_009,Whse_A,8147,99.35,146.23,69
Product_0917,Category_023,Whse_S,8080,98.54,125.59,76
Product_0493,Category_015,Whse_J,7976,35.93,356.62,191
Product_0586,Category_032,Whse_S,7938,55.12,99.55,133
Product_0180,Category_007,Whse_J,7911,51.37,113.14,133
Product_2071,Category_009,Whse_A,7887,73.03,111.27,92
Product_2158,Category_022,Whse_S,7869,39.74,70.4,177
Product_0104,Category_032,Whse_J,7848,38.85,45.28,186
Product_2134,Category_009,Whse_J,7837,99.2,188.44,72
Product_0548,Category_013,Whse_J,7804,24.39,31.15,280
Product_2087,Category_009,Whse_A,7705,65.3,138.31,96
Product_1192,Category_019,Whse_J,7700,226.47,105.34,30
Product_0653,Category_011,Whse_J,7660,52.83,50.27,133
Product_0761,Category_001,Whse_J,7625,35.8,24.54,188
Product_0006,Category_005,Whse_J,7600,211.11,108.96,33
Product_0903,Category_023,Whse_J,7600,75.25,53.68,87
Product_0687,Category_011,Whse_J,7570,120.16,217.41,54
Product_0796,Category_001,Whse_J,7570,13.54,17.61,430
Product_0913,Category_023,Whse_S,7550,85.8,82.49,77
Product_2093,Category_009,Whse_S,7507,159.72,228.13,42
Product_0429,Category_005,Whse_J,7500,208.33,99.64,30
Product_0458,Category_015,Whse_S,7379,30.12,49.13,209
Product_0443,Category_015,Whse_S,7365,54.96,90.65,122
Product_1057,Category_032,Whse_J,7356,47.46,55.33,139
Product_0132,Category_021,Whse_A,7349,62.81,105.72,107
Product_0951,Category_018,Whse_A,7335,15.25,17.86,417
Product_2112,Category_009,Whse_A,7286,69.39,197.54,88
Product_0745,Category_001,Whse_J,7250,36.07,29.98,176
Product_0631,Category_001,Whse_J,7227,4.6,5.64,890
Product_0781,Category_001,Whse_J,7135,13.69,19.04,409
Product_0316,Category_011,Whse_J,7112,39.96,62.1,160
Product_0118,Category_032,Whse_J,7110,35.37,30.06,180
Product_0289,Category_024,Whse_J,7082,16.36,31.84,334
Product_0285,Category_021,Whse_J,7080,61.03,111.37,100
Product_2130,Category_009,Whse_A,7064,53.92,87.95,120
Product_0337,Category_021,Whse_J,7063,12.48,23.15,423
Product_0459,Category_015,Whse_J,7062,24.02,66.98,241
Product_2166,Category_024,Whse_S,7055,23.28,43.23,255
Product_0533,Category_022,Whse_S,7050,39.17,74.08,160
Product_0741,Category_001,Whse_J,7050,33.41,21.07,189
Product_1027,Category_028,Whse_S,7006,206.06,390.99,21
Product_0733,Category_001,Whse_J,7005,12.58,19.31,439
Product_0464,Category_022,Whse_S,7000,48.28,81.55,128
Product_0551,Category_030,Whse_C,7000,538.46,138.68,13
Product_0272,Category_021,Whse_A,6910,113.28,106.12,56
Product_0821,Category_001,Whse_J,6860,9.44,9.64,523
Product_0241,Category_007,Whse_J,6848,285.33,469.25,20
Product_0318,Category_011,Whse_A,6818,20.66,28.35,275
Product_1678,Category_021,Whse_J,6773,7.27,16.45,547
Product_0130,Category_021,Whse_S,6757,84.46,138.16,67
Product_0720,Category_001,Whse_J,6745,11.11,11.1,459
Product_1049,Category_032,Whse_J,6744,57.64,39.06,110
Product_2088,Category_009,Whse_S,6723,122.24,217.0,46
Product_0682,Category_011,Whse_J,6690,72.72,63.92,83
Product_0732,Category_001,Whse_J,6676,16.13,33.95,351
Product_0353,Category_021,Whse_J,6673,14.29,27.25,356
Product_0663,Category_011,Whse_J,6670,55.12,25.37,109
Product_1175,Category_026,Whse_J,6670,24.61,36.69,247
Product_1333,Category_019,Whse_J,6650,127.88,138.41,47
Product_1055,Category_032,Whse_J,6642,55.82,35.27,110
Product_1124,Category_007,Whse_J,6625,43.59,76.47,138
Product_0485,Category_013,Whse_J,6620,33.1,42.55,181
Product_1797,Category_005,Whse_J,6610,53.31,106.61,109
Product_2121,Category_009,Whse_A,6543,41.68,50.53,141
Product_0688,Category_011,Whse_J,6540,76.05,57.46,75
Product_0303,Category_015,Whse_J,6527,51.8,149.62,117
Product_2157,Category_022,Whse_S,6521,28.85,45.38,195
Product_0898,Category_023,Whse_S,6500,240.74,181.89,27
Product_2143,Category_009,Whse_J,6492,54.1,229.9,111
Product_0742,Category_001,Whse_J,6425,46.22,40.03,127
Product_1676,Category_021,Whse_J,6415,12.43,33.91,385
Product_2105,Category_009,Whse_J,6412,41.1,84.41,139
Product_1093,Category_024,Whse_J,6399,21.47,63.75,252
Product_0458,Category_015,Whse_J,6397,21.47,34.56,247
Product_0586,Category_032,Whse_J,6366,68.45,55.99,79
Product_0437,Category_012,Whse_A,6365,120.09,160.23,44
Product_2095,Category_009,Whse_A,6353,87.03,284.54,68
Product_0198,Category_007,Whse_J,6302,57.82,139.35,95
Product_0548,Category_013,Whse_A,6286,30.81,40.24,186
Product_0103,Category_015,Whse_J,6273,17.72,38.87,294
Product_0216,Category_007,Whse_J,6251,45.63,136.88,121
Product_1121,Category_007,Whse_J,6240,37.14,58.56,156
Product_2101,Category_009,Whse_J,6228,230.67,556.26,24
Product_0642,Category_019,Whse_C,6189,14.53,17.59,350
Product_1656,Category_026,Whse_A,6168,38.79,36.57,147
Product_0142,Category_007,Whse_J,6160,104.41,279.16,47
Product_1059,Category_032,Whse_J,6156,36.64,22.96,153
Product_0299,Category_015,Whse_J,6152,37.98,57.95,134
Product_0460,Category_015,Whse_S,6151,38.69,62.83,140
Product_0304,Category_015,Whse_C,6130,85.14,166.84,65
Product_1053,Category_024,Whse_A,6128,13.71,13.62,357
Product_0726,Category_001,Whse_J,6125,46.4,37.72,118
Product_1671,Category_026,Whse_S,6102,33.16,70.32,160
Product_0245,Category_007,Whse_A,6096,210.21,338.32,27
Product_0443,Category_015,Whse_C,6096,38.58,63.33,131
Product_1120,Category_007,Whse_J,6090,21.37,34.72,240
Product_0230,Category_007,Whse_J,6016,38.56,75.06,138
Product_0516,Category_022,Whse_A,6012,21.7,41.9,235
Product_1798,Category_005,Whse_J,6010,46.95,105.21,117
Product_0517,Category_022,Whse_J,5980,32.86,47.0,154
Product_2154,Category_022,Whse_J,5980,175.88,299.47,32
Product_2128,Category_009,Whse_J,5976,33.95,72.86,158
Product_0294,Category_015,Whse_A,5975,36.66,65.41,136
Product_2100,Category_009,Whse_J,5967,213.11,571.87,25
Product_0547,Category_013,Whse_J,5961,42.88,73.55,122
Product_1786,Category_018,Whse_J,5943,7.42,13.26,549
Product_0157,Category_021,Whse_J,5922,19.81,73.08,254
Product_0587,Category_032,Whse_S,5910,67.93,64.09,79
Product_0454,Category_015,Whse_S,5904,38.09,74.22,139
Product_1123,Category_007,Whse_J,5896,43.04,68.12,119
Product_0512,Category_022,Whse_J,5886,72.67,109.83,71
Product_0292,Category_024,Whse_J,5884,21.24,36.57,238
Product_0642,Category_019,Whse_S,5877,17.65,18.42,280
Product_1891,Category_021,Whse_A,5876,20.76,29.32,241
Product_0728,Category_001,Whse_J,5850,33.05,28.49,166
Product_0394,Category_007,Whse_J,5830,29.3,47.74,179
Product_0706,Category_001,Whse_J,5800,46.77,48.76,110
Product_0710,Category_001,Whse_J,5800,42.34,38.05,131
Product_0639,Category_019,Whse_S,5776,13.01,20.08,343
Product_0584,Category_032,Whse_J,5730,56.18,96.14,91
Product_0445,Category_015,Whse_S,5726,36.24,63.02,131
Product_1177,Category_026,Whse_J,5710,24.93,31.52,204
Product_2115,Category_009,Whse_A,5676,62.37,105.55,76
Product_0844,Category_021,Whse_J,5636,27.36,54.34,178
Product_0608,Category_001,Whse_S,5620,21.21,31.28,215
Product_0816,Category_001,Whse_J,5617,8.25,8.73,511
Product_0787,Category_001,Whse_J,5600,32.18,28.3,161
Product_0738,Category_001,Whse_J,5595,11.8,16.75,390
Product_0758,Category_001,Whse_J,5500,36.18,20.1,135
Product_0662,Category_011,Whse_J,5480,54.8,70.01,88
Product_2095,Category_009,Whse_S,5470,95.96,202.48,53
Product_2070,Category_009,Whse_A,5406,112.62,126.36,42
Product_1778,Category_010,Whse_A,5395,36.45,65.53,131
Product_0445,Category_015,Whse_J,5383,30.07,96.2,156
Product_1722,Category_003,Whse_S,5373,72.61,82.04,70
Product_0545,Category_013,Whse_J,5370,27.12,38.01,180
Product_0405,Category_001,Whse_S,5336,42.35,49.27,114
Product_0846,Category_021,Whse_J,5303,29.63,60.79,150
Product_1594,Category_030,Whse_C,5300,203.85,121.59,22
Product_0719,Category_001,Whse_J,5285,16.88,38.83,269
Product_0495,Category_015,Whse_A,5251,6.61,8.8,571
Product_0919,Category_023,Whse_S,5240,74.86,53.13,65
Product_0458,Category_015,Whse_A,5231,13.55,28.3,317
Product_2142,Category_009,Whse_A,5216,54.91,111.39,88
Product_0412,Category_007,Whse_A,5180,7.73,11.83,510
Product_0786,Category_001,Whse_J,5175,11.23,12.08,359
Product_1815,Category_031,Whse_A,5143,12.25,19.74,345
Product_0596,Category_032,Whse_J,5124,35.1,25.7,130
Product_0815,Category_001,Whse_J,5116,7.33,6.69,505
Product_0668,Category_011,Whse_J,5080,14.19,26.17,296
Product_2153,Category_022,Whse_J,5080,195.38,261.23,25
Product_0323,Category_007,Whse_J,5064,8.57,18.5,448
Product_0748,Category_001,Whse_J,5029,12.7,25.44,323
Product_0744,Category_001,Whse_J,5025,34.9,20.32,130
Product_0760,Category_001,Whse_J,5025,34.66,20.87,133
Product_0620,Category_001,Whse_S,5017,10.79,14.52,365
Product_1329,Category_019,Whse_J,5000,131.58,140.18,34
Product_0570,Category_012,Whse_J,4989,45.35,78.81,93
Product_2113,Category_009,Whse_A,4985,69.24,98.53,69
Product_0342,Category_021,Whse_S,4966,28.22,51.96,150
Product_0505,Category_015,Whse_A,4928,11.38,21.26,343
Product_1141,Category_009,Whse_J,4900,76.56,81.02,61
Product_0513,Category_022,Whse_J,4891,47.95,58.93,87
Product_0290,Category_024,Whse_J,4871,16.51,27.05,245
Product_0298,Category_015,Whse_J,4860,49.59,77.31,86
Product_2160,Category_022,Whse_S,4830,50.31,70.45,91
Product_0338,Category_021,Whse_J,4802,11.22,19.44,362
Product_2169,Category_024,Whse_J,4799,19.2,34.65,213
Product_0614,Category_001,Whse_J,4775,4.57,11.34,675
Product_0332,Category_021,Whse_J,4763,9.7,19.92,389
Product_0817,Category_001,Whse_J,4757,6.82,6.68,511
Product_2039,Category_011,Whse_J,4746,3.63,7.63,761
Product_0243,Category_007,Whse_A,4737,102.98,80.43,41
Product_0749,Category_001,Whse_J,4720,12.59,17.26,317
Product_0453,Category_015,Whse_A,4680,12.58,20.88,311
Product_0707,Category_001,Whse_J,4675,40.65,56.82,105
Product_0671,Category_011,Whse_J,4672,14.03,25.81,276
Product_0106,Category_032,Whse_S,4662,172.67,361.84,26
Product_0614,Category_001,Whse_S,4648,21.82,32.31,183
Product_0291,Category_024,Whse_J,4640,24.95,50.06,159
Product_1325,Category_019,Whse_J,4600,117.95,149.77,33
Product_0702,Category_001,Whse_J,4575,44.42,46.43,94
Product_0764,Category_001,Whse_J,4573,12.6,25.68,301
Product_0150,Category_015,Whse_A,4562,7.5,9.86,459
Product_0448,Category_015,Whse_J,4501,39.48,76.56,102
Product_1323,Category_019,Whse_J,4500,136.36,171.52,30
Product_0321,Category_024,Whse_A,4500,173.08,203.09,23
Product_0491,Category_015,Whse_C,4494,17.55,20.29,213
Product_1727,Category_003,Whse_A,4464,33.82,28.05,115
Product_0503,Category_015,Whse_S,4458,25.77,32.68,150
Product_2115,Category_009,Whse_J,4426,56.03,167.75,72
Product_0451,Category_015,Whse_J,4420,17.33,39.97,212
Product_2095,Category_009,Whse_J,4383,89.45,191.37,47
Product_0364,Category_021,Whse_J,4382,6.4,13.24,512
Product_2155,Category_022,Whse_S,4377,39.79,70.47,102
Product_1535,Category_019,Whse_J,4375,68.36,51.42,56
Product_0173,Category_021,Whse_J,4370,23.49,30.46,169
Product_0243,Category_007,Whse_J,4340,120.56,205.58,31
Product_0325,Category_021,Whse_J,4339,7.08,11.5,451
Product_1176,Category_026,Whse_J,4290,20.24,16.68,191
Product_0785,Category_001,Whse_J,4265,13.76,24.28,257
Product_0776,Category_001,Whse_J,4258,14.01,24.06,247
Product_0360,Category_023,Whse_S,4250,531.25,330.79,3
Product_0315,Category_011,Whse_J,4223,19.73,24.41,188
Product_0158,Category_021,Whse_J,4223,14.03,41.41,258
Product_0443,Category_015,Whse_J,4219,24.39,46.35,151
Product_0172,Category_007,Whse_J,4203,6.19,8.74,503
Product_0912,Category_023,Whse_S,4190,89.15,84.1,45
Product_1667,Category_026,Whse_J,4188,4.86,9.0,601
Product_2156,Category_022,Whse_S,4176,30.48,49.32,121
Product_0708,Category_001,Whse_J,4175,42.6,38.53,89
Product_0632,Category_001,Whse_J,4163,6.33,7.32,494
Product_0884,Category_023,Whse_C,4158,109.42,181.42,34
Product_0887,Category_023,Whse_C,4150,94.32,63.08,37
Product_1590,Category_030,Whse_S,4150,94.32,40.66,39
Product_0715,Category_001,Whse_J,4125,11.62,13.05,307
Product_1671,Category_026,Whse_J,4121,8.75,11.64,378
Product_0325,Category_021,Whse_S,4118,30.06,33.67,124
Product_1938,Category_001,Whse_J,4097,4.41,4.77,630
Product_0680,Category_011,Whse_J,4070,62.62,56.08,58
Product_0601,Category_001,Whse_J,4050,55.48,21.35,69
Product_0970,Category_028,Whse_J,4050,59.56,30.24,61
Product_1328,Category_019,Whse_J,4050,139.66,183.41,25
Product_0124,Category_021,Whse_J,4047,16.65,32.17,211
Product_1954,Category_001,Whse_J,4042,5.0,6.36,582
Product_0827,Category_008,Whse_J,4015,10.94,18.25,279
Product_1338,Category_019,Whse_J,4000,148.15,189.37,25
Product_1318,Category_019,Whse_J,4000,142.86,186.94,25
Product_0168,Category_021,Whse_J,3985,21.08,41.12,172
Product_0242,Category_007,Whse_J,3960,165.0,278.94,19
Product_1334,Category_019,Whse_J,3950,146.3,188.58,26
Product_0488,Category_013,Whse_J,3950,45.93,84.02,80
Product_0412,Category_007,Whse_J,3945,5.55,8.43,528
Product_2077,Category_009,Whse_A,3936,52.48,52.47,64
Product_2159,Category_022,Whse_S,3928,81.83,119.51,41
Product_2088,Category_009,Whse_J,3909,36.88,118.42,101
Product_0972,Category_028,Whse_J,3900,88.64,60.15,36
Product_1688,Category_021,Whse_J,3895,8.11,22.53,361
Product_2065,Category_009,Whse_J,3838,29.08,65.97,120
Product_0455,Category_015,Whse_S,3838,43.61,84.56,82
Product_0302,Category_015,Whse_A,3799,30.15,54.67,113
Product_0709,Category_001,Whse_J,3775,36.65,20.05,91
Product_0471,Category_015,Whse_C,3765,30.36,107.38,111
Product_0544,Category_015,Whse_J,3751,29.3,156.95,122
Product_0302,Category_015,Whse_J,3719,59.98,101.12,57
Product_2125,Category_009,Whse_S,3701,51.4,71.44,60
Product_1339,Category_019,Whse_J,3700,132.14,172.78,25
Product_2063,Category_009,Whse_J,3694,71.04,87.04,47
Product_1655,Category_010,Whse_S,3680,193.68,245.23,8
Product_0505,Category_015,Whse_J,3679,31.99,78.67,102
Product_1093,Category_024,Whse_A,3676,12.99,20.56,237
Product_0848,Category_021,Whse_J,3668,21.45,28.37,152
Product_1618,Category_024,Whse_S,3666,9.52,12.43,298
Product_1327,Category_019,Whse_J,3650,158.7,165.59,20
Product_1335,Category_019,Whse_J,3650,114.06,163.25,26
Product_0231,Category_007,Whse_J,3638,50.53,187.29,61
Product_2062,Category_009,Whse_J,3627,82.43,183.55,40
Product_0491,Category_015,Whse_S,3617,23.64,33.23,134
Product_2059,Category_021,Whse_A,3610,92.56,166.08,33
Product_0436,Category_013,Whse_A,3600,189.47,132.89,18
Product_1595,Category_030,Whse_C,3600,327.27,377.07,11
Product_1136,Category_009,Whse_J,3600,76.6,109.02,41
Product_0570,Category_012,Whse_S,3590,57.9,84.37,51
Product_0239,Category_007,Whse_J,3560,142.4,120.59,20
Product_1130,Category_030,Whse_S,3500,175.0,174.34,20
Product_1322,Category_019,Whse_J,3500,125.0,173.47,22
Product_1324,Category_019,Whse_J,3500,166.67,209.96,21
Product_0535,Category_022,Whse_S,3472,30.46,46.41,108
Product_1669,Category_026,Whse_J,3466,9.29,16.35,294
Product_0487,Category_013,Whse_A,3456,38.4,38.77,82
Product_0516,Category_022,Whse_J,3454,24.67,39.34,124
Product_0544,Category_015,Whse_S,3426,21.02,40.61,140
Product_0048,Category_005,Whse_J,3425,43.35,27.65,71
Product_1706,Category_026,Whse_A,3420,29.74,38.15,102
Product_2166,Category_024,Whse_C,3405,17.92,18.46,171
Product_0808,Category_001,Whse_J,3400,42.5,83.19,75
Product_1118,Category_007,Whse_S,3396,26.95,34.75,115
Product_0235,Category_007,Whse_J,3393,121.18,117.62,22
Product_0572,Category_012,Whse_J,3381,62.61,85.58,30
Product_0882,Category_023,Whse_C,3380,102.42,77.06,28
Product_0238,Category_007,Whse_J,3376,125.04,109.91,22
Product_0621,Category_001,Whse_J,3370,2.61,3.65,780
Product_1959,Category_029,Whse_A,3350,25.97,37.97,117
Product_0667,Category_011,Whse_J,3348,8.79,22.81,311
Product_1942,Category_001,Whse_C,3336,24.0,103.4,125
Product_2118,Category_009,Whse_A,3334,54.66,78.59,55
Product_0490,Category_013,Whse_J,3330,32.97,57.73,91
Product_1020,Category_008,Whse_J,3321,15.1,32.51,193
Product_0819,Category_001,Whse_J,3319,6.77,6.21,397
Product_1024,Category_008,Whse_J,3306,10.02,16.53,266
Product_2080,Category_009,Whse_S,3283,156.33,191.75,20
Product_1088,Category_020,Whse_S,3277,57.49,79.66,53
Product_0772,Category_001,Whse_J,3275,32.75,13.15,94
Product_0818,Category_001,Whse_J,3269,5.65,6.7,459
Product_2080,Category_009,Whse_A,3257,49.35,66.55,50
Product_0534,Category_022,Whse_J,3254,24.65,46.43,117
Product_0538,Category_022,Whse_S,3235,12.94,24.78,220
Product_0354,Category_021,Whse_S,3230,18.56,24.2,148
Product_0634,Category_007,Whse_A,3220,31.26,39.02,93
Product_0351,Category_021,Whse_J,3200,19.28,29.44,141
Product_1705,Category_026,Whse_A,3186,18.1,46.07,159
Product_0583,Category_032,Whse_S,3186,65.02,184.04,47
Product_0628,Category_001,Whse_J,3174,5.68,6.0,435
Product_2163,Category_024,Whse_J,3152,20.74,23.29,134
Product_0783,Category_001,Whse_J,3145,24.76,62.51,115
Product_2165,Category_024,Whse_S,3139,19.26,25.35,152
Product_0639,Category_019,Whse_J,3138,4.74,10.8,499
Product_0672,Category_011,Whse_S,3126,19.06,23.36,148
Product_1062,Category_032,Whse_J,3120,19.02,25.08,150
Product_0314,Category_011,Whse_J,3110,22.37,28.2,127
Product_2002,Category_005,Whse_S,3100,163.16,83.07,18
Product_0967,Category_006,Whse_A,3100,18.34,15.26,152
Product_0506,Category_015,Whse_A,3100,1033.33,950.44,3
Product_0569,Category_012,Whse_J,3085,41.69,50.22,64
Product_0665,Category_011,Whse_J,3071,8.82,12.56,292
Product_2086,Category_009,Whse_A,3047,34.24,35.88,75
Product_1700,Category_026,Whse_J,3036,27.85,18.32,93
Product_2122,Category_009,Whse_A,3033,43.96,58.64,54
Product_0602,Category_001,Whse_J,3025,48.02,28.86,55
Product_0169,Category_021,Whse_A,3023,21.59,22.3,121
Product_1093,Category_024,Whse_S,3022,27.23,46.61,98
Product_0533,Category_022,Whse_A,3022,15.19,22.06,179
Product_1340,Category_019,Whse_J,3000,130.43,96.22,20
Product_1319,Category_019,Whse_J,3000,142.86,197.03,20
Product_0613,Category_001,Whse_C,2984,10.77,24.29,244
Product_2057,Category_021,Whse_A,2979,12.52,14.88,208
Product_1710,Category_026,Whse_J,2979,8.69,15.51,283
Product_0771,Category_001,Whse_J,2975,36.28,23.94,74
Product_1699,Category_026,Whse_J,2959,7.87,9.64,303
Product_0666,Category_011,Whse_J,2926,7.12,13.69,340
Product_1330,Category_019,Whse_J,2900,103.57,80.43,23
Product_1321,Category_019,Whse_J,2900,161.11,144.05,15
Product_1060,Category_032,Whse_J,2898,23.75,42.46,110
Product_1725,Category_003,Whse_A,2898,54.68,91.98,45
Product_1661,Category_026,Whse_A,2898,18.94,23.82,130
Product_0251,Category_007,Whse_J,2888,7.41,12.13,319
Product_0895,Category_023,Whse_C,2886,60.12,78.6,39
Product_0701,Category_001,Whse_J,2875,40.49,29.69,68
Product_1326,Category_019,Whse_J,2850,135.71,147.6,18
Product_1320,Category_019,Whse_J,2850,123.91,137.24,19
Product_1907,Category_019,Whse_J,2850,66.28,26.1,34
Product_0403,Category_032,Whse_S,2850,49.14,48.08,55
Product_2124,Category_009,Whse_A,2848,14.68,15.22,165
Product_2085,Category_009,Whse_S,2845,79.03,70.89,32
Product_0172,Category_007,Whse_S,2837,37.33,54.89,71
Product_0592,Category_032,Whse_S,2832,45.68,74.26,58
Product_0311,Category_024,Whse_A,2815,14.29,15.75,165
Product_0307,Category_024,Whse_J,2809,11.42,24.4,213
Product_2093,Category_009,Whse_J,2808,61.04,97.03,44
Product_1616,Category_024,Whse_S,2805,9.95,16.58,227
Product_2116,Category_009,Whse_J,2800,35.44,120.88,74
Product_0337,Category_021,Whse_A,2799,7.65,9.22,300
Product_0793,Category_001,Whse_J,2795,10.59,31.01,224
Product_1723,Category_003,Whse_J,2789,36.7,60.78,71
Product_0341,Category_021,Whse_J,2772,14.07,22.61,169
Product_0966,Category_006,Whse_A,2770,17.99,13.15,137
Product_1786,Category_018,Whse_S,2769,22.33,49.71,107
Product_1058,Category_032,Whse_J,2766,36.39,65.45,73
Product_0881,Category_023,Whse_C,2760,65.71,80.13,32
Product_1332,Category_019,Whse_J,2750,137.5,203.83,17
Product_0595,Category_032,Whse_S,2748,51.85,58.11,47
Product_1752,Category_001,Whse_J,2713,5.15,5.51,396
Product_2168,Category_024,Whse_A,2712,10.76,12.18,220
Product_0782,Category_001,Whse_J,2710,10.27,14.17,228
Product_1658,Category_026,Whse_J,2703,15.9,21.37,154
Product_0430,Category_005,Whse_J,2700,35.06,61.93,69
Product_0247,Category_007,Whse_A,2700,71.05,68.57,32
Product_1748,Category_026,Whse_A,2699,11.34,9.07,210
Product_0714,Category_001,Whse_J,2690,12.12,15.48,192
Product_0657,Category_011,Whse_J,2672,9.75,13.83,226
Product_2049,Category_011,Whse_J,2670,43.06,40.47,53
Product_0471,Category_015,Whse_A,2653,5.82,9.25,360
Product_1822,Category_018,Whse_J,2642,5.56,7.61,370
Product_0444,Category_015,Whse_S,2641,27.23,29.52,81
Product_0822,Category_001,Whse_J,2631,7.41,5.39,296
Product_2109,Category_009,Whse_J,2625,52.5,107.53,43
Product_1664,Category_026,Whse_J,2622,33.62,123.67,67
Product_1675,Category_021,Whse_S,2620,21.3,34.18,116
Product_1776,Category_010,Whse_A,2614,10.37,15.81,221
Product_0337,Category_021,Whse_S,2613,18.93,29.02,121
Product_0664,Category_011,Whse_C,2608,21.38,30.45,95
Product_1336,Category_019,Whse_J,2600,152.94,220.42,15
Product_1337,Category_019,Whse_J,2600,123.81,145.45,18
Product_0591,Category_032,Whse_S,2598,34.64,35.99,73
Product_1722,Category_003,Whse_J,2593,11.42,20.82,204
Product_2068,Category_009,Whse_J,2592,66.46,158.77,35
Product_2104,Category_009,Whse_J,2587,20.86,44.35,115
Product_1775,Category_010,Whse_A,2577,18.67,49.35,124
Product_1933,Category_001,Whse_C,2571,61.21,66.55,35
Product_0305,Category_021,Whse_J,2570,26.22,29.72,90
Product_0826,Category_008,Whse_J,2570,15.39,32.41,145
Product_1094,Category_024,Whse_A,2560,9.96,13.62,224
Product_1331,Category_019,Whse_J,2550,141.67,159.27,14
Product_0354,Category_021,Whse_J,2494,10.02,26.36,209
Product_0261,Category_001,Whse_J,2486,20.05,28.17,98
Product_1094,Category_024,Whse_S,2479,17.58,21.04,128
Product_0352,Category_021,Whse_S,2464,20.2,27.44,102
Product_0784,Category_001,Whse_J,2450,10.38,12.05,210
Product_0454,Category_015,Whse_J,2428,21.11,32.15,98
Product_2164,Category_024,Whse_A,2425,15.65,26.9,132
Product_2038,Category_011,Whse_J,2416,3.27,5.88,530
Product_0310,Category_024,Whse_J,2409,14.51,23.67,143
Product_0502,Category_015,Whse_J,2409,6.41,9.74,313
Product_0794,Category_001,Whse_J,2405,9.98,11.0,217
Product_0573,Category_012,Whse_S,2366,71.7,128.87,27
Product_1705,Category_026,Whse_J,2362,7.43,12.83,251
Product_0455,Category_015,Whse_J,2357,27.09,83.46,81
Product_2091,Category_009,Whse_J,2353,54.72,96.47,43
Product_0306,Category_024,Whse_J,2352,9.45,16.79,196
Product_0325,Category_021,Whse_A,2351,6.62,7.37,292
Product_1875,Category_001,Whse_J,2350,3.46,8.93,520
Product_0658,Category_011,Whse_J,2346,5.97,10.3,328
Product_0896,Category_023,Whse_C,2346,45.12,50.05,46
Product_0394,Category_007,Whse_A,2344,9.3,10.85,213
Product_0318,Category_011,Whse_J,2341,17.73,24.67,118
Product_0613,Category_001,Whse_S,2337,6.47,7.92,300
Product_0150,Category_015,Whse_J,2311,12.84,111.61,161
Product_2085,Category_009,Whse_A,2307,31.6,30.67,62
Product_0716,Category_001,Whse_J,2305,10.2,13.22,197
Product_2078,Category_009,Whse_A,2294,31.86,46.08,52
Product_0878,Category_023,Whse_C,2290,65.43,50.25,31
Product_0167,Category_021,Whse_J,2287,17.07,50.18,123
Product_1139,Category_009,Whse_A,2275,206.82,283.08,10
Product_0614,Category_001,Whse_C,2275,23.95,40.49,87
Product_2100,Category_009,Whse_A,2265,98.48,70.03,12
Product_2171,Category_007,Whse_J,2261,3.28,5.26,509
Product_0643,Category_028,Whse_A,2259,2.47,5.18,600
Product_0718,Category_001,Whse_J,2250,16.07,46.33,118
Product_0464,Category_022,Whse_J,2218,32.62,59.14,59
Product_1677,Category_021,Whse_J,2194,5.0,11.96,370
Product_1779,Category_010,Whse_J,2180,39.64,75.36,50
Product_1097,Category_032,Whse_J,2166,21.24,19.73,92
Product_0309,Category_024,Whse_J,2158,9.9,20.34,190
Product_0133,Category_021,Whse_A,2151,14.73,18.62,129
Product_0161,Category_021,Whse_J,2150,18.86,46.03,106
Product_1675,Category_021,Whse_A,2144,20.62,45.15,94
Product_2166,Category_024,Whse_A,2130,6.53,6.45,282
Product_1978,Category_011,Whse_A,2125,45.21,74.1,38
Product_0505,Category_015,Whse_S,2117,21.38,27.91,89
Product_0594,Category_032,Whse_J,2106,16.33,16.05,116
Product_0510,Category_012,Whse_J,2102,53.9,92.19,24
Product_0697,Category_001,Whse_J,2100,32.31,11.46,59
Product_0445,Category_015,Whse_C,2099,18.91,31.44,109
Product_0296,Category_015,Whse_J,2090,20.29,25.95,87
Product_0731,Category_001,Whse_J,2087,5.45,7.71,314
Product_2165,Category_024,Whse_C,2072,18.34,22.7,103
Product_0814,Category_001,Whse_J,2070,7.37,11.64,232
Product_0308,Category_024,Whse_S,2068,16.68,23.34,110
Product_2079,Category_009,Whse_A,2063,30.79,35.47,52
Product_0437,Category_012,Whse_S,2058,121.06,93.55,15
Product_1836,Category_031,Whse_A,2055,8.86,16.13,197
Product_2100,Category_009,Whse_S,2054,684.67,965.94,3
Product_2155,Category_022,Whse_J,2051,47.7,67.66,39
Product_0956,Category_028,Whse_J,2042,3.87,6.19,399
Product_0593,Category_032,Whse_J,2028,24.73,9.3,78
Product_1777,Category_010,Whse_A,2024,10.17,13.95,169
Product_1617,Category_024,Whse_S,2021,10.31,12.38,177
Product_0754,Category_001,Whse_J,2010,9.66,9.9,185
Product_2093,Category_009,Whse_A,2007,29.51,34.95,58
Product_0159,Category_021,Whse_J,2005,8.5,21.59,206
Product_0441,Category_012,Whse_S,2004,125.25,306.18,13
Product_1682,Category_021,Whse_J,1997,5.46,16.44,307
Product_0206,Category_007,Whse_J,1996,133.07,224.28,13
Product_2067,Category_009,Whse_J,1985,36.76,59.2,54
Product_2072,Category_009,Whse_S,1981,132.07,112.96,14
Product_2084,Category_009,Whse_A,1965,36.39,40.96,41
Product_1755,Category_001,Whse_J,1957,4.35,4.2,350
Product_2116,Category_009,Whse_A,1956,48.9,64.73,36
Product_0789,Category_001,Whse_J,1949,7.64,6.73,229
Product_1688,Category_021,Whse_S,1940,34.64,59.72,49
Product_1704,Category_026,Whse_J,1939,9.7,18.98,171
Product_0102,Category_015,Whse_J,1930,9.6,20.74,176
Product_0585,Category_032,Whse_J,1920,30.0,26.05,58
Product_0704,Category_001,Whse_J,1915,5.55,5.05,289
Product_1657,Category_026,Whse_J,1914,16.64,18.97,106
Product_1908,Category_028,Whse_A,1904,3.09,6.94,458
Product_0581,Category_032,Whse_J,1902,43.23,40.75,37
Product_2162,Category_022,Whse_S,1902,43.23,36.93,40
Product_1654,Category_010,Whse_S,1900,111.76,33.21,8
Product_0621,Category_001,Whse_S,1893,12.06,16.56,137
Product_2170,Category_024,Whse_C,1892,9.27,9.73,173
Product_2081,Category_009,Whse_J,1888,48.41,76.5,38
Product_0711,Category_001,Whse_J,1883,5.44,7.01,297
Product_0712,Category_001,Whse_J,1862,5.35,5.21,286
Product_0820,Category_001,Whse_J,1846,4.52,4.77,318
Product_1646,Category_024,Whse_S,1830,5.06,6.21,290
Product_0874,Category_023,Whse_C,1825,65.18,70.49,27
Product_2051,Category_021,Whse_A,1825,38.83,59.57,42
Product_1092,Category_024,Whse_S,1813,27.06,35.78,64
Product_0639,Category_019,Whse_C,1808,7.56,6.94,212
Product_0615,Category_001,Whse_C,1803,12.27,17.1,130
Product_0152,Category_021,Whse_J,1801,19.16,43.08,81
Product_1054,Category_024,Whse_A,1795,9.02,14.17,172
Product_0312,Category_024,Whse_C,1792,6.45,7.86,241
Product_0497,Category_015,Whse_J,1786,5.45,7.78,274
Product_0735,Category_001,Whse_J,1785,8.93,10.25,182
Product_1770,Category_001,Whse_J,1785,3.67,5.25,387
Product_0295,Category_015,Whse_A,1776,43.32,57.25,36
Product_1815,Category_031,Whse_J,1776,3.6,3.65,386
Product_0810,Category_001,Whse_J,1775,32.27,12.43,53
Product_0747,Category_001,Whse_J,1773,5.36,5.66,287
Product_0336,Category_021,Whse_J,1773,6.77,14.61,216
Product_0402,Category_024,Whse_J,1764,12.34,19.29,123
Product_1686,Category_021,Whse_J,1764,5.05,7.88,274
Product_1751,Category_001,Whse_A,1749,13.77,17.34,97
Product_0492,Category_015,Whse_J,1747,6.85,11.28,222
Product_0471,Category_015,Whse_S,1743,13.31,22.23,123
Product_1844,Category_018,Whse_A,1731,8.97,9.98,170
Product_0703,Category_001,Whse_J,1730,5.21,7.84,289
Product_0260,Category_001,Whse_J,1729,11.76,16.72,131
Product_0763,Category_001,Whse_J,1727,5.2,5.99,279
Product_1692,Category_021,Whse_J,1726,5.48,9.43,237
Product_0696,Category_001,Whse_J,1725,28.75,12.02,55
Product_1666,Category_026,Whse_J,1721,8.96,10.87,162
Product_0734,Category_001,Whse_J,1720,12.84,22.81,117
Product_0788,Category_001,Whse_J,1716,5.57,5.75,277
Product_0134,Category_021,Whse_A,1714,17.85,23.48,85
Product_0775,Category_001,Whse_J,1707,4.68,4.96,317
Product_0524,Category_022,Whse_J,1707,27.1,39.83,55
Product_0137,Category_021,Whse_A,1706,23.69,29.36,62
Product_0444,Category_015,Whse_J,1697,54.74,115.86,31
Product_0737,Category_001,Whse_J,1690,10.43,11.72,146
Product_1713,Category_026,Whse_J,1686,7.88,9.32,173
Product_2091,Category_009,Whse_A,1681,27.11,36.32,54
Product_2073,Category_009,Whse_A,1663,27.26,34.82,50
Product_1674,Category_026,Whse_J,1662,4.0,5.29,340
Product_0520,Category_022,Whse_S,1661,10.58,21.81,138
Product_0340,Category_021,Whse_J,1660,10.99,19.23,127
Product_2092,Category_009,Whse_A,1650,24.26,24.08,56
Product_1759,Category_001,Whse_J,1649,2.71,4.14,456
Product_0918,Category_023,Whse_S,1640,58.57,68.35,26
Product_0265,Category_001,Whse_J,1637,10.7,26.6,136
Product_0395,Category_007,Whse_J,1635,9.51,17.18,146
Product_1871,Category_001,Whse_J,1633,7.16,14.1,198
Product_1764,Category_001,Whse_J,1624,7.03,10.34,184
Product_0412,Category_007,Whse_S,1621,17.62,27.08,84
Product_0232,Category_007,Whse_J,1618,2.58,4.45,442
Product_0439,Category_012,Whse_S,1615,40.38,54.42,32
Product_1869,Category_001,Whse_J,1610,2.42,4.12,512
Product_0349,Category_021,Whse_J,1605,12.07,14.76,122
Product_0902,Category_023,Whse_C,1600,123.08,125.19,12
Product_0383,Category_030,Whse_S,1600,133.33,88.76,11
Product_0507,Category_012,Whse_A,1599,12.4,30.05,120
Product_0823,Category_028,Whse_J,1598,3.39,2.45,385
Product_2066,Category_009,Whse_J,1593,44.25,108.36,24
Product_0544,Category_015,Whse_A,1590,14.45,16.28,102
Product_0342,Category_021,Whse_C,1582,18.18,44.93,78
Product_0955,Category_028,Whse_J,1571,9.94,14.88,133
Product_0508,Category_015,Whse_S,1570,27.07,39.94,52
Product_2076,Category_009,Whse_J,1570,34.13,61.85,40
Product_0533,Category_022,Whse_J,1569,18.68,29.09,76
Product_1892,Category_021,Whse_A,1568,21.78,37.31,58
Product_0329,Category_021,Whse_A,1559,9.45,13.53,152
Product_1792,Category_024,Whse_S,1559,8.12,8.96,173
Product_1716,Category_026,Whse_J,1554,14.66,16.34,78
Product_1317,Category_019,Whse_J,1550,96.88,22.13,15
Product_0472,Category_015,Whse_J,1547,12.28,19.38,103
Product_1721,Category_003,Whse_J,1543,22.69,34.83,51
Product_1670,Category_026,Whse_A,1532,18.02,19.69,75
Product_0699,Category_001,Whse_J,1525,32.45,11.56,44
Product_1094,Category_024,Whse_J,1520,7.2,9.94,185
Product_0058,Category_019,Whse_J,1516,1.64,4.56,286
Product_0487,Category_013,Whse_J,1514,13.05,13.23,103
Product_0798,Category_001,Whse_J,1498,5.9,7.81,224
Product_1762,Category_001,Whse_J,1493,3.19,3.64,386
Product_0279,Category_021,Whse_J,1480,31.49,38.05,44
Product_0580,Category_012,Whse_S,1478,64.26,58.74,18
Product_1116,Category_007,Whse_J,1477,14.77,39.42,88
Product_1897,Category_021,Whse_J,1470,17.09,10.5,78
Product_1776,Category_010,Whse_J,1467,15.95,26.91,80
Product_0501,Category_015,Whse_J,1466,6.92,8.29,178
Product_2069,Category_009,Whse_J,1458,52.07,75.02,17
Product_0569,Category_012,Whse_S,1442,60.08,82.55,22
Product_1644,Category_024,Whse_S,1433,5.35,7.57,229
Product_0300,Category_015,Whse_J,1429,68.05,110.62,21
Product_1757,Category_001,Whse_J,1428,2.43,1.9,447
Product_1893,Category_021,Whse_J,1424,13.96,34.25,82
Product_1761,Category_001,Whse_J,1424,2.03,2.57,529
Product_2098,Category_009,Whse_J,1418,109.08,279.48,13
Product_1717,Category_026,Whse_J,1414,17.46,19.32,63
Product_2101,Category_009,Whse_S,1413,353.25,396.87,4
Product_1119,Category_007,Whse_J,1408,6.77,20.98,188
Product_0609,Category_001,Whse_J,1402,1.93,2.33,527
Product_2064,Category_009,Whse_J,1392,51.56,99.03,26
Product_1960,Category_029,Whse_A,1389,8.9,9.47,145
Product_1098,Category_032,Whse_J,1386,21.32,32.48,56
Product_1892,Category_021,Whse_J,1385,8.1,15.67,137
Product_1715,Category_026,Whse_J,1373,6.51,7.04,176
Product_0529,Category_022,Whse_S,1371,6.47,5.56,184
Product_0692,Category_001,Whse_J,1360,46.9,103.69,25
Product_0395,Category_007,Whse_A,1359,5.41,5.94,216
Product_0236,Category_007,Whse_J,1358,26.63,50.29,45
Product_0698,Category_001,Whse_J,1325,33.12,15.39,39
Product_1803,Category_006,Whse_J,1324,4.71,5.79,249
Product_1909,Category_019,Whse_J,1317,1.96,2.47,485
Product_0343,Category_021,Whse_S,1314,14.76,22.03,79
Product_1895,Category_021,Whse_J,1312,11.51,13.24,99
Product_1774,Category_024,Whse_S,1308,14.7,17.58,84
Product_2094,Category_009,Whse_J,1308,17.92,30.33,71
Product_0571,Category_012,Whse_S,1296,31.61,47.1,32
Product_0462,Category_015,Whse_J,1293,21.2,29.84,54
Product_1816,Category_031,Whse_A,1286,4.66,5.55,245
Product_1084,Category_016,Whse_S,1264,421.33,319.04,3
Product_1025,Category_007,Whse_S,1255,8.37,14.6,139
Product_1144,Category_007,Whse_J,1253,3.83,12.91,278
Product_0447,Category_015,Whse_J,1250,14.04,38.53,78
Product_0347,Category_021,Whse_A,1245,5.85,10.43,189
Product_0828,Category_008,Whse_J,1241,6.02,10.38,180
Product_1208,Category_026,Whse_J,1239,4.54,3.21,248
Product_0339,Category_021,Whse_J,1236,6.75,12.15,156
Product_0333,Category_021,Whse_A,1221,7.18,9.56,155
Product_1118,Category_007,Whse_J,1219,5.35,9.09,196
Product_0575,Category_012,Whse_S,1216,76.0,160.13,13
Product_1872,Category_001,Whse_J,1213,3.73,6.11,269
Product_0165,Category_021,Whse_J,1209,10.79,10.56,101
Product_1913,Category_009,Whse_A,1207,60.35,59.4,16
Product_1799,Category_024,Whse_S,1203,85.93,214.07,12
Product_0722,Category_001,Whse_J,1200,5.58,4.72,189
Product_2120,Category_009,Whse_A,1198,38.65,48.43,29
Product_1679,Category_021,Whse_J,1166,4.78,12.4,202
Product_1853,Category_001,Whse_J,1166,2.76,3.96,347
Product_0481,Category_022,Whse_J,1161,18.73,31.31,55
Product_0574,Category_012,Whse_S,1155,55.0,133.1,20
Product_0240,Category_007,Whse_J,1151,164.43,195.29,7
Product_0369,Category_030,Whse_J,1150,71.88,65.11,15
Product_0542,Category_022,Whse_S,1146,19.76,25.83,52
Product_0454,Category_015,Whse_A,1143,8.53,12.12,127
Product_1645,Category_024,Whse_S,1140,5.53,6.83,182
Product_1834,Category_018,Whse_A,1136,6.42,6.97,164
Product_0116,Category_032,Whse_J,1134,24.13,40.47,40
Product_0669,Category_011,Whse_J,1133,5.61,7.19,171
Product_1680,Category_021,Whse_S,1125,8.86,13.54,114
Product_1763,Category_001,Whse_J,1124,2.44,2.59,354
Product_1673,Category_026,Whse_J,1121,3.28,4.55,270
Product_0643,Category_028,Whse_S,1114,4.32,8.58,222
Product_1894,Category_021,Whse_J,1101,10.79,28.3,84
Product_1774,Category_024,Whse_J,1087,12.79,15.61,75
Product_1828,Category_018,Whse_A,1085,12.47,13.66,75
Product_0656,Category_011,Whse_J,1085,5.09,5.89,189
Product_1720,Category_003,Whse_J,1081,23.0,48.22,41
Product_1689,Category_021,Whse_J,1073,4.81,7.86,181
Product_1663,Category_026,Whse_J,1072,9.08,14.95,95
Product_1110,Category_007,Whse_J,1071,4.34,6.88,222
Product_0504,Category_015,Whse_J,1069,7.42,16.9,130
Product_0119,Category_008,Whse_A,1059,15.57,21.06,61
Product_0346,Category_021,Whse_J,1052,6.58,19.99,132
Product_0960,Category_028,Whse_J,1045,2.63,2.47,326
Product_0136,Category_021,Whse_A,1035,5.98,6.0,159
Product_1771,Category_001,Whse_J,1030,2.41,3.8,356
Product_2110,Category_009,Whse_J,1025,27.7,106.19,32
Product_0160,Category_021,Whse_J,1013,8.3,38.13,109
Product_0541,Category_022,Whse_S,1013,8.89,9.11,106
Product_2158,Category_022,Whse_J,1013,23.02,48.78,42
Product_1174,Category_026,Whse_J,1010,19.06,15.1,48
Product_1749,Category_001,Whse_J,1009,1.94,2.14,396
Product_0537,Category_022,Whse_S,1003,6.6,8.01,135
Product_0625,Category_001,Whse_J,1003,3.21,4.47,259
Product_1112,Category_007,Whse_J,1001,6.26,13.17,143
Product_0571,Category_012,Whse_J,1001,25.02,29.49,35
Product_1143,Category_009,Whse_A,1000,52.63,45.56,15
Product_0233,Category_007,Whse_J,996,199.2,184.53,5
Product_0866,Category_001,Whse_J,992,2.77,1.06,298
Product_0365,Category_007,Whse_A,980,3.63,3.65,249
Product_1684,Category_021,Whse_J,971,4.86,5.2,175
Product_0496,Category_015,Whse_A,967,7.8,20.33,109
Product_0151,Category_015,Whse_A,964,9.54,22.06,92
Product_1807,Category_024,Whse_J,961,6.58,8.92,122
Product_0496,Category_015,Whse_S,958,11.01,12.86,74
Product_0675,Category_011,Whse_J,957,2.84,4.15,279
Product_1783,Category_018,Whse_J,952,6.75,9.8,127
Product_0151,Category_015,Whse_S,951,10.81,14.12,77
Product_1750,Category_001,Whse_J,949,3.2,3.01,256
Product_0519,Category_022,Whse_S,947,6.96,7.12,115
Product_1767,Category_001,Whse_J,942,2.8,11.32,282
Product_1926,Category_001,Whse_J,942,2.75,3.03,296
Product_0521,Category_022,Whse_S,932,10.02,15.85,88
Product_0717,Category_001,Whse_J,930,20.22,28.87,43
Product_0567,Category_012,Whse_A,928,35.69,59.71,24
Product_0460,Category_015,Whse_A,922,5.76,6.4,144
Product_0578,Category_012,Whse_S,920,83.64,105.66,9
Product_0860,Category_019,Whse_J,913,9.41,15.11,89
Product_1802,Category_006,Whse_J,910,2.84,2.82,272
Product_0631,Category_001,Whse_C,902,20.98,34.6,43
Product_2169,Category_024,Whse_A,898,5.76,6.21,148
Product_0693,Category_001,Whse_J,896,5.15,6.28,144
Product_2074,Category_009,Whse_A,896,16.59,13.02,44
Product_0119,Category_008,Whse_J,895,10.78,14.48,69
Product_0623,Category_001,Whse_C,894,16.25,14.92,41
Product_0330,Category_021,Whse_A,887,12.49,19.96,63
Product_1138,Category_009,Whse_A,875,79.55,56.81,10
Product_0751,Category_001,Whse_J,870,10.12,10.71,79
Product_1117,Category_007,Whse_J,869,7.3,11.88,109
Product_0539,Category_022,Whse_S,868,18.08,27.44,44
Product_2159,Category_022,Whse_J,867,66.69,82.48,12
Product_0508,Category_015,Whse_J,866,11.86,16.05,56
Product_0326,Category_021,Whse_A,865,7.72,14.35,105
Product_1683,Category_021,Whse_J,863,3.23,3.99,232
Product_1805,Category_006,Whse_J,862,2.96,2.53,247
Product_2157,Category_022,Whse_J,860,20.48,26.86,40
Product_1914,Category_009,Whse_A,855,53.44,49.15,14
Product_0461,Category_015,Whse_J,853,7.48,11.62,102
Product_0149,Category_008,Whse_A,844,8.44,21.59,89
Product_1668,Category_026,Whse_J,835,3.48,3.84,216
Product_1908,Category_028,Whse_J,832,1.51,1.35,420
Product_0125,Category_011,Whse_S,826,5.66,6.24,135
Product_1910,Category_009,Whse_J,824,48.47,79.21,12
Product_0452,Category_015,Whse_J,823,31.65,21.45,13
Product_1837,Category_031,Whse_A,819,4.31,4.52,167
Product_1807,Category_024,Whse_A,817,4.04,5.66,167
Product_0364,Category_021,Whse_A,815,7.76,8.09,93
Product_2160,Category_022,Whse_J,812,28.0,47.42,26
Product_1168,Category_007,Whse_J,811,2.52,3.25,264
Product_0861,Category_019,Whse_J,807,6.11,6.24,123
Product_1816,Category_031,Whse_J,801,2.39,2.99,291
Product_0114,Category_006,Whse_J,800,50.0,15.81,14
Product_0655,Category_011,Whse_J,793,5.25,6.55,134
Product_1754,Category_001,Whse_J,792,3.09,9.63,229
Product_0804,Category_001,Whse_J,785,9.69,7.96,75
Product_0645,Category_019,Whse_J,784,4.4,5.23,100
Product_1618,Category_024,Whse_A,780,4.29,5.93,169
Product_0736,Category_001,Whse_J,780,6.24,2.51,115
Product_2058,Category_021,Whse_A,780,37.14,31.96,17
Product_0765,Category_001,Whse_J,780,4.59,5.22,157
Product_1111,Category_007,Whse_J,776,2.56,3.3,257
Product_0691,Category_001,Whse_J,770,30.8,46.45,25
Product_1181,Category_017,Whse_J,765,5.13,6.41,131
Product_1096,Category_032,Whse_J,762,7.4,2.91,93
Product_0528,Category_022,Whse_S,761,4.97,4.93,139
Product_2075,Category_009,Whse_J,755,14.8,13.28,47
Product_0457,Category_015,Whse_J,751,5.73,5.97,119
Product_0643,Category_028,Whse_J,749,1.71,1.52,344
Product_1687,Category_021,Whse_J,748,3.4,5.47,193
Product_1758,Category_001,Whse_J,746,3.36,4.4,179
Product_1911,Category_009,Whse_A,746,49.73,63.26,13
Product_1063,Category_032,Whse_J,738,9.84,11.01,74
Product_0342,Category_021,Whse_A,737,6.82,9.88,98
Product_1794,Category_024,Whse_A,735,2.28,2.34,275
Product_0125,Category_011,Whse_A,734,3.25,4.07,195
Product_0538,Category_022,Whse_J,729,6.81,8.48,95
Product_1883,Category_006,Whse_J,719,3.42,6.0,180
Product_1777,Category_010,Whse_J,717,12.8,28.03,41
Product_2152,Category_021,Whse_J,717,4.69,8.01,137
Product_0797,Category_001,Whse_J,710,3.21,3.52,194
Product_0642,Category_019,Whse_J,706,3.14,2.37,185
Product_0232,Category_007,Whse_A,704,2.96,2.94,204
Product_1851,Category_001,Whse_J,698,3.9,3.89,161
Product_1095,Category_024,Whse_A,698,6.02,9.7,112
Product_0263,Category_001,Whse_J,696,2.44,2.06,244
Product_1061,Category_032,Whse_J,696,11.6,13.16,53
Product_0446,Category_015,Whse_J,694,6.74,8.66,92
Product_0626,Category_001,Whse_J,693,3.24,6.19,181
Product_0163,Category_021,Whse_J,684,12.91,24.0,52
Product_2039,Category_011,Whse_A,683,3.48,5.71,184
Product_2131,Category_009,Whse_J,680,8.61,17.73,60
Product_0750,Category_001,Whse_J,680,8.83,8.69,67
Product_0172,Category_007,Whse_A,677,4.51,5.02,135
Product_1646,Category_024,Whse_A,675,3.07,2.92,203
Product_0766,Category_001,Whse_J,670,4.75,7.48,132
Product_1760,Category_001,Whse_J,666,1.57,1.42,347
Product_1645,Category_024,Whse_A,665,2.77,2.71,213
Product_0640,Category_019,Whse_J,662,3.74,4.25,148
Product_0460,Category_015,Whse_J,660,14.04,26.36,41
Product_0334,Category_021,Whse_J,659,4.64,7.45,126
Product_0536,Category_022,Whse_S,656,9.94,16.05,58
Product_0329,Category_021,Whse_J,653,14.2,23.99,43
Product_0568,Category_012,Whse_J,645,28.04,46.05,19
Product_1086,Category_016,Whse_S,636,159.0,163.47,4
Product_1858,Category_001,Whse_J,634,3.34,3.68,168
Product_0319,Category_017,Whse_A,634,35.22,92.1,16
Product_1940,Category_001,Whse_J,632,2.81,3.28,199
Product_1095,Category_024,Whse_S,629,8.06,10.95,73
Product_1103,Category_002,Whse_S,628,8.16,10.51,70
Product_1712,Category_026,Whse_J,623,3.97,2.89,116
Product_2102,Category_009,Whse_J,622,38.88,97.04,13
Product_0867,Category_001,Whse_J,620,2.84,1.09,192
Product_1915,Category_009,Whse_A,619,68.78,103.88,6
Product_0135,Category_021,Whse_A,618,6.12,6.67,91
Product_2113,Category_009,Whse_J,617,15.82,30.59,36
Product_1925,Category_001,Whse_C,614,51.17,29.39,11
Product_1881,Category_007,Whse_J,612,3.12,2.69,176
Product_1916,Category_009,Whse_J,611,14.9,11.66,33
Product_1691,Category_021,Whse_J,609,7.81,16.27,73
Product_0170,Category_021,Whse_J,607,6.74,8.91,83
Product_0721,Category_001,Whse_J,607,3.16,3.04,175
Product_0659,Category_011,Whse_J,607,5.42,7.47,99
Product_1614,Category_005,Whse_J,600,15.38,9.96,33
Product_0753,Category_001,Whse_J,600,8.33,7.83,68
Product_0450,Category_015,Whse_J,600,5.61,6.71,98
Product_0778,Category_001,Whse_J,595,11.02,6.32,52
Product_0946,Category_018,Whse_A,594,1.81,2.36,280
Product_0396,Category_007,Whse_J,584,4.67,6.87,114
Product_1852,Category_001,Whse_J,584,3.44,4.97,152
Product_0873,Category_023,Whse_C,580,145.0,186.99,4
Product_0651,Category_011,Whse_J,573,2.91,2.96,175
Product_0060,Category_019,Whse_J,572,1.99,4.35,168
Product_1172,Category_024,Whse_S,570,14.25,19.55,35
Product_0862,Category_019,Whse_J,570,4.1,5.57,131
Product_0752,Category_001,Whse_J,570,8.38,5.76,61
Product_1920,Category_001,Whse_J,567,2.58,1.7,180
Product_1892,Category_021,Whse_S,566,33.29,40.3,15
Product_1146,Category_028,Whse_J,564,2.69,2.57,192
Product_1806,Category_006,Whse_J,564,2.56,1.83,203
Product_1834,Category_018,Whse_J,563,5.8,9.86,86
Product_0267,Category_001,Whse_J,557,2.46,4.75,205
Product_1660,Category_026,Whse_J,555,5.61,11.18,84
Product_0449,Category_015,Whse_J,553,6.43,10.08,80
Product_1091,Category_024,Whse_J,552,8.24,10.71,62
Product_0484,Category_013,Whse_A,550,45.83,41.22,10
Product_0805,Category_001,Whse_J,550,3.25,3.05,147
Product_1671,Category_026,Whse_A,549,7.04,6.8,73
Product_1868,Category_001,Whse_J,549,1.74,1.92,269
Product_0164,Category_021,Whse_J,543,7.87,11.12,65
Product_0803,Category_001,Whse_J,540,3.91,3.53,122
Product_0661,Category_011,Whse_J,539,5.39,6.47,82
Product_0474,Category_015,Whse_J,536,6.23,11.23,70
Product_0432,Category_018,Whse_S,520,6.05,6.93,80
Product_1814,Category_018,Whse_A,519,7.86,6.93,60
Product_0057,Category_019,Whse_J,516,1.15,0.63,197
Product_0527,Category_022,Whse_S,516,8.32,8.7,56
Product_0806,Category_001,Whse_J,512,2.94,3.51,157
Product_2165,Category_024,Whse_A,511,4.78,7.43,101
Product_1930,Category_001,Whse_J,505,2.5,1.7,170
Product_2061,Category_009,Whse_J,505,17.41,24.26,25
Product_0553,Category_030,Whse_J,500,500.0,,1
Product_0800,Category_001,Whse_J,499,4.42,4.05,105
Product_1802,Category_006,Whse_S,495,4.95,4.43,94
Product_0531,Category_022,Whse_S,495,5.5,7.2,84
Product_1781,Category_018,Whse_J,494,3.74,4.89,122
Product_0641,Category_019,Whse_J,493,2.08,2.35,204
Product_1665,Category_026,Whse_J,493,6.09,10.57,69
Product_0616,Category_001,Whse_J,483,2.79,2.54,156
Product_0331,Category_021,Whse_J,483,5.14,7.43,89
Product_1792,Category_024,Whse_C,482,3.95,5.16,111
Product_0954,Category_028,Whse_J,482,3.65,4.2,107
Product_0530,Category_022,Whse_S,478,4.6,5.33,99
Product_1792,Category_024,Whse_A,477,2.54,2.33,165
Product_1620,Category_006,Whse_J,474,1.21,0.95,318
Product_1113,Category_007,Whse_J,473,4.38,7.07,96
Product_0498,Category_015,Whse_J,471,4.76,7.09,95
Product_0482,Category_015,Whse_J,468,3.04,4.46,141
Product_2119,Category_009,Whse_A,466,17.26,19.51,24
Product_1836,Category_031,Whse_J,464,3.71,3.56,113
Product_1859,Category_001,Whse_J,463,2.22,2.42,180
Product_1801,Category_017,Whse_J,460,5.97,8.99,64
Product_0324,Category_007,Whse_J,460,7.3,10.63,51
Product_0520,Category_022,Whse_J,460,4.89,6.29,89
Product_2096,Category_009,Whse_J,459,24.16,32.23,18
Product_1953,Category_001,Whse_J,456,3.17,2.3,129
Product_1714,Category_026,Whse_J,454,3.91,4.49,97
Product_0262,Category_001,Whse_J,447,4.3,4.34,98
Product_0266,Category_001,Whse_J,441,1.79,2.21,213
Product_0440,Category_012,Whse_S,440,24.44,24.83,17
Product_1774,Category_024,Whse_A,438,6.17,7.65,64
Product_0499,Category_015,Whse_J,435,3.51,3.48,110
Product_1800,Category_017,Whse_A,431,5.75,6.66,70
Product_2103,Category_009,Whse_J,428,35.67,54.04,10
Product_0264,Category_001,Whse_J,428,2.04,2.71,187
Product_1786,Category_018,Whse_A,426,4.73,3.63,82
Product_0579,Category_012,Whse_S,423,32.54,21.16,11
Product_0639,Category_019,Whse_A,421,2.15,3.52,159
Product_0471,Category_015,Whse_J,420,4.38,6.47,90
Product_1928,Category_001,Whse_J,415,3.24,2.26,105
Product_0494,Category_015,Whse_J,414,6.57,8.3,54
Product_1584,Category_031,Whse_A,414,3.21,2.83,120
Product_1794,Category_024,Whse_C,413,3.53,3.06,99
Product_1946,Category_001,Whse_J,413,2.19,1.26,160
Product_0799,Category_001,Whse_J,407,3.36,3.31,108
Product_0537,Category_022,Whse_J,404,8.08,13.9,40
Product_1769,Category_001,Whse_J,404,2.09,1.81,171
Product_1179,Category_024,Whse_S,403,4.8,6.41,72
Product_1145,Category_028,Whse_J,399,3.91,7.69,86
Product_0526,Category_022,Whse_S,399,6.65,6.47,55
Product_1929,Category_001,Whse_J,399,2.45,1.84,143
Product_1768,Category_001,Whse_J,397,2.12,3.79,174
Product_0352,Category_021,Whse_A,396,3.38,3.9,109
Product_1937,Category_001,Whse_J,395,3.46,2.68,104
Product_1753,Category_001,Whse_J,395,2.05,2.37,170
Product_1945,Category_001,Whse_J,394,2.26,1.85,141
Product_0456,Category_015,Whse_A,393,4.37,3.48,73
Product_0609,Category_001,Whse_S,393,4.91,11.55,73
Product_1941,Category_001,Whse_J,392,1.99,1.44,172
Product_0802,Category_001,Whse_J,392,3.38,3.75,105
Product_0801,Category_001,Whse_J,391,3.62,4.09,97
Product_0350,Category_021,Whse_J,388,2.98,3.25,117
Product_0327,Category_021,Whse_J,385,2.83,3.64,123
Product_0578,Category_012,Whse_J,385,15.4,18.49,23
Product_0529,Category_022,Whse_J,385,4.48,5.09,74
Product_1876,Category_001,Whse_J,384,3.66,5.22,101
Product_1681,Category_021,Whse_J,381,4.05,4.3,91
Product_2161,Category_022,Whse_S,380,29.23,19.82,13
Product_1644,Category_024,Whse_A,379,2.58,3.0,138
Product_1874,Category_001,Whse_J,379,1.57,1.36,216
Product_1794,Category_024,Whse_S,379,4.12,5.38,85
Product_1865,Category_001,Whse_J,378,1.97,2.81,178
Product_0365,Category_007,Whse_J,378,2.68,3.92,126
Product_1882,Category_006,Whse_J,375,2.22,2.53,153
Product_1939,Category_001,Whse_J,372,2.45,2.12,138
Product_0256,Category_001,Whse_J,371,1.64,1.49,200
Product_1099,Category_032,Whse_J,368,5.33,1.96,62
Product_1956,Category_001,Whse_J,367,2.46,1.5,131
Product_1178,Category_024,Whse_A,364,3.79,4.09,84
Product_1662,Category_026,Whse_J,360,4.39,5.34,70
Product_0965,Category_006,Whse_A,357,1.76,1.97,174
Product_0824,Category_017,Whse_S,356,18.74,13.58,17
Product_1140,Category_009,Whse_A,350,43.75,29.12,7
Product_1936,Category_001,Whse_J,349,1.4,1.01,233
Product_1694,Category_021,Whse_J,349,3.36,5.52,92
Product_0525,Category_022,Whse_S,348,6.21,6.93,52
Product_1616,Category_024,Whse_A,348,2.7,3.62,118
Product_1870,Category_001,Whse_J,348,2.4,1.72,137
Product_1877,Category_001,Whse_J,347,2.05,2.83,155
Product_1855,Category_001,Whse_J,345,5.85,7.62,49
Product_1792,Category_024,Whse_J,343,3.33,4.41,98
Product_1931,Category_001,Whse_J,342,1.61,1.37,184
Product_1170,Category_024,Whse_S,337,8.87,9.54,30
Product_1898,Category_024,Whse_J,335,3.9,4.0,81
Product_1676,Category_021,Whse_A,335,8.38,11.6,37
Product_0156,Category_021,Whse_J,331,4.66,5.6,65
Product_0539,Category_022,Whse_J,331,7.36,9.81,41
Product_0483,Category_011,Whse_J,331,9.74,13.15,30
Product_0234,Category_007,Whse_J,327,81.75,145.71,4
Product_0565,Category_015,Whse_A,325,3.65,4.24,82
Product_1927,Category_001,Whse_J,324,2.7,2.23,104
Product_0295,Category_015,Whse_J,322,10.73,17.41,24
Product_0617,Category_001,Whse_J,321,2.17,2.72,138
Product_1859,Category_001,Whse_C,320,7.11,8.88,40
Product_0694,Category_001,Whse_J,318,4.3,2.14,62
Product_0518,Category_022,Whse_S,317,7.04,10.75,45
Product_0119,Category_008,Whse_C,317,16.68,13.58,16
Product_0432,Category_018,Whse_A,316,7.02,12.21,38
Product_0807,Category_001,Whse_J,315,7.5,4.02,37
Product_0623,Category_001,Whse_J,313,2.09,1.53,138
Product_0645,Category_019,Whse_S,305,21.79,22.33,8
Product_1917,Category_009,Whse_J,300,8.82,6.5,28
Product_0258,Category_001,Whse_J,298,2.08,1.86,131
Product_1961,Category_001,Whse_J,298,2.53,2.14,104
Product_0965,Category_006,Whse_S,298,2.16,1.45,126
Product_1850,Category_001,Whse_J,298,7.1,9.81,38
Product_1864,Category_001,Whse_J,293,1.45,0.92,177
Product_1171,Category_024,Whse_A,291,5.71,6.82,45
Product_1912,Category_009,Whse_A,290,145.0,176.78,2
Product_1918,Category_018,Whse_A,287,3.02,2.61,89
Product_1772,Category_024,Whse_A,286,1.62,1.54,152
Product_1962,Category_001,Whse_J,280,2.31,1.07,103
Product_1952,Category_001,Whse_J,277,1.41,1.25,178
Product_0629,Category_001,Whse_J,276,2.58,2.32,98
Product_1566,Category_019,Whse_J,274,1.45,3.83,124
Product_0059,Category_019,Whse_J,271,1.14,0.5,133
Product_0642,Category_019,Whse_A,268,2.37,3.14,98
Product_1932,Category_001,Whse_J,265,1.75,1.49,132
Product_1585,Category_031,Whse_A,264,3.88,3.91,62
Product_1859,Category_001,Whse_S,262,4.3,4.55,48
Product_0432,Category_018,Whse_J,261,2.56,2.5,95
Product_1948,Category_001,Whse_J,261,1.89,1.6,124
Product_1976,Category_007,Whse_A,261,1.69,1.26,141
Product_1685,Category_021,Whse_J,261,2.37,2.76,98
Product_0393,Category_007,Whse_J,261,3.35,2.98,74
Product_1804,Category_006,Whse_J,259,4.89,4.79,47
Product_0509,Category_015,Whse_J,258,21.5,11.37,9
Product_0617,Category_001,Whse_C,258,3.11,3.35,74
Product_0473,Category_015,Whse_J,258,4.03,8.71,53
Product_0269,Category_001,Whse_J,249,1.84,1.07,126
Product_0809,Category_001,Whse_S,248,7.75,9.93,22
Product_1923,Category_001,Whse_J,246,2.73,2.44,74
Product_1935,Category_001,Whse_S,245,2.08,1.58,104
Product_1866,Category_001,Whse_J,239,1.66,1.54,129
Product_1943,Category_001,Whse_J,238,2.56,2.16,76
Product_0125,Category_011,Whse_C,236,4.07,4.13,56
Product_1701,Category_026,Whse_J,235,1.85,1.05,117
Product_1867,Category_001,Whse_J,235,1.67,1.43,132
Product_0624,Category_001,Whse_J,233,1.86,1.27,108
Product_1921,Category_001,Whse_J,232,1.81,2.0,109
Product_0270,Category_001,Whse_J,231,1.69,1.19,127
Product_0615,Category_001,Whse_J,228,1.52,1.4,141
Product_0268,Category_001,Whse_J,226,1.63,1.04,126
Product_1696,Category_021,Whse_J,226,2.97,3.45,69
Product_1702,Category_026,Whse_J,223,1.91,1.06,106
Product_0442,Category_015,Whse_A,220,7.33,5.45,28
Product_0959,Category_028,Whse_J,217,1.22,0.87,159
Product_0500,Category_015,Whse_J,217,2.36,2.58,82
Product_1100,Category_032,Whse_J,216,3.48,3.95,57
Product_0271,Category_001,Whse_J,215,2.13,1.86,97
Product_1947,Category_001,Whse_J,214,1.65,1.47,113
Product_0674,Category_011,Whse_J,211,2.22,2.07,92
Product_1924,Category_001,Whse_J,206,2.24,1.03,75
Product_1860,Category_001,Whse_J,206,1.65,1.54,113
Product_0259,Category_001,Whse_J,205,2.28,1.74,81
Product_1709,Category_021,Whse_J,204,3.4,3.66,52
Product_0944,Category_018,Whse_A,202,1.74,1.47,100
Product_0947,Category_018,Whse_J,202,1.1,0.42,160
Product_1693,Category_021,Whse_J,202,3.74,5.07,49
Product_1711,Category_026,Whse_J,201,2.61,1.75,62
Product_1955,Category_001,Whse_J,198,2.04,1.78,90
Product_1647,Category_024,Whse_A,192,8.35,12.05,20
Product_1964,Category_001,Whse_J,191,2.08,1.7,82
Product_1169,Category_007,Whse_J,187,1.2,0.55,145
Product_1856,Category_001,Whse_J,187,1.55,1.26,108
Product_0627,Category_001,Whse_S,185,2.85,3.36,56
Product_0612,Category_001,Whse_J,183,3.59,11.65,47
Product_1949,Category_001,Whse_J,179,1.48,1.16,116
Product_0257,Category_001,Whse_J,177,1.64,1.0,101
Product_0630,Category_001,Whse_J,175,2.27,3.27,74
Product_0572,Category_012,Whse_S,170,15.45,12.27,8
Product_1861,Category_001,Whse_J,168,1.12,0.4,140
Product_2117,Category_009,Whse_A,167,27.83,36.21,5
Product_2099,Category_009,Whse_S,163,163.0,,1
Product_0474,Category_015,Whse_A,160,2.16,2.12,65
Product_0363,Category_023,Whse_J,158,1.15,0.78,127
Product_1963,Category_001,Whse_J,157,1.24,0.62,120
Product_1922,Category_001,Whse_J,156,1.46,1.19,90
Product_1974,Category_006,Whse_J,153,1.07,0.33,133
Product_0637,Category_007,Whse_A,152,1.62,1.24,89
Product_1615,Category_019,Whse_J,151,1.84,0.53,69
Product_1083,Category_016,Whse_A,148,8.22,8.43,18
Product_1708,Category_021,Whse_J,144,3.13,3.92,44
Product_1898,Category_024,Whse_A,144,3.51,4.41,37
Product_1808,Category_028,Whse_A,144,2.32,2.72,52
Product_1690,Category_021,Whse_J,141,2.66,3.09,52
Product_1933,Category_001,Whse_J,140,1.3,0.83,99
Product_0237,Category_007,Whse_J,139,13.9,14.69,10
Product_1688,Category_021,Whse_A,139,9.27,20.93,13
Product_0597,Category_017,Whse_J,135,1.93,1.75,63
Product_1707,Category_026,Whse_A,135,2.65,2.61,49
Product_0577,Category_012,Whse_S,132,18.86,14.68,7
Product_0611,Category_001,Whse_C,130,2.65,1.97,40
Product_0075,Category_028,Whse_A,128,1.91,2.5,63
Product_0812,Category_001,Whse_J,125,3.68,2.45,31
Product_1919,Category_001,Whse_J,124,2.14,1.57,51
Product_0328,Category_021,Whse_J,121,3.02,3.81,36
Product_0244,Category_007,Whse_J,120,17.14,7.56,7
Product_1862,Category_001,Whse_J,116,1.4,0.95,77
Product_0148,Category_023,Whse_A,115,1.83,1.51,60
Product_0673,Category_011,Whse_J,113,1.77,1.39,58
Product_0825,Category_024,Whse_A,112,1.96,1.46,53
Product_0540,Category_022,Whse_J,111,3.36,2.41,31
Product_1965,Category_001,Whse_J,110,1.28,0.61,80
Product_0865,Category_019,Whse_J,108,2.2,0.93,35
Product_1144,Category_007,Whse_S,108,2.77,3.82,38
Product_0480,Category_014,Whse_S,100,3.85,4.7,25
Product_1756,Category_001,Whse_J,99,2.11,1.07,37
Product_0777,Category_001,Whse_J,96,3.2,1.24,27
Product_1857,Category_001,Whse_J,95,1.4,1.2,66
Product_0670,Category_011,Whse_C,94,4.7,8.93,20
Product_0864,Category_019,Whse_J,93,2.16,0.84,30
Product_0811,Category_001,Whse_J,93,3.88,1.83,23
Product_0438,Category_012,Whse_S,88,14.67,14.99,6
Product_1942,Category_001,Whse_J,86,1.51,0.76,49
Product_0526,Category_022,Whse_J,86,3.19,3.1,24
Product_1873,Category_001,Whse_J,85,2.43,3.24,23
Product_1951,Category_001,Whse_J,84,1.62,1.55,49
Product_0945,Category_018,Whse_S,83,1.24,0.5,67
Product_0598,Category_017,Whse_J,83,1.51,1.43,47
Product_0813,Category_001,Whse_J,77,3.67,1.71,16
Product_0645,Category_019,Whse_C,76,3.62,2.01,17
Product_1208,Category_026,Whse_S,76,1.69,2.15,45
Product_0525,Category_022,Whse_J,73,3.65,3.82,18
Product_1854,Category_001,Whse_J,70,1.75,1.5,38
Product_1975,Category_006,Whse_J,70,1.15,0.68,57
Product_1619,Category_024,Whse_S,69,6.9,5.13,8
Product_2151,Category_019,Whse_J,68,3.58,2.46,14
Product_2147,Category_027,Whse_A,68,4.53,6.05,14
Product_1950,Category_001,Whse_J,68,1.33,0.71,45
Product_0945,Category_018,Whse_A,66,1.2,0.85,55
Product_0576,Category_012,Whse_S,66,22.0,13.86,3
Product_1695,Category_021,Whse_J,60,1.62,1.52,33
Product_1689,Category_021,Whse_A,60,5.45,5.72,10
Product_2060,Category_018,Whse_A,58,2.42,1.21,23
Product_0125,Category_011,Whse_J,57,2.48,1.38,22
Product_1944,Category_001,Whse_J,55,1.9,0.94,23
Product_0362,Category_030,Whse_J,55,1.53,0.51,34
Product_1934,Category_001,Whse_J,53,1.2,0.59,41
Product_0644,Category_019,Whse_J,49,2.13,1.55,20
Product_0666,Category_011,Whse_C,42,2.21,2.32,19
Product_0467,Category_013,Whse_A,40,1.14,0.43,33
Product_1697,Category_021,Whse_J,39,1.22,0.55,31
Product_1721,Category_003,Whse_S,36,36.0,,1
Product_0647,Category_027,Whse_A,35,3.18,2.64,8
Product_0466,Category_012,Whse_A,31,7.75,3.69,4
Product_1773,Category_024,Whse_A,31,1.29,0.91,21
Product_1793,Category_024,Whse_A,28,2.8,2.35,9
Product_0633,Category_001,Whse_J,27,1.17,0.39,23
Product_1863,Category_001,Whse_J,24,1.2,0.41,17
Product_1168,Category_007,Whse_A,23,1.21,0.42,19
Product_0638,Category_007,Whse_A,22,1.57,0.94,11
Product_0853,Category_021,Whse_J,20,20.0,,1
Product_0465,Category_012,Whse_A,3,3.0,,1
Product_1703,Category_021,Whse_A,2,2.0,,1
Product_1698,Category_021,Whse_A,2,1.0,0.0,2
