Product_Code,avg_daily_demand,std_daily_demand,total_demand,days_active,cv,annual_demand,EOQ,demand_during_lead,safety_stock,reorder_point,revenue_pct,cumulative_pct,ABC
Product_1359,383501.6233766234,288656.59312489384,472474000,1232,0.7526867567948061,139978092.53246754,83659.0,2684511.363636364,1780361.0,4464872.0,0.0920253202072518,0.0920253202072518,A
Product_1248,240330.00831255197,312570.15716528794,289117000,1203,1.3005873022680832,87720453.03408146,66227.0,1682310.0581878636,1573339.0,3255649.0,0.0563122722146827,0.1483375924219346,A
Product_0083,151547.4820143885,290622.1924130311,210651000,1390,1.9176972691993548,55314830.9352518,52590.0,1060832.374100719,1359465.0,2420297.0,0.0410291904464114,0.1893667828683461,A
Product_1341,112584.2175066313,175146.40061547878,169777000,1508,1.5556923030100778,41093239.38992043,45328.0,788089.5225464192,847434.0,1635524.0,0.0330680265767568,0.2224348094451029,A
Product_1295,101317.17337715694,64984.25739951783,123303000,1217,0.641394299045548,36980768.28266229,43000.0,709220.2136400986,437115.0,1146335.0,0.0240161322263548,0.2464509416714577,A
Product_1241,58432.25806451613,95352.94418037568,117741000,2015,1.631854515618663,21327774.19354839,32656.0,409025.8064516129,457324.0,866350.0,0.0229328031310125,0.2693837448024703,A
Product_1245,228558.49889624724,358521.47125868755,103537000,453,1.568620169409829,83423852.09713024,64585.0,1599909.4922737307,1731961.0,3331870.0,0.020166243175917,0.2895499879783874,A
Product_1286,83387.84893267651,56477.5762118122,101566400,1218,0.677287841510453,30436564.860426925,39011.0,583714.9425287356,368323.0,952038.0,0.019782422910674,0.3093324108890614,A
Product_1432,50314.18219461698,227634.45476935108,97207000,1932,4.524260255067909,18364676.5010352,30302.0,352199.27536231885,1004369.0,1356568.0,0.0189333281860723,0.3282657390751337,A
Product_1274,76974.2951907131,59053.61656300889,92831000,1206,0.7671861939975732,28095617.744610284,37480.0,538820.0663349917,360788.0,899608.0,0.0180810002246883,0.346346739299822,A
Product_1451,77646.66103127641,64570.809413783645,91856000,1183,0.8315980179466345,28341031.27641589,37644.0,543526.6272189348,379750.0,923277.0,0.0178910962570582,0.3642378355568803,A
Product_1287,73077.10049423394,55964.88419811964,88715600,1214,0.7658333981455037,26673141.680395387,36519.0,511539.70345963753,342215.0,853755.0,0.0172794301853191,0.3815172657421994,A
Product_1378,68495.2497952498,45602.04978540078,83632700,1221,0.6657695230211909,25000766.175266176,35356.0,479466.7485667486,300262.0,779729.0,0.0162894169780708,0.3978066827202702,A
Product_1382,67345.58944765045,46504.41645607884,81690200,1213,0.6905339583110782,24581140.148392413,35058.0,471419.1261335531,300069.0,771488.0,0.0159110698425615,0.4137177525628318,A
Product_1264,37646.47887323944,79055.60112259378,80187000,2130,2.0999467543507646,13740964.788732396,26212.0,263525.3521126761,365652.0,629177.0,0.0156182866178009,0.4293360391806328,A
Product_1294,64466.83046683047,43709.9351597224,78714000,1221,0.6780220904797247,23530393.12039312,34300.0,451267.8132678133,284887.0,736155.0,0.0153313855467044,0.4446674247273372,A
Product_1480,58129.20089619119,194053.05826809985,77835000,1339,3.3383059680219143,21217158.327109784,32571.0,406904.4062733383,865875.0,1272779.0,0.0151601798158871,0.4598276045432243,A
Product_1350,44724.78134110788,67514.19789655744,76703000,1715,1.5095478585269937,16324545.189504374,28570.0,313073.46938775515,328594.0,641667.0,0.014939696440136,0.4747673009833604,A
Product_1016,50224.43839346495,122124.6138290846,73779700,1469,2.431577489674332,18331920.013614707,30275.0,351571.0687542546,556561.0,908132.0,0.0143703156518559,0.4891376166352163,A
Product_1453,58124.072547403135,41939.88780398959,70504500,1213,0.7215579701471447,21215286.479802143,32569.0,406868.5078318219,264337.0,671206.0,0.0137323941392588,0.5028700107744751,A
Product_1342,54695.30558015943,187762.4999029009,61751000,1129,3.432881449537256,19963786.536758192,31594.0,382867.139061116,836695.0,1219562.0,0.0120274460565406,0.5148974568310158,A
Product_1360,51954.46880269815,60605.77141276363,61618000,1186,1.166517006321816,18963381.112984825,30792.0,363681.28161888703,314285.0,677966.0,0.0120015412076229,0.5268989980386388,A
Product_1377,46394.23393739703,32234.995034821077,56322600,1214,0.6948060631482351,16933895.387149915,29098.0,324759.63756177924,207300.0,532060.0,0.0109701386740962,0.5378691367127351,A
Product_1570,43297.90660225443,63056.79477335313,53776000,1242,1.456347424659785,15803735.909822866,28110.0,303085.346215781,309180.0,612265.0,0.0104741289879764,0.5483432657007115,A
Product_1278,29952.54431103488,59467.84923138711,52387000,1749,1.985402262120298,10932678.67352773,23380.0,209667.81017724416,276920.0,486588.0,0.010203588874091,0.5585468545748026,A
Product_1393,28893.83770591824,65489.73732275673,47357000,1639,2.2665641715479925,10546250.76266016,22963.0,202256.8639414277,300436.0,502693.0,0.0092238791744198,0.5677707337492224,A
Product_1574,123119.17808219178,143692.7006274442,44938500,365,1.1671025007291551,44938500.0,47402.0,861834.2465753425,745041.0,1606875.0,0.008752819948047,0.5765235536972695,A
Product_1152,213285.7142857143,266634.91209885816,44790000,210,1.250130197382456,77849285.71428572,62390.0,1493000.0,1356004.0,2849004.0,0.0087238961129772,0.5852474498102467,A
Product_1431,37571.91201353638,50560.71196904737,44410000,1182,1.3457050562353974,13713747.884940775,26186.0,263003.38409475464,252373.0,515376.0,0.0086498822589265,0.5938973320691732,A
Product_0033,20756.973995271863,39520.86849573674,43901000,2115,1.9039802480235808,7576295.508274231,19463.0,145298.8179669031,185049.0,330348.0,0.0085507426491586,0.6024480747183317,A
Product_1263,40701.75438596492,82183.5704715712,41760000,1026,2.0191653089998094,14856140.350877194,27254.0,284912.2807017544,381895.0,666807.0,0.0081337330135728,0.6105818077319046,A
Product_1403,20588.46153846154,37039.91545386134,37471000,1820,1.7990618378486731,7514788.461538462,19384.0,144119.23076923078,174844.0,318963.0,0.0072983503293005,0.6178801580612051,A
Product_1567,102495.65217391304,148022.06332517278,35361000,345,1.4441789498935158,37410913.04347826,43250.0,717469.5652173912,727083.0,1444553.0,0.0068873786660189,0.6247675367272241,A
Product_1157,70380.7615230461,73635.20819666304,35120000,499,1.0462405720425645,25688977.955911823,35839.0,492665.3306613227,395343.0,888008.0,0.0068404383006867,0.6316079750279109,A
Product_1394,28314.01384083045,63275.8340922157,32731000,1156,2.234788555516219,10334615.051903114,22732.0,198198.09688581317,290695.0,488893.0,0.0063751248866679,0.6379830999145788,A
Product_1502,28435.37859007833,49610.708075117785,32672250,1149,1.7446825234965555,10378913.18537859,22780.0,199047.6501305483,235294.0,434342.0,0.0063636819552851,0.6443467818698639,A
Product_1825,17243.95047833427,32064.46295527431,30642500,1777,1.859461554100431,6294041.924592009,17740.0,120707.6533483399,150631.0,271339.0,0.0059683408493392,0.6503151227192032,A
Product_1361,42518.85369532428,45015.83330596947,28190000,663,1.0587264094309246,15519381.59879336,27856.0,297631.97586727,240713.0,538345.0,0.0054906593307619,0.6558057820499652,A
Product_1356,16894.11027568922,30820.962461365223,26963000,1596,1.8243613873952784,6166350.250626566,17559.0,118258.77192982456,145187.0,263446.0,0.0052516724914982,0.6610574545414635,A
Product_1381,20602.97619047619,16089.511836434063,24229100,1176,0.780931438627372,7520086.30952381,19391.0,144220.83333333334,97450.0,241671.0,0.0047191817662633,0.6657766363077269,A
Product_1554,20880.103806228373,19675.277351632776,24137400,1156,0.9422978704619176,7621237.889273357,19521.0,146160.7266435986,109771.0,255932.0,0.0047013210546411,0.670477957362368,A
Product_1281,30202.63157894737,69575.02083382697,22954000,760,2.303607904230569,11023960.52631579,23478.0,211418.4210526316,318667.0,530085.0,0.0044708263312632,0.6749487836936312,A
Product_0936,19278.969957081543,35116.48307871712,22460000,1165,1.8214916645906252,7036824.034334765,18757.0,134952.78969957083,165460.0,300413.0,0.0043746083209972,0.6793233920146285,A
Product_1452,18400.0,14245.82667003839,21620000,1175,0.7742297103281733,6716000.0,18325.0,128800.0,86646.0,215446.0,0.0042109987488851,0.6835343907635137,A
Product_1526,29850.14005602241,34651.23700226021,21313000,714,1.1608400140577952,10895301.12044818,23340.0,208950.98039215687,179952.0,388903.0,0.0041512033457442,0.687685594109258,A
Product_1904,30967.883211678836,73545.32052878855,21213000,685,2.3748901410559635,11303277.372262774,23773.0,216775.18248175184,335882.0,552657.0,0.0041317260157308,0.6918173201249889,A
Product_1166,161346.15384615384,163271.76714402507,20975000,130,1.011934671214458,58891346.15384615,54264.0,1129423.076923077,886901.0,2016324.0,0.0040853699702991,0.6959026900952879,A
Product_1470,9261.83793571752,27370.895173499943,20459400,2209,2.9552336548609137,3380570.846536895,13001.0,64832.86555002264,122950.0,187783.0,0.0039849448567503,0.6998876349520382,A
Product_1456,17040.871021775543,14375.640384267574,20346800,1194,0.8435977460247058,6219917.922948074,17635.0,119286.0971524288,84003.0,203289.0,0.0039630133831552,0.7038506483351935,A
Product_1970,12411.342894393742,17233.772018909956,19039000,1534,1.3885501484851028,4530140.156453716,15050.0,86879.40026075619,85393.0,172272.0,0.0037082888612407,0.7075589371964343,A
Product_0094,49649.20424403183,89663.06121941985,18717750,377,1.805931486408424,18121959.549071617,30101.0,347544.42970822286,423007.0,770551.0,0.0036457179385728,0.7112046551350072,A
Product_1355,15423.74350086655,26427.399600302397,17799000,1154,1.7134231776363258,5629666.377816291,16777.0,107966.20450606586,125704.0,233670.0,0.0034667699690752,0.7146714251040824,A
Product_1410,8593.654697491393,13124.23803835486,17470900,2033,1.5272009989167945,3136683.9645843585,12523.0,60155.58288243975,63729.0,123885.0,0.0034028648493014,0.718074289953384,A
Product_1886,9325.813568670712,29406.674242845394,16907700,1813,3.153255641055773,3403921.95256481,13046.0,65280.694980694985,131600.0,196881.0,0.0032931685266663,0.7213674584800503,A
Product_1250,8640.989779451318,12829.719362174936,16063600,1859,1.4847511326404546,3153961.2694997317,12558.0,60486.92845615923,62653.0,123140.0,0.0031287603840236,0.724496218864074,A
Product_1234,31318.27111984283,44217.9738653087,15941000,509,1.4118906403263365,11431168.958742632,23907.0,219227.8978388998,218276.0,437504.0,0.0031048811774273,0.7276011000415014,A
Product_0071,22693.11377245509,76437.1755860932,15159000,668,3.3682982579002743,8282986.526946108,20351.0,158851.79640718564,340919.0,499771.0,0.0029525684567229,0.7305536684982243,A
Product_1521,11177.672955974842,16906.645277328036,14218000,1272,1.5125371214489565,4079850.628930818,14283.0,78243.71069182389,82253.0,160497.0,0.0027692867812973,0.7333229552795217,A
Product_0064,17993.654822335026,33553.66973330837,14179000,788,1.8647501057794624,6567684.010152284,18121.0,125955.58375634518,157563.0,283519.0,0.0027616906225921,0.736084645902114,A
Product_0931,25699.815837937385,22920.288229255475,13955000,543,0.8918463997481707,9380432.780847143,21657.0,179898.7108655617,130756.0,310655.0,0.0027180614033623,0.7388027073054763,A
Product_1158,21735.247208931414,32321.420187454616,13628000,627,1.487050958140156,7933365.231259967,19917.0,152146.73046251992,157789.0,309936.0,0.0026543705342186,0.741457077839695,A
Product_1439,11192.561983471074,18235.6174686991,13543000,1210,1.6292621381618482,4085285.123966942,14292.0,78347.93388429753,87485.0,165833.0,0.0026378148037073,0.7440948926434022,A
Product_1520,12464.022140221405,26099.489968296966,13511000,1084,2.093986168724292,4549368.081180812,15082.0,87248.15498154981,120756.0,208004.0,0.002631582058103,0.7467264747015053,A
Product_1156,39244.186046511626,34685.31958438361,13500000,344,0.8838333286687379,14324127.906976745,26762.0,274709.3023255814,198625.0,473334.0,0.0026294395518015,0.7493559142533069,A
Product_1555,12570.214752567694,17091.45602396878,13462700,1071,1.3596789204001103,4588128.384687209,15146.0,87991.50326797385,85102.0,173094.0,0.0026221745077066,0.7519780887610136,A
Product_1242,18094.21265141319,49968.6344357928,13444000,743,2.761581031374148,6604387.617765814,18172.0,126659.48855989231,225457.0,352116.0,0.0026185322469941,0.7545966210080077,A
Product_1279,19626.27737226277,54054.72004166332,13444000,685,2.754201370763119,7163591.240875913,18926.0,137383.9416058394,243939.0,381323.0,0.0026185322469941,0.7572151532550019,A
Product_1290,23029.8769771529,20628.099088182636,13104000,569,0.8957103465488337,8405905.09666081,20501.0,161209.1388400703,117468.0,278677.0,0.0025523093249487,0.7597674625799506,A
Product_1839,13029.850746268658,27482.21272772561,13095000,1005,2.109173256308839,4755895.52238806,15421.0,91208.9552238806,127048.0,218257.0,0.0025505563652475,0.7623180189451981,A
Product_1262,11147.826086956522,15395.629198804005,13076400,1173,1.3810431808599537,4068956.5217391294,14264.0,78034.78260869565,76380.0,154415.0,0.002546933581865,0.7648649525270632,A
Product_1465,11794.202898550724,68103.11306331235,12207000,1035,5.774287050096525,4304884.057971015,14671.0,82559.42028985507,298905.0,381464.0,0.002377597674729,0.7672425502017922,A
Product_1149,30617.12846347607,44917.820683619306,12155000,397,1.4670814324472945,11175251.889168764,23638.0,214319.89924433248,219900.0,434220.0,0.002367469463122,0.7696100196649143,A
Product_1159,40704.69798657718,57076.71054769639,12130000,298,1.4022143234306286,14857214.765100673,27255.0,284932.88590604026,282186.0,567119.0,0.0023626001306187,0.771972619795533,A
Product_1151,38003.194888178914,39764.00724035814,11895000,313,1.046333271646246,13871166.134185305,26335.0,266022.3642172524,213484.0,479506.0,0.0023168284050873,0.7742894482006204,A
Product_1512,8459.174964438122,11778.300110055476,11893600,1406,1.3923698421620034,3087598.862019914,12425.0,59214.22475106685,58325.0,117539.0,0.0023165557224672,0.7766060039230877,A
Product_0063,20323.630136986303,22047.73528173271,11869000,584,1.084832538927618,7418125.000000001,19259.0,142265.41095890413,116946.0,259211.0,0.0023117642992839,0.7789177682223716,A
Product_1216,10317.391304347826,16268.82392815001,11865000,1150,1.576835020427519,3765847.826086957,13722.0,72221.73913043478,78515.0,150737.0,0.0023109852060833,0.781228753428455,A
Product_1479,10857.142857142857,14291.825195176105,11704000,1078,1.3163523206083254,3962857.142857143,14076.0,76000.0,71722.0,147722.0,0.0022796267047619,0.7835083801332169,A
Product_1018,28181.598062953995,52620.02876792339,11639000,413,1.8671768950212528,10286283.292978209,22678.0,197271.186440678,247051.0,444322.0,0.0022669664402532,0.7857753465734701,A
Product_1496,6910.042219541617,14356.638918922035,11456850,1658,2.077648509631594,2522165.4101326903,11230.0,48370.29553679132,66485.0,114855.0,0.0022314884836339,0.7880068350571041,A
Product_1316,10071.17278424351,13210.626620346124,11249500,1117,1.311726737626261,3675978.066248881,13557.0,70498.20948970458,66354.0,136852.0,0.0021911022398512,0.7901979372969554,A
Product_0084,106561.90476190476,98276.58417108828,11189000,105,0.9222487566327884,38895095.23809524,44099.0,745933.3333333334,552998.0,1298931.0,0.0021793184551931,0.7923772557521486,A
Product_0933,24183.006535947712,22359.14803798825,11100000,459,0.9245809864357304,8826797.385620914,21008.0,169281.045751634,125687.0,294968.0,0.0021619836314812,0.7945392393836299,A
Product_1396,44950.61728395062,72704.12720921525,10923000,243,1.6174222202544453,16406975.308641976,28642.0,314654.3209876543,349250.0,663904.0,0.0021275087573576,0.7966667481409876,A
Product_1430,9421.991341991345,23511.067149893224,10882400,1155,2.495339498467863,3439026.83982684,13113.0,65953.93939393939,106909.0,172863.0,0.0021196009613722,0.7987863491023599,A
Product_1581,8891.556291390729,14627.23209300758,10741000,1208,1.6450699532960764,3245418.046357616,12739.0,62240.8940397351,70055.0,132296.0,0.0020920600167333,0.8008784091190932,B
Product_1267,27665.79634464752,45990.586958936765,10596000,383,1.662362665654283,10098015.665796343,22470.0,193660.57441253265,219867.0,413528.0,0.002063817888214,0.8029422270073073,B
Product_0082,21208.163265306124,25131.505551033628,10392000,490,1.184992082371678,7740979.591836736,19674.0,148457.14285714287,129728.0,278185.0,0.0020240841349868,0.8049663111422941,B
Product_1195,12172.869147659065,27469.937826394547,10140000,833,2.256652683371465,4443097.238895558,14905.0,85210.08403361344,126075.0,211285.0,0.0019750012633531,0.8069413124056473,B
Product_1150,27561.98347107438,33320.69833439027,10005000,363,1.2089368810978178,10060123.96694215,22428.0,192933.88429752068,171022.0,363956.0,0.0019487068678351,0.8088900192734825,B
Product_0066,44418.181818181816,78363.26623103463,9772000,220,1.764215981460051,16212636.363636363,28472.0,310927.2727272727,371014.0,681941.0,0.001903324688904,0.8107933439623866,B
Product_1282,24582.278481012658,17911.661115943538,9710000,395,0.728641209144974,8972531.64556962,21181.0,172075.9493670886,112320.0,284396.0,0.0018912487442958,0.8126845927066824,B
Product_1246,10431.03448275862,17816.927886620644,9680000,928,1.7080691197090865,3807327.5862068967,13797.0,73017.24137931035,84791.0,157808.0,0.0018854055452918,0.8145699982519742,B
Product_1315,8833.54898336414,12646.350739365003,9557900,1082,1.4316273972308704,3224245.378927911,12697.0,61834.84288354898,62236.0,124071.0,0.0018616237253455,0.8164316219773197,B
Product_1237,49926.70157068063,47614.51425231761,9536000,191,0.9536883622265796,18223246.07329843,30185.0,349486.9109947644,264411.0,613898.0,0.0018573581900725,0.8182889801673923,B
Product_1513,5335.221536735839,8510.246945853054,9512700,1783,1.5951065737862011,1947355.8609085807,9868.0,37346.55075715087,40984.0,78331.0,0.0018528199721794,0.8201418001395717,B
Product_1233,30075.16339869281,44132.63434135377,9203000,306,1.4674112907154464,10977434.640522877,23428.0,210526.1437908497,216046.0,426572.0,0.0017924986811281,0.8219342988206999,B
Product_1135,11218.204488778056,13394.094428557995,8997000,802,1.1939606237305225,4094644.6384039903,14308.0,78527.4314214464,68990.0,147517.0,0.0017523753813006,0.8236866742020006,B
Product_0002,25031.161473087817,46584.69672956758,8836000,353,1.861068124212014,9136373.937677054,21373.0,175218.13031161472,218816.0,394034.0,0.0017210168799791,0.8254076910819798,B
Product_1450,8334.914611005692,12551.688956937793,8785000,1054,1.5059169220958948,3042243.8330170773,12333.0,58344.40227703984,61119.0,119463.0,0.0017110834416723,0.8271187745236521,B
Product_0065,17478.957915831663,27781.29333117599,8722000,499,1.5894135946178425,6379819.639278557,17860.0,122352.70541082164,133878.0,256231.0,0.0016988127237639,0.828817587247416,B
Product_1269,21691.51670951157,22299.10208105919,8438000,389,1.0280102760763243,7917403.598971723,19896.0,151840.61696658097,120455.0,272296.0,0.001643497106526,0.8304610843539421,B
Product_1388,5843.016759776537,12121.090944286454,8367200,1432,2.074457671887633,2132701.117318436,10326.0,40901.11731843576,56143.0,97044.0,0.0016297071568766,0.8320907915108187,B
Product_1463,7020.017182130584,5466.979246396496,8171300,1164,0.7787700663059148,2562306.271477663,11319.0,49140.12027491409,33157.0,82297.0,0.0015915510673804,0.8336823425781992,B
Product_1823,11321.321321321322,9159.180220501985,7540000,666,0.8090204279647641,4132282.2822822826,14374.0,79249.24924924926,54552.0,133801.0,0.0014685906830062,0.8351509332612054,B
Product_0070,15281.632653061224,21938.99026510815,7488000,490,1.4356443950190965,5577795.918367347,16700.0,106971.42857142857,107902.0,214873.0,0.0014584624713992,0.8366093957326046,B
Product_0979,3660.758861707439,6434.244968521962,7332500,2003,1.757626003675348,1336176.984523215,8174.0,25625.31203195207,30481.0,56106.0,0.0014281752232285,0.8380375709558332,B
Product_0085,16215.419501133789,17404.318635130894,7151000,441,1.0733190488173296,5918628.117913832,17203.0,113507.93650793652,92641.0,206149.0,0.0013928238692543,0.8394303948250875,B
Product_1418,7571.351931330472,14065.955773126972,7056500,932,1.8577865486507956,2763543.4549356224,11755.0,52999.46351931331,66087.0,119086.0,0.0013744177923916,0.8408048126174792,B
Product_1817,16279.761904761905,42766.59688369403,6837500,420,2.6269792601318454,5942113.095238095,17237.0,113958.33333333331,193667.0,307625.0,0.0013317624396624,0.8421365750571417,B
Product_0980,7992.298288508558,22433.52321564429,6537700,818,2.8068926366148697,2917188.8753056237,12077.0,55946.0880195599,101106.0,157052.0,0.0012733694042824,0.8434099444614241,B
Product_1247,13747.368421052632,21844.853993876197,6530000,475,1.5890207729082988,5017789.47368421,15839.0,96231.57894736844,105275.0,201507.0,0.0012718696498714,0.8446818141112956,B
Product_1375,11655.913978494624,14410.121086848989,6504000,558,1.2362926762702546,4254408.602150538,14585.0,81591.39784946237,73505.0,155096.0,0.0012668055440679,0.8459486196553636,B
Product_1824,24806.949806949808,28569.943243544105,6425000,259,1.1516910972883927,9054536.67953668,21277.0,173648.64864864864,148723.0,322372.0,0.0012514184533574,0.847200038108721,B
Product_1023,4903.941267387944,9446.146863362856,6345700,1294,1.926235725166891,1789938.5625965996,9460.0,34327.58887171561,44161.0,78489.0,0.0012359729306568,0.8484360110393778,B
Product_0021,5052.419354838709,7516.894758709028,6265000,1240,1.4877812451395365,1844133.064516129,9602.0,35366.93548387096,36693.0,72060.0,0.001220254725336,0.8496562657647139,B
Product_0424,21533.101045296167,23273.03998192424,6180000,287,1.0808029894518214,7859581.881533101,19824.0,150731.70731707316,123596.0,274328.0,0.0012036989948247,0.8508599647595386,B
Product_1461,5265.748709122203,27598.173003709067,6118800,1162,5.241072927748895,1921998.278829604,9803.0,36860.24096385542,121347.0,158207.0,0.0011917788688565,0.8520517436283952,B
Product_1299,6416.881720430108,12929.251260874871,5967700,930,2.014880719978154,2342161.8279569894,10822.0,44918.17204301075,60096.0,105014.0,0.0011623486232063,0.8532140922516016,B
Product_1435,9402.225755166932,18358.654256805647,5914000,629,1.9525859870697924,3431812.4006359302,13099.0,65815.58028616852,85673.0,151489.0,0.0011518892969892,0.8543659815485908,B
Product_1787,8229.748603351954,12589.53702302805,5892500,716,1.529759611113803,3003858.240223463,12255.0,57608.24022346368,61112.0,118720.0,0.0011477016710363,0.8555136832196272,B
Product_1222,5034.420600858369,7612.3503452133245,5865100,1165,1.512060860372973,1837563.5193133047,9585.0,35240.94420600858,37037.0,72278.0,0.0011423648826127,0.8566560481022398,B
Product_0073,38350.99337748344,84372.76011253054,5791000,151,2.200014984802644,13998112.582781456,26456.0,268456.9536423841,388250.0,656707.0,0.0011279321810728,0.8577839802833126,B
Product_1270,6411.3082039911305,6858.6816956254925,5783000,902,1.0697788153993073,2340127.4944567624,10817.0,44879.15742793791,36548.0,81427.0,0.0011263739946717,0.8589103542779843,B
Product_1624,42873.13432835821,45044.24251874021,5745000,134,1.050640295476273,15648694.029850747,27972.0,300111.94029850746,241493.0,541605.0,0.0011189726092666,0.860029326887251,B
Product_1312,4630.892255892256,7159.909932354911,5501500,1188,1.5461188766041325,1690275.673400673,9193.0,32416.24579124579,34684.0,67100.0,0.0010715453106841,0.8611008721979352,B
Product_0998,6506.937799043062,15701.14530170802,5439800,836,2.4129853068546465,2375032.296650717,10897.0,45548.56459330143,71604.0,117153.0,0.0010595277980659,0.8621603999960011,B
Product_1466,10182.33082706767,27317.59619690165,5417000,532,2.682843119208358,3716550.7518797,13632.0,71276.3157894737,123512.0,194788.0,0.0010550869668229,0.863215486962824,B
Product_1162,48333.333333333336,49987.87731828466,5365000,111,1.0342319445162345,17641666.666666668,29700.0,338333.3333333334,269455.0,607788.0,0.0010449587552159,0.86426044571804,B
Product_1224,5368.7374749499,6757.758987179465,5358000,998,1.2587240517366751,1959589.1783567131,9898.0,37581.162324649296,34305.0,71886.0,0.001043595342115,0.865304041060155,B
Product_0374,9126.929674099483,12430.052210076095,5321000,583,1.3619094979279016,3331329.331046312,12906.0,63888.5077186964,61868.0,125757.0,0.00103638873001,0.8663404297901651,B
Product_1047,23750.0,20492.80744433697,5320000,224,0.8628550502878725,8668750.0,20819.0,166250.0,118566.0,284816.0,0.0010361939567099,0.8673766237468751,B
Product_1048,58977.27272727273,5681.138935365498,5190000,88,0.096327596591939,21526704.545454547,32808.0,412840.9090909091,195587.0,608428.0,0.0010108734276926,0.8683874971745676,B
Product_2042,49711.53846153846,7433.42369984511,5170000,104,0.1495311537299596,18144711.53846154,30120.0,347980.76923076925,166705.0,514686.0,0.0010069779616899,0.8693944751362576,B
Product_1147,30666.666666666668,25354.39860172756,5060000,165,0.8267738674476378,11193333.333333334,23657.0,214666.6666666667,149507.0,364174.0,0.0009855528986752,0.8703800280349329,B
Product_0098,31791.13924050633,21681.84946322831,5023000,158,0.6820092007147268,11603765.822784811,24087.0,222537.9746835443,140858.0,363396.0,0.0009783462865703,0.8713583743215032,B
Product_0387,8291.032148900169,12099.302576230091,4900000,591,1.4593240454187726,3026226.7343485616,12301.0,58037.22504230119,59300.0,117337.0,0.0009543891706539,0.8723127634921571,B
Product_0012,4392.300641613199,4421.59995590761,4792000,1091,1.0066706076575964,1603189.7341888177,8953.0,30746.1044912924,24063.0,54809.0,0.0009333536542394,0.8732461171463967,B
Product_0031,2812.4186871673564,3847.4120409390775,4755800,1691,1.3680082764683084,1026532.8208160852,7164.0,19686.930810171496,19130.0,38817.0,0.0009263028607746,0.8741724200071713,B
Product_1256,10192.703862660945,18685.10965972597,4749800,466,1.833184787029412,3720336.909871245,13639.0,71348.92703862661,87957.0,159306.0,0.0009251342209738,0.8750975542281452,B
Product_1153,26954.02298850575,26020.848931150085,4690000,174,0.9653790435010904,9838218.390804598,22179.0,188678.16091954024,143825.0,332503.0,0.0009134867776258,0.8760110410057711,B
Product_1812,26820.809248554917,43217.368728399306,4640000,173,1.611337239226957,9789595.375722542,22124.0,187745.6647398844,207744.0,395490.0,0.0009037481126192,0.8769147891183903,B
Product_1766,5830.5941845764855,10781.800160909545,4612000,791,1.8491769139808,2128166.877370417,10315.0,40814.1592920354,50690.0,91504.0,0.0008982944602154,0.8778130835786058,B
Product_1348,10072.687224669604,19629.942963596524,4573000,454,1.9488288006719487,3676530.837004405,13558.0,70508.81057268723,91629.0,162138.0,0.0008906983015102,0.878703781880116,B
Product_1455,4454.166666666667,6160.695224114133,4543250,1020,1.3831308267421814,1625770.8333333335,9016.0,31179.166666666668,30553.0,61732.0,0.0008849037958312,0.8795886856759473,B
Product_1458,4253.333333333333,5382.1630594023245,4529800,1065,1.2653988384174746,1552466.6666666665,8810.0,29773.33333333333,27284.0,57057.0,0.0008822840949445,0.8804709697708918,B
Product_0077,49011.11111111111,62789.91088434447,4411000,90,1.281136245656541,17889055.555555556,29907.0,343077.7777777777,317275.0,660353.0,0.0008591450268886,0.8813301147977805,B
Product_1548,4930.272108843537,10462.08178155599,4348500,882,2.122008998811632,1799549.3197278911,9486.0,34511.90476190476,48332.0,82844.0,0.0008469716956303,0.8821770864934108,B
Product_1387,3172.3201174743026,3737.769815682184,4320700,1362,1.1782448420300262,1157896.8428781205,7609.0,22206.24082232012,19326.0,41532.0,0.0008415569978865,0.8830186434912973,B
Product_1407,15810.408921933084,45273.60153254522,4253000,269,2.863531345463124,5770799.256505576,16986.0,110672.8624535316,203775.0,314448.0,0.0008283708454675,0.8838470143367649,B
Product_1493,3978.373205741627,6213.458405644021,4157400,1045,1.5618088309756102,1452106.2200956938,8521.0,27848.612440191388,30041.0,57890.0,0.0008097505179748,0.8846567648547398,B
Product_1469,3000.1448225923245,3727.7494445094094,4143200,1381,1.2425231663611445,1095052.8602461985,7400.0,21001.013758146277,18989.0,39990.0,0.0008069847371129,0.8854637495918527,B
Product_0981,2936.9502523431865,7964.000387003382,4073550,1387,2.7116565493914866,1071986.8421052631,7321.0,20558.651766402305,35980.0,56539.0,0.0007934187767586,0.8862571683686113,B
Product_1165,32601.62601626016,65772.05294161093,4010000,123,2.017447010428465,11899593.49593496,24392.0,228211.38211382116,305665.0,533876.0,0.0007810409335351,0.8870382093021465,B
Product_0016,3566.785714285714,3247.258337439874,3994800,1120,0.910415875120822,1301876.7857142857,8068.0,24967.5,18368.0,43336.0,0.0007780803793731,0.8878162896815196,B
Product_1198,5903.703703703704,7760.581054902032,3985000,675,1.3145275312569311,2154851.851851852,10380.0,41325.92592592593,38959.0,80285.0,0.0007761716010317,0.8885924612825514,B
Product_1991,3200.644122383253,5245.477656596378,3975200,1242,1.6388818800293574,1168235.104669887,7643.0,22404.508856682773,25139.0,47544.0,0.0007742628226904,0.8893667241052419,B
Product_1134,5355.342465753424,10907.842169816338,3909400,730,2.036815057033286,1954700.0,9886.0,37487.39726027397,50633.0,88120.0,0.0007614467395417,0.8901281708447836,B
Product_1556,9188.235294117649,10286.570882006494,3905000,425,1.11953716385474,3353705.882352941,12949.0,64317.64705882352,54015.0,118333.0,0.0007605897370211,0.8908887605818047,B
Product_1380,4894.816687737041,8330.844681019169,3871800,791,1.701972762716608,1786608.09102402,9451.0,34263.71681415929,39670.0,73934.0,0.0007541232634566,0.8916428838452614,B
Product_1397,12242.811501597444,7017.274090404855,3832000,313,0.5731750496598955,4468626.198083067,14948.0,85699.6805111821,50544.0,136244.0,0.0007463712861113,0.8923892551313728,B
Product_1163,20320.85561497326,22436.37942816604,3800000,187,1.1041060402808025,7417112.29946524,19258.0,142245.98930481283,118332.0,260578.0,0.0007401385405071,0.8931293936718799,B
Product_0984,2209.738717339668,4630.955819628228,3721200,1684,2.095702891608604,806554.6318289785,6350.0,15468.171021377671,21424.0,36892.0,0.0007247904044565,0.8938541840763365,B
Product_0943,4354.265402843602,5118.416802384281,3675000,844,1.1754949064523357,1589306.8720379146,8914.0,30479.857819905214,26483.0,56963.0,0.0007157918779904,0.894569975954327,B
Product_1404,6696.132596685083,31354.150777743223,3636000,543,4.682426807567263,2444088.3977900557,11055.0,46872.928176795576,138216.0,185089.0,0.0007081957192852,0.8952781716736122,B
Product_1374,6742.537313432836,9549.719391997593,3614000,536,1.416339123993002,2461026.119402985,11093.0,47197.76119402985,47108.0,94306.0,0.0007039107066822,0.8959820823802945,B
Product_1372,4387.562189054726,4515.347513258818,3527600,804,1.0291244474033592,1601460.1990049751,8948.0,30712.935323383084,24382.0,55095.0,0.0006870822935507,0.8966691646738453,B
Product_2043,31531.53153153153,7651.286071124158,3500000,111,0.2426550725413661,11509009.00900901,23989.0,220720.7207207207,108943.0,329664.0,0.000681706550467,0.8973508712243123,B
Product_1363,11672.35494880546,8374.894412559783,3420000,293,0.7174982640000047,4260409.556313993,14595.0,81706.48464163824,52941.0,134647.0,0.0006661246864564,0.8980169959107688,B
Product_1402,2904.1702127659573,4998.9666364832265,3412400,1175,1.721306352674889,1060022.1276595744,7280.0,20329.1914893617,23760.0,44089.0,0.0006646444093753,0.8986816403201442,B
Product_0093,11166.940789473683,13416.926314639137,3394750,304,1.2014862949113474,4075933.388157895,14276.0,78168.5855263158,68984.0,147153.0,0.000661206660628,0.8993428469807723,B
Product_1101,16475.728155339806,19819.844531985647,3394000,206,1.202972296284338,6013640.776699029,17340.0,115330.09708737864,101869.0,217199.0,0.0006610605806529,0.9000039075614252,B
Product_0982,4574.622770919067,16835.56383098671,3334900,729,3.6802081120241423,1669737.3113854595,9137.0,32022.35939643347,74796.0,106818.0,0.000649549478615,0.9006534570400403,B
Product_1508,4731.534090909091,13979.688575378008,3331000,704,2.954578432022251,1727009.943181818,9292.0,33120.73863636364,62797.0,95918.0,0.0006487898627445,0.9013022469027848,B
Product_1637,11870.503597122302,15557.896775979863,3300000,278,1.31063494052194,4332733.812949641,14719.0,83093.52517985612,78160.0,161254.0,0.0006427518904403,0.9019449987932252,B
Product_1459,3578.3606557377047,3981.259647626633,3274200,915,1.1125931762196477,1306101.6393442622,8081.0,25048.52459016393,20947.0,45996.0,0.0006377267392969,0.9025827255325222,B
Product_1154,5266.886326194399,5035.314957843325,3197000,607,0.956032586615858,1922413.509060956,9804.0,36868.20428336079,27935.0,64803.0,0.0006226902405266,0.9032054157730488,B
Product_1000,5211.663947797716,22140.699595977152,3194750,613,4.248297629653023,1902257.3409461663,9753.0,36481.64763458401,97867.0,134349.0,0.0006222520006013,0.90382766777365,B
Product_1399,7847.665847665848,11192.2909872483,3194000,407,1.4261936229837378,2864398.034398034,11967.0,54933.66093366093,55126.0,110060.0,0.0006221059206262,0.9044497736942764,B
Product_1288,12333.333333333334,13429.066178168883,3182000,258,1.0888432036353148,4501666.666666667,15003.0,86333.33333333334,71145.0,157478.0,0.0006197686410246,0.905069542335301,B
Product_1001,5735.897435897436,15840.465914416514,3131800,546,2.7616368827100763,2093602.564102564,10231.0,40151.28205128205,71472.0,111623.0,0.0006099910213579,0.905679533356659,B
Product_2034,33085.10638297872,20215.324525900774,3110000,94,0.6110098088214383,12076063.829787234,24572.0,231595.74468085103,139949.0,371545.0,0.000605744963415,0.906285278320074,B
Product_1314,2193.523131672598,2720.59139976172,3081900,1405,1.240283888726181,800635.9430604983,6327.0,15354.661921708186,13865.0,29220.0,0.0006002718336812,0.9068855501537552,B
Product_1571,19093.75,20506.494407701222,3055000,160,1.0739898871463818,6969218.75,18667.0,133656.25,109131.0,242787.0,0.0005950324319076,0.907480582585663,B
Product_0018,2927.4735830931795,2808.04377834113,3047500,1041,0.9592037976220232,1068527.8578290106,7309.0,20492.315081652258,15559.0,36051.0,0.0005935716321566,0.9080741542178196,B
Product_1464,2223.9852398523985,4288.617279283841,3013500,1355,1.9283479055681447,811754.6125461254,6371.0,15567.89667896679,20046.0,35614.0,0.0005869493399521,0.908661103557772,B
Product_1997,3119.246861924686,2876.9540789701928,2982000,956,0.9223233063365206,1138525.1046025103,7545.0,21834.7280334728,16188.0,38023.0,0.0005808139809979,0.9092419175387698,B
Product_0408,2602.938557435441,2675.249301652037,2923100,1123,1.027780426860264,950072.573463936,6892.0,18220.56990204809,14452.0,32673.0,0.00056934183362,0.90981125937239,B
Product_0829,32808.988764044945,20056.101091967896,2920000,89,0.6112989716387475,11975280.898876404,24470.0,229662.92134831465,138807.0,368470.0,0.0005687380363896,0.9103799974087796,B
Product_1349,4633.17384370016,6003.943057932263,2905000,627,1.2958596548445884,1691108.4529505582,9195.0,32432.21690590112,30249.0,62681.0,0.0005658164368876,0.9109458138456672,B
Product_1969,2404.3910521955263,3189.946729778624,2902100,1207,1.3267171023888902,877602.7340513672,6624.0,16830.737365368685,15978.0,32809.0,0.0005652515943172,0.9115110654399846,B
Product_0932,6652.873563218391,6548.399021290732,2894000,435,0.9842963283557252,2428298.8505747127,11019.0,46570.11494252874,35932.0,82502.0,0.0005636739305862,0.9120747393705708,B
Product_0089,7439.79057591623,10067.503813105435,2842000,382,1.35319720499869,2715523.560209424,11652.0,52078.53403141361,50185.0,102264.0,0.0005535457189792,0.91262828508955,B
Product_1401,2598.8990825688074,3144.350638149021,2832800,1090,1.2098779284038523,948598.1651376148,6887.0,18192.29357798165,16135.0,34327.0,0.000551753804618,0.913180038894168,B
Product_0407,2561.4175022789427,2729.3779488999994,2809875,1097,1.0655732407823475,934917.388331814,6837.0,17929.9225159526,14563.0,32493.0,0.0005472886267124,0.9137273275208806,B
Product_0109,13142.857142857143,8729.237646198,2760000,210,0.6641811252541957,4797142.857142857,15487.0,92000.0,57554.0,149554.0,0.0005375743083683,0.9142649018292488,B
Product_1485,11191.836734693878,7087.273191059493,2742000,245,0.6332538044527993,4085020.408163265,14292.0,78342.85714285714,48030.0,126373.0,0.0005340683889659,0.9147989702182148,B
Product_1343,21382.8125,25389.290659971884,2737000,128,1.1873690918803073,7804726.5625,19754.0,149679.6875,130983.0,280663.0,0.0005330945224652,0.9153320647406802,B
Product_1243,5801.705756929638,6542.849988580285,2721000,469,1.1277459186490826,2117622.601279318,10290.0,40611.94029850746,34279.0,74891.0,0.0005299781496631,0.9158620428903432,B
Product_1268,12156.95067264574,20682.880888089283,2711000,223,1.701321445239362,4437286.995515695,14895.0,85098.65470852019,98494.0,183593.0,0.0005280304166617,0.9163900733070052,B
Product_0938,27602.04081632653,24309.85112606642,2705000,98,0.880726584234569,10074744.897959184,22444.0,193214.2857142857,139418.0,332632.0,0.0005268617768609,0.9169169350838662,B
Product_0079,14562.162162162162,19725.774236077297,2694000,185,1.3545910295747217,5315189.189189189,16302.0,101935.13513513512,98306.0,200241.0,0.0005247192705595,0.9174416543544256,B
Product_1392,1874.0636042402828,1704.0633140026978,2651800,1415,0.9092878759008286,684033.2155477032,5848.0,13118.44522968198,9644.0,22762.0,0.0005164998372938,0.9179581541917196,B
Product_1164,17366.666666666668,15246.263340940215,2605000,150,0.8779038392096093,6338833.333333334,17803.0,121566.66666666669,87557.0,209124.0,0.0005073844468476,0.9184655386385672,B
Product_0837,12097.156398104264,6403.517743746071,2552500,211,0.5293407419903706,4415462.085308057,14858.0,84680.09478672985,48583.0,133263.0,0.0004971588485906,0.9189626974871578,B
Product_1213,2141.623488773748,3022.338861455944,2480000,1158,1.411237258695961,781692.5734024179,6252.0,14991.364421416234,14921.0,29912.0,0.0004830377843309,0.9194457352714888,B
Product_0202,1437.4197314652656,3097.1577444758145,2462300,1713,2.154664832184165,524658.2019848219,5122.0,10061.938120256858,14284.0,24346.0,0.0004795902969185,0.9199253255684072,B
Product_1818,22318.18181818182,23429.35186414636,2455000,110,1.0497876599006513,8146136.363636364,20182.0,156227.27272727274,125645.0,281872.0,0.0004781684518276,0.9204034940202348,B
Product_1826,3101.26582278481,5545.97088637039,2450000,790,1.7882926531561665,1131962.0253164556,7523.0,21708.86075949367,26203.0,47912.0,0.0004771945853269,0.9208806886055618,B
Product_1438,8861.818181818182,16354.283473238012,2437000,275,1.8454772076899688,3234563.636363636,12717.0,62032.72727272727,76911.0,138944.0,0.0004746625324252,0.921355351137987,B
Product_2044,20336.134453781517,3582.625944713608,2420000,119,0.1761704493474873,7422689.075630252,19265.0,142352.9411764706,68693.0,211046.0,0.0004713513863229,0.92182670252431,B
Product_1483,10330.472103004293,12920.772110494425,2407000,233,1.250743623491982,3770622.3175965664,13731.0,72313.30472103004,65702.0,138015.0,0.0004688193334212,0.9222955218577312,B
Product_1460,7315.59633027523,13608.80775991662,2392200,327,1.8602458563216848,2670192.660550459,11555.0,51209.17431192661,63927.0,115136.0,0.0004659366885792,0.9227614585463104,B
Product_1429,1667.294281729428,2475.309492630733,2390900,1434,1.4846266311566656,608562.4128312413,5516.0,11671.059972105995,12088.0,23759.0,0.000465683483289,0.9232271420295994,B
Product_2015,4886.363636363636,6253.57040874594,2365000,484,1.279800455743355,1783522.727272727,9443.0,34204.545454545456,31608.0,65813.0,0.0004606388548156,0.923687780884415,B
Product_1354,8538.181818181818,13659.887076045874,2348000,275,1.5998590059253046,3116436.363636364,12483.0,59767.27272727273,65748.0,125515.0,0.0004573277087133,0.9241451085931284,B
Product_1344,2326.6533066132265,3178.3354875560985,2322000,998,1.3660546152372894,849228.4569138277,6516.0,16286.573146292583,15808.0,32095.0,0.0004522636029098,0.9245973721960382,B
Product_1266,5963.730569948187,11317.093407300154,2302000,386,1.8976533689043695,2176761.6580310883,10433.0,41746.113989637306,53014.0,94760.0,0.0004483681369072,0.9250457403329454,B
Product_1221,15673.758865248226,12148.19002032855,2210000,141,0.775065517134084,5720921.985815602,16913.0,109716.3120567376,73849.0,183565.0,0.0004304489932949,0.9254761893262404,B
Product_1273,5722.79792746114,7911.415290043124,2209000,386,1.382438344027454,2088821.243523316,10220.0,40059.585492227976,39241.0,79301.0,0.0004302542199947,0.9259064435462352,B
Product_1215,12266.666666666666,43003.910436716826,2208000,180,3.505753568210611,4477333.333333333,14962.0,85866.66666666666,191449.0,277316.0,0.0004300594466946,0.9263365029929296,B
Product_1578,24629.213483146068,14174.947508698637,2192000,89,0.5755339088842056,8989662.921348315,21201.0,172404.49438202247,101834.0,274238.0,0.0004269430738925,0.9267634460668224,B
Product_1155,41037.73584905661,35428.129992634895,2175000,53,0.8633061561423675,14978773.58490566,27367.0,287264.1509433962,204931.0,492195.0,0.0004236319277902,0.9271870779946124,B
Product_1486,20628.571428571428,19671.952477721017,2166000,105,0.953626505152681,7529428.571428571,19403.0,144400.0,109244.0,253644.0,0.000421878968089,0.9276089569627016,B
Product_1357,5560.20942408377,8147.285135192991,2124000,382,1.465283861414182,2029476.439790576,10073.0,38921.46596858639,39896.0,78817.0,0.0004136984894834,0.9280226554521852,B
Product_0556,8099.236641221374,13870.282995415246,2122000,262,1.7125420098015054,2956221.3740458013,12158.0,56694.65648854962,65981.0,122676.0,0.0004133089428831,0.9284359643950684,B
Product_1967,4594.360086767896,9276.7996421444,2118000,461,2.019171215783082,1676941.431670282,9157.0,32160.52060737527,43108.0,75269.0,0.0004125298496826,0.9288484942447508,B
Product_1244,4172.134387351779,15949.030020778266,2111100,506,3.822750788931743,1522829.0513833994,8726.0,29204.94071146245,70752.0,99957.0,0.0004111859139117,0.9292596801586628,B
Product_0558,10383.663366336634,61499.76807338498,2097500,202,5.922742860941009,3790037.128712871,13766.0,72685.64356435643,269810.0,342496.0,0.0004085369970299,0.9296682171556926,B
Product_1398,7119.453924914676,7970.153895969533,2086000,293,1.1194894973725182,2598600.6825938565,11399.0,49836.17747440273,41852.0,91688.0,0.0004062971040783,0.930074514259771,B
Product_1878,3441.9732441471574,20884.05322684901,2058300,598,6.067465301295101,1256320.2341137126,7926.0,24093.812709030102,91587.0,115681.0,0.0004009018836646,0.9304754161434357,B
Product_0930,4980.629539951574,4286.987829614309,2057000,413,0.8607321213566891,1817929.7820823244,9534.0,34864.40677966102,24830.0,59694.0,0.0004006486783745,0.9308760648218102,B
Product_0086,5877.142857142857,6632.3244947023695,2057000,350,1.128494687965887,2145157.1428571427,10357.0,41140.0,34740.0,75880.0,0.0004006486783745,0.9312767135001848,B
Product_0420,8590.717299578058,8883.735752710068,2036000,237,1.0341087295639912,3135611.8143459912,12521.0,60135.02109704641,47889.0,108024.0,0.0003965584390717,0.9316732719392564,B
Product_1478,1387.90601243953,1507.6197325929122,2008300,1447,1.0862549186187045,506585.69454042846,5033.0,9715.342087076711,7993.0,17708.0,0.000391163218658,0.9320644351579144,B
Product_2004,2541.772151898734,2539.9523759762315,2008000,790,0.9992840523014058,927746.835443038,6811.0,17792.40506329114,13860.0,31652.0,0.0003911047866679,0.9324555399445824,B
Product_0366,43565.21739130434,55658.34355898016,2004000,46,1.2775867283997442,15901304.347826086,28197.0,304956.52173913043,281441.0,586398.0,0.0003903256934674,0.9328458656380498,B
Product_1239,2064.7916666666665,2921.8335905914964,1982200,960,1.4150742846170097,753648.9583333333,6139.0,14453.541666666666,14416.0,28870.0,0.0003860796355245,0.9332319452735744,B
Product_1846,4253.763440860215,6565.987318734423,1978000,465,1.5435713363051091,1552623.6559139786,8811.0,29776.344086021505,31817.0,61593.0,0.0003852615876639,0.9336172068612384,B
Product_1351,8140.495867768595,17186.217475709702,1970000,242,2.111200319351141,2971280.991735537,12189.0,56983.47107438017,79442.0,136425.0,0.0003837034012628,0.9340009102625012,B
Product_1419,1612.355848434926,2983.2639332108383,1957400,1214,1.850251565810748,588509.884678748,5425.0,11286.49093904448,14025.0,25311.0,0.0003812492576812,0.9343821595201824,B
Product_0985,4807.920792079208,26331.432812872576,1942400,404,5.476677747323167,1754891.0891089109,9367.0,33655.44554455445,115677.0,149332.0,0.0003783276581792,0.9347604871783616,B
Product_1424,1615.5,2815.4748857626687,1938600,1200,1.74278853962406,589657.5,5430.0,11308.5,13356.0,24664.0,0.0003775875196387,0.9351380746980004,B
Product_1416,1562.2168284789643,2626.5794208745947,1930900,1236,1.6813155337930494,570209.142394822,5340.0,10935.51779935275,12533.0,23469.0,0.0003760877652276,0.935514162463228,B
Product_2033,21208.79120879121,6116.492247316054,1930000,91,0.2883941940444357,7741208.791208791,19674.0,148461.53846153847,74676.0,223138.0,0.0003759124692575,0.9358900749324855,B
Product_1440,6494.949494949495,8284.681897088996,1929000,297,1.2755575549172795,2370656.5656565656,10887.0,45464.64646464646,41910.0,87375.0,0.0003757176959574,0.9362657926284432,B
Product_0108,23703.703703703704,20883.273476902777,1920000,81,0.881013099806836,8651851.851851853,20799.0,165925.92592592593,119750.0,285676.0,0.0003739647362562,0.9366397573646992,B
Product_2019,3217.1477079796264,8816.920653480887,1894900,589,2.7406017546573658,1174258.9134125635,7662.0,22520.033955857383,39803.0,62323.0,0.0003690759264228,0.9370088332911222,B
Product_1788,3925.311203319502,6270.631013902394,1892000,482,1.597486336522703,1432738.5892116183,8464.0,27477.178423236517,30190.0,57667.0,0.0003685110838524,0.9373773443749748,B
Product_2035,14000.0,9399.904731178072,1890000,135,0.6714217665127195,5110000.0,15984.0,98000.0,61600.0,159600.0,0.0003681215372522,0.9377454659122268,B
Product_1507,9989.417989417989,22858.72183699614,1888000,189,2.2882936584704825,3646137.5661375658,13502.0,69925.92592592593,104766.0,174692.0,0.0003677319906519,0.9381131979028788,B
Product_0929,3573.8636363636365,3457.829253513696,1887000,528,0.9675325097272026,1304460.2272727273,8076.0,25017.045454545456,19096.0,44113.0,0.0003675372173518,0.9384807351202308,B
Product_1835,9648.71794871795,5720.368373387636,1881500,195,0.5928630522511767,3521782.0512820515,13270.0,67541.02564102564,40339.0,107880.0,0.000366465964201,0.9388472010844318,B
Product_1523,6448.275862068966,7801.101008694752,1870000,290,1.2097964131130898,2353620.6896551726,10848.0,45137.93103448276,40032.0,85170.0,0.0003642260712495,0.9392114271556812,B
Product_1345,4466.019417475728,6138.412475337868,1840000,412,1.3744706194778271,1630097.087378641,9028.0,31262.135922330097,30487.0,61749.0,0.0003583828722455,0.9395698100279268,B
Product_0941,3519.1570881226053,3244.457381862669,1837000,522,0.9219416185804644,1284492.337164751,8014.0,24634.099616858235,18259.0,42893.0,0.0003577985523451,0.939927608580272,B
Product_0357,5058.49582172702,7072.602657130748,1816000,359,1.398163190479041,1846350.974930362,9608.0,35409.47075208914,34990.0,70399.0,0.0003537083130423,0.9402813168933144,B
Product_1346,4026.785714285714,6291.51599679056,1804000,448,1.5624163894468797,1469776.7857142857,8573.0,28187.5,30416.0,58604.0,0.0003513710334407,0.9406326879267553,B
Product_1643,4660.880829015544,9208.632215159489,1799100,386,1.975727883414797,1701221.5025906735,9223.0,32626.165803108808,42908.0,75534.0,0.00035041664427,0.9409831045710252,B
Product_1552,24034.246575342466,17636.17037021488,1754500,73,0.7337933525367263,8772500.0,20943.0,168239.72602739726,110191.0,278431.0,0.0003417297550841,0.9413248343261094,B
Product_0379,5950.704225352113,7636.001270519426,1690000,284,1.2832096809630278,2172007.0422535213,10421.0,41654.92957746479,38568.0,80223.0,0.0003291668772255,0.9416540012033348,B
Product_0418,4951.906158357771,7714.663513114463,1688600,341,1.5579179545019732,1807445.7478005865,9506.0,34663.3431085044,37317.0,71980.0,0.0003288941946053,0.9419828953979402,B
Product_0427,4247.858942065491,5331.796814675302,1686400,397,1.2551727558266692,1550468.513853904,8805.0,29735.01259445844,27086.0,56821.0,0.000328465693345,0.9423113610912852,B
Product_1253,6404.182509505704,10287.19752029312,1684300,263,1.606324851770522,2337526.615969582,10811.0,44829.27756653992,49478.0,94307.0,0.0003280566694147,0.9426394177607,B
Product_1437,5286.163522012579,5154.691936226969,1681000,318,0.9751291110768447,1929449.6855345916,9822.0,37003.14465408806,28384.0,65387.0,0.0003274139175243,0.9429668316782244,B
Product_0935,2928.3216783216785,8694.67107251413,1675000,572,2.969165285658556,1068837.4125874126,7310.0,20498.25174825175,39045.0,59543.0,0.0003262452777235,0.943293076955948,B
Product_1289,2606.386292834891,3485.3479394863007,1673300,642,1.3372338356243385,951330.9968847352,6897.0,18244.70404984424,17424.0,35669.0,0.0003259141631133,0.9436189911190612,B
Product_1235,17531.91489361702,15629.928643856116,1648000,94,0.8915129202199484,6399148.936170212,17887.0,122723.40425531914,89180.0,211903.0,0.0003209863986199,0.9439399775176812,B
Product_0145,11791.36690647482,8096.765162028711,1639000,139,0.6866689185613123,4303848.92086331,14669.0,82539.56834532374,52405.0,134945.0,0.0003192334389187,0.9442592109566,B
Product_1376,7887.254901960784,8206.811679608418,1609000,204,1.0405155889621611,2878848.0392156863,11998.0,55210.78431372549,44145.0,99356.0,0.0003133902399147,0.9445726011965146,B
Product_1368,1670.7596253902186,4832.61794405491,1605600,961,2.892467516340788,609827.2632674298,5522.0,11695.31737773153,21737.0,33432.0,0.0003127280106942,0.9448853292072088,B
Product_0422,3390.021231422505,5603.2101550898005,1596700,471,1.6528540007811712,1237357.7494692146,7866.0,23730.148619957537,26814.0,50544.0,0.000310994528323,0.945196323735532,B
Product_0146,14216.216216216217,8128.966618217735,1578000,111,0.5718094389240612,5188918.918918919,16107.0,99513.51351351352,58640.0,158154.0,0.0003073522676105,0.9455036760031426,B
Product_0937,3761.3365155131264,4359.484422445915,1576000,419,1.1590253635817502,1372887.828162291,8285.0,26329.355608591886,22650.0,48979.0,0.0003069627210103,0.9458106387241528,B
Product_0072,39100.0,28092.156036325,1564000,40,0.7184694638446291,14271500.0,26713.0,273700.0,177457.0,451157.0,0.0003046254414087,0.9461152641655616,B
Product_2001,1364.0035118525022,2015.6252859807607,1553600,1139,1.4777273434166365,497861.2818261633,4989.0,9548.024582967517,9853.0,19401.0,0.0003025997990873,0.9464178639646488,B
Product_0036,2402.4767801857583,3017.739807533386,1552000,646,1.2560953064861904,876904.0247678017,6622.0,16817.337461300307,15328.0,32145.0,0.0003022881618071,0.946720152126456,B
Product_1573,15301.980198019804,13982.68200452274,1545500,101,0.9137825185744396,5585222.772277228,16711.0,107113.86138613864,78974.0,186088.0,0.0003010221353562,0.9470211742618122,B
Product_1515,4797.515527950311,4641.68368730886,1544800,322,0.967518220684524,1751093.1677018637,9357.0,33582.608695652176,25634.0,59217.0,0.0003008857940461,0.9473220600558584,B
Product_1400,6523.404255319149,9829.882331549985,1533000,235,1.506863892964283,2381042.553191489,10911.0,45663.82978723405,47859.0,93523.0,0.0002985874691045,0.947620647524963,B
Product_1577,20952.054794520547,13213.567412880357,1529500,73,0.6306573528213573,7647500.0,19554.0,146664.38356164383,89764.0,236428.0,0.0002979057625541,0.9479185532875172,B
Product_1358,14233.644859813085,18115.75955175042,1523000,107,1.2727421352838442,5195280.373831776,16117.0,99635.5140186916,91695.0,191331.0,0.0002966397361032,0.9482151930236205,B
Product_1148,7692.307692307692,8376.31001034307,1500000,195,1.0889203013445992,2807692.3076923075,11848.0,53846.15384615384,44375.0,98221.0,0.0002921599502001,0.9485073529738204,B
Product_1427,1231.306491372227,2248.295630546497,1498500,1217,1.8259431313814396,449426.8693508628,4740.0,8619.145439605587,10590.0,19209.0,0.0002918677902499,0.9487992207640704,B
Product_1369,5077.966101694915,3366.100905345744,1498000,295,0.6628836896375131,1853457.627118644,9627.0,35545.7627118644,22218.0,57764.0,0.0002917704035999,0.9490909911676704,B
Product_1603,12764.957264957266,19927.40841775864,1493500,117,1.5611026346687384,4659209.401709402,15263.0,89354.70085470086,96354.0,185709.0,0.0002908939237493,0.9493818850914196,B
Product_1371,2119.5156695156697,2836.802824373961,1487900,702,1.3384203123264469,773623.2193732194,6219.0,14836.609686609689,14178.0,29015.0,0.0002898031932685,0.9496716882846882,B
Product_1988,6901.869158878505,9045.253794568302,1477000,214,1.3105513283937822,2519182.2429906544,11223.0,48313.08411214953,45443.0,93756.0,0.0002876801642971,0.9499593684489852,B
Product_1841,7267.3267326732675,8332.506732069187,1468000,202,1.1465710898351331,2652574.2574257427,11516.0,50871.28712871287,43434.0,94305.0,0.0002859272045959,0.9502452956535812,C
Product_1347,14184.466019417476,17152.572306271533,1461000,103,1.2092504774441943,5177330.097087379,16089.0,99291.26213592233,88031.0,187322.0,0.0002845637914949,0.9505298594450762,C
Product_2032,16404.494382022473,11591.74775150957,1460000,89,0.7066202396468163,5987640.449438202,17303.0,114831.46067415732,73872.0,188703.0,0.0002843690181948,0.950814228463271,C
Product_1280,5568.702290076336,6439.897002692052,1459000,262,1.156444835301794,2032576.3358778623,10081.0,38980.916030534354,33482.0,72463.0,0.0002841742448947,0.9510984027081656,C
Product_1420,1318.4782608695652,2489.3067853345183,1455600,1104,1.8880150391655044,481244.5652173913,4905.0,9229.347826086956,11669.0,20898.0,0.0002835120156742,0.95138191472384,C
Product_2036,17901.234567901236,10690.655894602078,1450000,81,0.5972021568708746,6533950.617283952,18075.0,125308.64197530864,75050.0,200359.0,0.0002824212851935,0.9516643360090334,C
Product_1167,21417.910447761195,21422.97637537179,1435000,67,1.0002365276305991,7817537.313432836,19771.0,149925.37313432837,116860.0,266785.0,0.0002794996856915,0.951943835694725,C
Product_0011,1491.7808219178082,2078.475151674828,1415700,949,1.393284536935376,544500.0,5218.0,10442.465753424658,10291.0,20733.0,0.0002757405609989,0.9522195762557238,C
Product_2046,11023.622047244096,3043.2453618149943,1400000,127,0.2760658292503602,4023622.0472440943,14184.0,77165.35433070867,38607.0,115772.0,0.0002726826201868,0.9524922588759108,C
Product_0975,2238.362760834671,4628.312341301434,1394500,623,2.067722186181996,817002.407704655,6391.0,15668.539325842698,21446.0,37115.0,0.000271611367036,0.9527638702429468,C
Product_0020,1092.04097714736,1713.540805746036,1385800,1269,1.569117681116842,398594.95665878645,4464.0,7644.28684003152,8277.0,15921.0,0.0002699168393249,0.9530337870822718,C
Product_0099,6523.584905660377,6072.579218681666,1383000,212,0.9308653610705084,2381108.4905660376,10911.0,45665.09433962264,34043.0,79708.0,0.0002693714740845,0.9533031585563564,C
Product_0942,1644.0860215053765,2402.4019145635525,1376100,837,1.46123857458738,600091.3978494623,5478.0,11508.602150537634,11771.0,23280.0,0.0002680275383136,0.95357118609467,C
Product_1008,7376.344086021505,14390.623056958002,1372000,186,1.9509153706954727,2692365.5913978494,11603.0,51634.408602150535,67163.0,118797.0,0.000267228967783,0.9538384150624531,C
Product_1217,11073.77049180328,12585.68518660435,1351000,122,1.136531156747395,4041926.229508197,14216.0,77516.39344262295,65780.0,143296.0,0.0002631387284802,0.9541015537909334,C
Product_1265,4720.27972027972,6457.315279838553,1350000,286,1.3679942000250565,1722902.0979020975,9281.0,33041.95804195804,32106.0,65148.0,0.0002629439551801,0.9543644977461136,C
Product_0355,4125.766871165644,3410.3207872042726,1345000,326,0.826590763292634,1505904.9079754602,8677.0,28880.36809815951,20112.0,48992.0,0.0002619700886794,0.954626467834793,C
Product_1539,1350.1510574018127,2135.175466211968,1340700,993,1.5814345028332095,492805.1359516617,4964.0,9451.05740181269,10299.0,19750.0,0.0002611325634889,0.954887600398282,C
Product_1467,4454.84949832776,2484.948292054785,1332000,299,0.5578074619552407,1626020.0668896325,9017.0,31183.94648829432,18213.0,49397.0,0.0002594380357777,0.9551470384340596,C
Product_1362,10157.48031496063,2176.4438624770887,1290000,127,0.2142700546779769,3707480.31496063,13615.0,71102.36220472441,34732.0,105834.0,0.0002512575571721,0.9553982959912318,C
Product_0178,1511.9441805225654,3184.958581104151,1273057,842,2.10653185622458,551859.6258907364,5253.0,10583.609263657958,14726.0,25310.0,0.0002479575131479,0.9556462535043798,C
Product_0677,1435.6313993174062,4283.19660402331,1261920,879,2.983493260219736,524005.4607508533,5119.0,10049.419795221844,19229.0,29278.0,0.0002457883229044,0.9558920418272844,C
Product_1409,2482.642998027613,2595.636068017656,1258700,507,1.045513217196275,906164.6942800788,6731.0,17378.500986193292,13939.0,31318.0,0.0002451611528779,0.9561372029801622,C
Product_1220,17361.11111111111,8263.794366971695,1250000,72,0.4759945555375697,6336805.555555555,17800.0,121527.77777777777,67492.0,189020.0,0.0002434666251668,0.9563806696053292,C
Product_1436,3335.164835164835,3610.937581943008,1214000,364,1.0826863919499627,1217335.1648351648,7802.0,23346.153846153844,19166.0,42512.0,0.000236454786362,0.9566171243916912,C
Product_0215,1156.6676217765043,2106.8500352572464,1211031,1047,1.8214826762604237,422183.6819484241,4594.0,8096.67335243553,9927.0,18024.0,0.0002358765044339,0.956853000896125,C
Product_0376,8940.74074074074,9689.017450118505,1207000,135,1.08369292109859,3263370.3703703703,12774.0,62585.18518518518,51410.0,113995.0,0.000235091373261,0.957088092269386,C
Product_2010,1141.6666666666667,1291.2636327846817,1205600,1056,1.1310338389354873,416708.3333333334,4565.0,7991.666666666667,6759.0,14751.0,0.0002348186906408,0.957322910960027,C
Product_0096,11572.115384615385,13342.376876869475,1203500,104,1.152976481258351,4223822.115384615,14532.0,81004.80769230769,69431.0,150436.0,0.0002344096667106,0.9575573206267376,C
Product_0074,6025.510204081633,9411.632858951214,1181000,196,1.561964471087585,2199311.224489796,10486.0,42178.57142857143,45503.0,87682.0,0.0002300272674576,0.9577873478941952,C
Product_2045,10727.272727272728,3508.597803794367,1180000,110,0.3270726766248986,3915454.545454546,13992.0,75090.90909090909,38451.0,113542.0,0.0002298324941574,0.9580171803883526,C
Product_0206,956.0097244732576,2012.72089263088,1179716,1234,2.1053351666897,348943.5494327391,4177.0,6692.068071312804,9307.0,15999.0,0.0002297771785402,0.9582469575668928,C
Product_0191,1520.1569390402076,2052.77974287081,1172041,771,1.3503735635130465,554857.2827496758,5267.0,10641.098573281452,10238.0,20879.0,0.0002282822934617,0.9584752398603544,C
Product_1391,1304.1248606465997,2883.7627983677057,1169800,897,2.211262805723912,476005.5741360089,4879.0,9128.874024526198,13263.0,22392.0,0.0002278458064961,0.9587030856668508,C
Product_1423,1360.651920838184,1798.357848092326,1168800,859,1.3216883910945485,496637.9511059371,4983.0,9524.563445867288,9016.0,18541.0,0.0002276510331959,0.9589307367000468,C
Product_1601,4194.244604316546,4377.29240255867,1166000,278,1.0436426139891168,1530899.2805755397,8749.0,29359.712230215824,23521.0,52881.0,0.0002271056679556,0.9591578423680024,C
Product_0990,26161.36363636364,68821.12039229483,1151100,44,2.6306396466518747,9548897.727272728,21851.0,183129.54545454544,311621.0,494751.0,0.0002242035457836,0.9593820459137858,C
Product_1297,1819.871794871795,2455.835775766337,1135600,624,1.3494553752009462,664253.2051282051,5763.0,12739.102564102564,12250.0,24989.0,0.0002211845596315,0.9596032304734172,C
Product_2047,10125.0,1959.6147810450125,1134000,112,0.1935422005970382,3695625.0,13593.0,70875.0,34383.0,105258.0,0.0002208729223513,0.9598241033957686,C
Product_1284,1453.1331592689296,3542.7118375539344,1113100,766,2.4379815538283296,530393.6031331593,5150.0,10171.932114882507,16142.0,26314.0,0.0002168021603785,0.9600409055561472,C
Product_1833,5911.764705882353,4352.909123426784,1105500,187,0.7363129860522919,2157794.117647059,10387.0,41382.35294117648,27149.0,68531.0,0.0002153218832975,0.9602562274394448,C
Product_1906,4673.728813559322,8989.326322862635,1103000,236,1.9233735378019785,1705911.0169491523,9236.0,32716.10169491525,42033.0,74749.0,0.0002148349500471,0.960471062389492,C
Product_0214,1086.8923988153997,1848.324992509769,1101022,1013,1.700559314357384,396715.7255676209,4454.0,7608.246791707797,8803.0,16411.0,0.0002144496884595,0.9606855120779514,C
Product_1977,4189.922480620155,3408.443280601893,1081000,258,0.8134860003656694,1529321.7054263563,8744.0,29329.457364341084,20249.0,49578.0,0.0002105499374442,0.9608960620153956,C
Product_0973,940.2268760907504,2244.20759320702,1077500,1146,2.3868787951881623,343182.80977312394,4142.0,6581.588132635254,10245.0,16827.0,0.0002098682308937,0.9611059302462894,C
Product_1518,1559.0448625180898,3714.380781992689,1077300,691,2.382472032263017,569051.3748191028,5334.0,10913.314037626627,16959.0,27872.0,0.0002098292762337,0.9613157595225232,C
Product_1981,1315.4981549815498,1618.8334010495755,1069500,813,1.2305858392270266,480156.8265682657,4900.0,9208.487084870849,8268.0,17476.0,0.0002083100444927,0.961524069567016,C
Product_1905,3080.635838150289,3633.515589145995,1065900,346,1.179469362833769,1124432.0809248555,7498.0,21564.450867052023,18781.0,40345.0,0.0002076088606122,0.9617316784276282,C
Product_1454,1488.3426966292134,2111.229517718684,1059700,712,1.4185103487927744,543245.0842696629,5212.0,10418.398876404492,10411.0,20829.0,0.0002064012661514,0.9619380796937796,C
Product_1765,1365.5913978494625,2153.7282269634297,1016000,744,1.57713956777637,498440.8602150537,4992.0,9559.139784946236,10394.0,19953.0,0.0001978896729355,0.9621359693667152,C
Product_2027,1170.8670520231217,2099.3787247083537,1012800,865,1.7930120427258351,427366.4739884393,4623.0,8196.06936416185,9915.0,18111.0,0.0001972663983751,0.9623332357650904,C
Product_0100,10473.958333333334,19101.60227388856,1005500,96,1.8237233399237207,3822994.791666667,13826.0,73317.70833333334,89986.0,163304.0,0.0001958445532841,0.9625290803183744,C
Product_2006,1339.9728997289974,2150.709327140242,988900,738,1.6050394210026275,489090.108401084,4945.0,9379.810298102982,10346.0,19726.0,0.0001926113165019,0.9627216916348764,C
Product_0831,5000.0,5364.280958719597,985000,197,1.0728561917439194,1825000.0,9552.0,35000.0,28557.0,63557.0,0.0001918517006314,0.9629135433355078,C
Product_1271,4427.927927927928,5760.823708875046,983000,222,1.3010202068873449,1616193.6936936935,8989.0,30995.495495495496,28995.0,59990.0,0.0001914621540311,0.963105005489539,C
Product_0025,1068.7704026115343,1159.085409938641,982200,919,1.084503656825098,390101.1969532101,4416.0,7481.39281828074,6149.0,13630.0,0.000191306335391,0.96329631182493,C
Product_1629,1568.8,3168.2220201922046,980500,625,2.019519390739549,572612.0,5351.0,10981.6,14722.0,25704.0,0.0001909752207808,0.963487287045711,C
Product_0479,5914.545454545455,8714.595652329028,975900,165,1.4734176479498815,2158809.0909090918,10389.0,41401.81818181818,42625.0,84027.0,0.0001900792636002,0.9636773663093112,C
Product_0413,4052.0833333333335,5087.518140493121,972500,240,1.2555314691191248,1479010.4166666667,8599.0,28364.583333333336,25843.0,54208.0,0.0001894170343797,0.963866783343691,C
Product_1845,13253.424657534246,11929.225109785591,967500,73,0.9000862356737451,4837500.0,15552.0,92773.97260273973,67794.0,160568.0,0.0001884431678791,0.9640552265115702,C
Product_1519,1331.6298342541436,2556.110482311139,964100,724,1.919535306703936,486044.8895027624,4930.0,9321.408839779006,11955.0,21276.0,0.0001877809386586,0.9642430074502288,C
Product_1489,9826.530612244898,11318.286918394251,963000,98,1.1518090529622396,3586683.673469388,13392.0,68785.71428571429,58916.0,127702.0,0.0001875666880285,0.9644305741382574,C
Product_1472,3448.905109489051,5016.626083172043,945000,274,1.454556134168402,1258850.3649635036,7934.0,24142.335766423355,24604.0,48746.0,0.0001840607686261,0.9646146349068836,C
Product_1481,2943.573667711599,3511.429821311577,939000,319,1.192913858358246,1074404.3887147335,7329.0,20605.01567398119,18091.0,38696.0,0.0001828921288253,0.9647975270357088,C
Product_1832,9454.545454545454,8508.126640097289,936000,99,0.8998980100102902,3450909.090909091,13136.0,66181.81818181818,48356.0,114538.0,0.0001823078089249,0.9649798348446336,C
Product_1240,2089.237668161435,3486.651379835745,931800,446,1.668862969957869,762571.7488789238,6175.0,14624.663677130044,16657.0,31282.0,0.0001814897610643,0.965161324605698,C
Product_1740,2828.74617737003,2867.423217414736,925000,327,1.013672856318507,1032492.3547400612,7185.0,19801.22324159021,15566.0,35367.0,0.0001801653026234,0.9653414899083216,C
Product_1276,1012.952799121844,1311.1052115645057,922800,911,1.2943398870126404,369727.7716794731,4300.0,7090.669593852909,6608.0,13699.0,0.0001797368013631,0.9655212267096848,C
Product_0415,3561.24031007752,4589.292394403083,918800,258,1.2886780994296858,1299852.7131782947,8062.0,24928.68217054264,23155.0,48084.0,0.0001789577081626,0.9657001844178472,C
Product_1408,3864.9789029535855,8610.123949602534,916000,237,2.227728576480132,1410717.299578059,8399.0,27054.852320675105,39569.0,66624.0,0.0001784123429222,0.9658785967607696,C
Product_1309,1356.9093610698365,4155.760196966256,913200,673,3.062666023388404,495271.91679049033,4976.0,9498.365527488855,18628.0,28126.0,0.0001778669776818,0.9660564637384512,C
Product_0368,4259.345794392523,6622.21907561949,911500,214,1.554750282153122,1554661.214953271,8817.0,29815.42056074766,32045.0,61860.0,0.0001775358630716,0.966233999601523,C
Product_0200,577.8041958041958,1383.296597589796,908886,1573,2.3940577234204827,210898.5314685315,3247.0,4044.629370629371,6313.0,10358.0,0.000177026725665,0.966411026327188,C
Product_0062,3706.938775510204,4514.883494349288,908200,245,1.2179546973305169,1353032.6530612244,8225.0,25948.571428571428,23125.0,49074.0,0.0001768931111811,0.9665879194383692,C
Product_1582,4742.105263157895,4484.165649946781,901000,190,0.9456065188567018,1730868.4210526317,9303.0,33194.73684210527,24984.0,58179.0,0.0001754907434202,0.9667634101817896,C
Product_1078,4408.730392156863,7601.412722655933,899381,204,1.724172731491782,1609186.593137255,8970.0,30861.11274509804,36120.0,66981.0,0.0001751754054473,0.9669385855872368,C
Product_1648,2281.7258883248733,2573.9586576887627,899000,394,1.128075318275164,832829.9492385788,6453.0,15972.081218274114,13484.0,29456.0,0.0001751011968199,0.9671136867840568,C
Product_1580,1731.4065510597302,4034.086920754696,898600,519,2.3299478209121824,631963.3911368016,5621.0,12119.845857418111,18457.0,30577.0,0.0001750232874999,0.9672887100715568,C
Product_1541,1116.6874221668745,2495.211470991243,896700,803,2.234476202973088,407590.9090909091,4514.0,7816.81195516812,11463.0,19280.0,0.0001746532182296,0.9674633632897864,C
Product_1540,1296.231884057971,1436.5891525333248,894400,690,1.1082809875312991,473124.6376811594,4864.0,9073.623188405796,7568.0,16642.0,0.0001742052396393,0.9676375685294258,C
Product_2048,10856.09756097561,2931.190191881385,890200,82,0.2700040392431741,3962475.6097560977,14076.0,75992.68292682926,37923.0,113916.0,0.0001733871917787,0.9678109557212048,C
Product_1296,5109.19540229885,3678.892525738215,889000,174,0.7200532052625978,1864856.3218390804,9656.0,35764.36781609195,23213.0,58977.0,0.0001731534638186,0.9679841091850232,C
Product_1572,9543.478260869566,7730.577283191104,878000,92,0.8100377107671771,3483369.565217392,13197.0,66804.34782608696,46016.0,112820.0,0.0001710109575171,0.9681551201425403,C
Product_1422,1313.2530120481929,1759.6548464752807,872000,664,1.33992066291237,479337.3493975903,4896.0,9192.771084337348,8792.0,17985.0,0.0001698423177163,0.9683249624602568,C
Product_1433,9863.636363636364,6541.0846901504,868000,88,0.6631514432410544,3600227.272727273,13417.0,69045.45454545454,43165.0,112210.0,0.0001690632245158,0.9684940256847726,C
Product_1501,1780.7291666666667,2848.738593792957,854750,480,1.5997596080966592,649966.1458333334,5701.0,12465.104166666668,13712.0,26177.0,0.000166482478289,0.9686605081630616,C
Product_1304,1104.5811518324608,2402.650885817587,843900,764,2.1751691868285774,403172.1204188482,4490.0,7732.068062827226,11069.0,18801.0,0.0001643691879826,0.9688248773510444,C
Product_1017,766.4240218380346,1669.1828128352768,842300,1099,2.177884258940958,279744.76797088265,3740.0,5364.968152866242,7689.0,13054.0,0.0001640575507024,0.9689889349017466,C
Product_1383,1310.764430577223,1996.2291504190684,840200,641,1.5229503516051213,478429.0171606864,4891.0,9175.35101404056,9699.0,18874.0,0.0001636485267721,0.9691525834285188,C
Product_1367,1097.5935828877004,937.5090671220238,821000,748,0.854149552018604,400621.6577540106,4476.0,7683.155080213903,5448.0,13131.0,0.0001599088794095,0.9693124923079284,C
Product_0401,7695.238095238095,6211.224036315551,808000,105,0.8071516383825901,2808761.904761905,11851.0,53866.66666666667,37034.0,90901.0,0.0001573768265078,0.969469869134436,C
Product_0095,3060.344827586207,3181.7460548509657,798750,261,1.03966913341609,1117025.8620689656,7473.0,21422.41379310345,17120.0,38542.0,0.0001555751734815,0.9696254443079176,C
Product_0557,4774.096385542169,10951.34656573221,792500,166,2.293909816923088,1742545.1807228916,9334.0,33418.67469879518,50180.0,83599.0,0.0001543578403557,0.9697798021482736,C
Product_1298,1768.080357142857,3608.2783109631696,792100,448,2.0407886419789167,645349.3303571428,5680.0,12376.5625,16745.0,29122.0,0.0001542799310357,0.9699340820793092,C
Product_1285,4056.410256410256,8159.612472851317,791000,195,2.011535312523397,1480589.7435897435,8604.0,28394.871794871797,37934.0,66329.0,0.0001540656804055,0.9700881477597147,C
Product_0425,1648.6401673640166,1900.9495674766604,788050,478,1.1530409152386825,601753.661087866,5485.0,11540.481171548116,9892.0,21432.0,0.0001534910991701,0.9702416388588848,C
Product_1421,1177.659574468085,1723.2149327143734,774900,658,1.4632538724042556,429845.7446808511,4636.0,8243.617021276596,8441.0,16685.0,0.0001509298302734,0.9703925686891584,C
Product_1379,5460.992907801418,4199.945119533373,770000,141,0.7690808595509164,1993262.4113475175,9983.0,38226.95035460993,25628.0,63855.0,0.0001499754411027,0.9705425441302612,C
Product_2138,456.9008363201912,1072.8596651246155,764852,1674,2.3481236623799195,166768.80525686976,2888.0,3198.3058542413382,4905.0,8103.0,0.0001489727481536,0.9706915168784148,C
Product_1007,1700.8968609865472,4143.569443506249,758600,446,2.436108583975464,620827.3542600897,5571.0,11906.27802690583,18880.0,30786.0,0.0001477550254812,0.970839271903896,C
Product_0832,3785.0,3930.14058592382,757000,200,1.0383462578398468,1381525.0,8311.0,26495.0,21156.0,47651.0,0.000147443388201,0.970986715292097,C
Product_1468,2688.1720430107525,2416.8703883104395,750000,279,0.8990757844514835,981182.7956989248,7004.0,18817.204301075268,13742.0,32559.0,0.0001460799751,0.9711327952671972,C
Product_0996,6391.452991452991,7938.693680535522,747800,117,1.2420796477970797,2332880.341880342,10800.0,44740.17094017094,40443.0,85183.0,0.0001456514738397,0.9712784467410368,C
Product_1564,4545.121951219512,7684.038950074605,745400,164,1.6906122723534147,1658969.512195122,9108.0,31815.853658536584,36631.0,68447.0,0.0001451840179194,0.9714236307589564,C
Product_1568,8408.045977011494,9097.191214757526,731500,87,1.081962591502262,3068936.7816091958,12387.0,58856.32183908045,48295.0,107151.0,0.0001424766690476,0.971566107428004,C
Product_0877,6652.568807339449,13424.70893564534,725130,109,2.017973706763397,2428187.614678899,11019.0,46567.98165137615,62387.0,108955.0,0.0001412359631257,0.97170734339113,C
Product_1495,1017.4435028248588,1586.208271309877,720350,708,1.5590136129484182,371366.8785310735,4309.0,7122.104519774011,7672.0,14794.0,0.0001403049467511,0.971847648337881,C
Product_1820,7058.823529411765,13221.325055605266,720000,102,1.8730210495440796,2576470.588235294,11350.0,49411.76470588236,62047.0,111459.0,0.000140236776096,0.971987885113977,C
Product_1219,2342.1052631578946,2396.656811074797,712000,304,1.0232916721442955,854868.4210526316,6538.0,16394.736842105263,12967.0,29362.0,0.000138678589695,0.972126563703672,C
Product_1482,2679.245283018868,2578.8591624514625,710000,265,0.9625319409149824,977924.5283018867,6993.0,18754.71698113208,14270.0,33025.0,0.0001382890430947,0.9722648527467668,C
Product_1302,5283.582089552238,9287.15819682802,708000,134,1.757738980755586,1928507.462686567,9820.0,36985.07462686567,43996.0,80981.0,0.0001378994964944,0.9724027522432612,C
Product_1275,995.5714285714286,1091.9370717066715,696900,700,1.096794303622715,363383.5714285714,4263.0,6969.0,5771.0,12740.0,0.000135737512863,0.9725384897561242,C
Product_1373,2876.03305785124,5080.881499521579,696000,242,1.7666283374773304,1049752.0661157025,7245.0,20132.23140495868,24051.0,44183.0,0.0001355622168928,0.9726740519730172,C
Product_1510,5688.524590163935,6993.60034167379,694000,122,1.2294225384498594,2076311.475409836,10189.0,39819.67213114754,35728.0,75548.0,0.0001351726702926,0.9728092246433098,C
Product_1209,1095.84,1623.736779224123,684900,625,1.4817279705286566,399981.6,4472.0,7670.879999999999,7933.0,15604.0,0.0001334002332614,0.9729426248765712,C
Product_0976,1145.9798994974874,2603.563108252936,684150,597,2.27190992564058,418282.6633165829,4573.0,8021.859296482412,11941.0,19963.0,0.0001332541532863,0.9730758790298576,C
Product_1173,11525.42372881356,10514.941638553484,680000,59,0.9123258186391994,4206779.661016949,14503.0,80677.96610169491,59427.0,140105.0,0.0001324458440907,0.9732083248739484,C
Product_0928,3340.0,3103.637030013393,668000,200,0.9292326437165848,1219100.0,7807.0,23380.0,17411.0,40791.0,0.0001301085644891,0.9733384334384374,C
Product_1653,1085.667215815486,1070.9525885060057,659000,607,0.9864464661959718,396268.5337726525,4451.0,7599.670510708403,5872.0,13472.0,0.0001283556047879,0.9734667890432254,C
Product_0385,3238.805970149254,4839.699016174889,651000,201,1.494284949694551,1182164.1791044776,7688.0,22671.641791044774,23603.0,46275.0,0.0001267974183868,0.9735935864616122,C
Product_1999,2296.819787985866,2022.100531528304,650000,283,0.880391462188477,838339.2226148411,6474.0,16077.73851590106,11599.0,27677.0,0.0001266026450867,0.973720189106699,C
Product_0552,3705.714285714286,8882.888847988266,648500,175,2.397078717652963,1352585.7142857143,8224.0,25940.0,40534.0,66474.0,0.0001263104851365,0.9738464995918356,C
Product_1811,20806.451612903227,29014.27160880051,645000,31,1.3944843718958384,7594354.838709678,19486.0,145645.1612903226,143625.0,289270.0,0.000125628778586,0.9739721283704216,C
Product_1492,974.8865355521935,1084.7448495482538,644400,661,1.1126883078078766,355833.5854765507,4218.0,6824.205748865355,5707.0,12531.0,0.0001255119146059,0.9740976402850277,C
Product_0962,7047.252747252747,14393.959695027484,641300,91,2.042492331588182,2572247.2527472526,11341.0,49330.769230769234,66793.0,116124.0,0.0001249081173755,0.9742225484024032,C
Product_1366,21133.33333333333,31089.119211282483,634000,30,1.4710939689881302,7713666.666666666,19639.0,147933.3333333333,152113.0,300046.0,0.0001234862722846,0.9743460346746878,C
Product_0997,5002.4,10315.357826889678,625300,125,2.062081766130193,1825876.0,9555.0,35016.8,47812.0,82829.0,0.0001217917445734,0.9744678264192612,C
Product_1505,3182.3979591836733,4934.203893887784,623750,196,1.5504672756745583,1161575.2551020407,7621.0,22276.785714285717,23889.0,46166.0,0.0001214898459582,0.9745893162652196,C
Product_1199,4319.444444444444,3521.4681811338505,622000,144,0.8152595146033352,1576597.2222222222,8879.0,30236.11111111111,20899.0,51135.0,0.000121148992683,0.9747104652579026,C
Product_1249,2005.1612903225807,14438.640594145669,621600,310,7.2007377480456185,731883.8709677419,6049.0,14036.129032258064,63180.0,77216.0,0.0001210710833629,0.9748315363412656,C
Product_1272,3288.770053475936,2951.586430649289,615000,187,0.8974742480185641,1200401.0695187163,7747.0,23021.390374331557,16794.0,39815.0,0.000119785579582,0.9749513219208475,C
Product_0356,2688.59649122807,2290.4613071298545,613000,228,0.8519170930270911,981337.7192982456,7005.0,18820.17543859649,13326.0,32146.0,0.0001193960329818,0.9750707179538294,C
Product_1211,11314.814814814816,8030.18849863127,611000,54,0.7097056938233854,4129907.407407408,14370.0,79203.70370370371,51056.0,130260.0,0.0001190064863815,0.9751897244402108,C
Product_0193,1069.042031523643,1855.083230265614,610423,571,1.73527623382747,390200.3415061296,4417.0,7483.294220665499,8806.0,16289.0,0.0001188941021873,0.9753086185423984,C
Product_1385,963.095238095238,4150.334609125371,606750,630,4.309370916768,351529.7619047619,4192.0,6741.666666666666,18338.0,25080.0,0.0001181786998559,0.9754267972422542,C
Product_1005,4638.461538461538,7021.565723660749,603000,130,1.513770388185568,1693038.4615384615,9201.0,32469.23076923077,34155.0,66624.0,0.0001174482999804,0.9755442455422348,C
Product_1784,4407.407407407408,7847.707428607375,595000,135,1.7805722737176397,1608703.7037037038,8969.0,30851.85185185185,37103.0,67955.0,0.0001158901135794,0.975660135655814,C
Product_1593,2262.3574144486693,2025.5028010245187,595000,263,0.89530628011672,825760.4562737643,6426.0,15836.501901140684,11536.0,27373.0,0.0001158901135794,0.9757760257693936,C
Product_1813,4648.4375,6137.646633750383,595000,128,1.3203676791933596,1696679.6875,9211.0,32539.0625,30778.0,63317.0,0.0001158901135794,0.9758919158829727,C
Product_0034,766.2790697674419,886.9252115123411,593100,774,1.1574441303499443,279691.8604651163,3740.0,5363.9534883720935,4610.0,9974.0,0.0001155200443091,0.976007435927282,C
Product_2132,426.55251798561153,842.106194925659,592908,1390,1.974214567768804,155691.66906474822,2790.0,2985.867625899281,3924.0,6910.0,0.0001154826478355,0.9761229185751176,C
Product_1030,1159.5284872298623,2193.281745833888,590200,509,1.8915289878506416,423227.8978388998,4600.0,8116.699410609038,10279.0,18396.0,0.0001149552017387,0.9762378737768564,C
Product_1628,4154.929577464789,7160.070302210319,590000,142,1.7232711574811277,1516549.295774648,8708.0,29084.50704225352,34026.0,63111.0,0.0001149162470787,0.976352790023935,C
Product_0017,824.6153846153846,851.0059702420609,589600,715,1.0320035086890664,300984.6153846154,3879.0,5772.307692307692,4591.0,10363.0,0.0001148383377586,0.9764676283616938,C
Product_1002,8641.176470588236,25350.05952652269,587600,68,2.933635207289897,3154029.411764706,12558.0,60488.23529411765,113924.0,174412.0,0.0001144487911584,0.9765820771528522,C
Product_1210,5288.288288288289,3911.259707300513,587000,111,0.7396078833225842,1930225.225225225,9824.0,37018.01801801802,24339.0,61357.0,0.0001143319271783,0.9766964090800304,C
Product_1623,2115.523465703971,1551.4173616610422,586000,277,0.7333491624233937,772166.0649819494,6214.0,14808.664259927797,9696.0,24505.0,0.0001141371538782,0.9768105462339088,C
Product_1236,1473.0478589420654,2381.7390366311806,584800,397,1.6168782447718515,537662.4685138538,5185.0,10311.335012594458,11442.0,21753.0,0.000113903425918,0.9769244496598268,C
Product_1447,1885.2459016393443,1465.5962574977364,575000,305,0.7774032322379297,688114.7540983607,5866.0,13196.72131147541,8896.0,22093.0,0.0001119946475767,0.9770364443074034,C
Product_1980,8426.470588235294,9783.196340711616,573000,68,1.1610075936621114,3075661.7647058824,12401.0,58985.294117647056,50804.0,109789.0,0.0001116051009764,0.97714804940838,C
Product_1631,4379.84496124031,4254.030806279521,565000,129,0.9712742902832888,1598643.4108527133,8940.0,30658.91472868217,23459.0,54118.0,0.0001100469145753,0.9772580963229552,C
Product_1533,6116.304347826087,6492.671729886612,562700,92,1.0615350971202564,2232451.086956522,10565.0,42814.13043478261,34687.0,77501.0,0.000109598935985,0.9773676952589404,C
Product_0019,718.1701030927835,920.6966517675564,557300,776,1.2820035919103243,262132.087628866,3620.0,5027.190721649485,4651.0,9678.0,0.0001085471601643,0.9774762424191048,C
Product_1966,718.3225806451613,968.4425143286636,556700,775,1.348200015456645,262187.7419354839,3621.0,5028.25806451613,4832.0,9860.0,0.0001084302961842,0.977584672715289,C
Product_0225,547.4243323442137,1391.932322726545,553446,1011,2.5426935568719204,199809.881305638,3161.0,3831.970326409496,6320.0,10152.0,0.0001077965038656,0.9776924692191546,C
Product_1635,1211.2087912087911,1627.3494267522078,551100,455,1.3435746491966152,442091.2087912088,4702.0,8478.461538461537,8126.0,16604.0,0.0001073395657035,0.9777998087848582,C
Product_0553,3233.5329341317365,7325.640814754733,540000,167,2.265522251970445,1180239.520958084,7682.0,22634.730538922155,33608.0,56243.0,0.000105177582072,0.9779049863669302,C
Product_1352,2640.39408866995,2874.2185924512773,536000,203,1.088556668409719,963743.842364532,6942.0,18482.758620689656,15228.0,33711.0,0.0001043984888715,0.9780093848558018,C
Product_1831,2576.923076923077,2308.113426211361,536000,208,0.8956858071864984,940576.9230769232,6858.0,18038.46153846154,13144.0,31182.0,0.0001043984888715,0.9781137833446734,C
Product_0209,709.0617449664429,1347.9878798191846,528251,745,1.9010867380568943,258807.53691275168,3597.0,4963.4322147651,6313.0,11276.0,0.0001028891905687,0.978216672535242,C
Product_1819,6063.218390804598,3786.3007332287466,527500,87,0.6244704526841723,2213074.7126436783,10519.0,42442.528735632186,25872.0,68315.0,0.0001027429158203,0.9783194154510624,C
Product_1104,965.8088235294116,2311.634455654755,525400,544,2.3934700111842155,352520.2205882353,4198.0,6760.661764705882,10550.0,17311.0,0.0001023338918901,0.9784217493429526,C
Product_0080,1397.326203208556,2369.2496782902194,522600,374,1.6955594712601263,510024.06417112297,5050.0,9781.283422459892,11289.0,21070.0,0.0001017885266497,0.9785235378696024,C
Product_1308,737.1468926553672,1034.72456804501,521900,708,1.4036884349029837,269058.615819209,3668.0,5160.0282485875705,5114.0,10274.0,0.0001016521853396,0.978625190054942,C
Product_1972,1943.609022556391,1575.9443234806038,517000,266,0.8108340232994983,709417.2932330827,5956.0,13605.263157894737,9376.0,22981.0,0.0001006977961689,0.9787258878511108,C
Product_1838,6204.819277108434,4101.632738980603,515000,83,0.6610398394861942,2264759.0361445784,10641.0,43433.73493975904,27116.0,70550.0,0.0001003082495687,0.9788261961006796,C
Product_0398,9160.714285714286,5211.095804196989,513000,56,0.5688525634211138,3343660.7142857146,12930.0,64125.0,37716.0,101841.0,9.991870296846008e-05,0.978926114803648,C
Product_0126,3605.6338028169016,3769.9027330584554,512000,142,1.045558961121681,1316056.338028169,8112.0,25239.43661971831,20245.0,45484.0,9.972392966832662e-05,0.9790258387333164,C
Product_1652,5171.717171717171,4463.6637373359845,512000,99,0.8630912304614502,1887676.767676768,9715.0,36202.0202020202,25822.0,62024.0,9.972392966832662e-05,0.9791255626629848,C
Product_1503,2232.532751091703,2258.687061380399,511250,229,1.0117150847063303,814874.4541484717,6383.0,15627.729257641922,12270.0,27898.0,9.957784969322652e-05,0.979225140512678,C
Product_0008,1818.3453237410072,1458.91562377285,505500,278,0.8023314409670669,663696.0431654676,5761.0,12728.41726618705,8723.0,21451.0,9.84579032174592e-05,0.9793235984158954,C
Product_0013,816.1812297734627,1782.3546186299411,504400,618,2.183773105299968,297906.1488673139,3859.0,5713.268608414239,8208.0,13921.0,9.82436525873124e-05,0.9794218420684828,C
Product_1641,3960.6299212598415,4701.23518859275,503000,127,1.1869917871794815,1445629.9212598426,8502.0,27724.409448818897,24256.0,51980.0,9.797096996712557e-05,0.9795198130384498,C
Product_0035,829.5379537953795,1388.2156158456764,502700,606,1.6734805315346726,302781.35313531355,3891.0,5806.765676567657,6629.0,12436.0,9.791253797708552e-05,0.9796177255764268,C
Product_1227,1949.4163424124515,1523.6961798987788,501000,257,0.7816166032614494,711536.9649805448,5965.0,13645.91439688716,9225.0,22871.0,9.758142336685866e-05,0.9797153069997938,C
Product_0390,4407.079646017699,4139.610851581155,498000,113,0.9393092896158044,1608584.07079646,8968.0,30849.55752212389,23124.0,53974.0,9.699710346645832e-05,0.9798123041032604,C
Product_1509,778.1446540880503,1481.9152380426583,494900,636,1.904421279844677,284022.7987421384,3768.0,5447.012578616352,6939.0,12386.0,9.639330623604462e-05,0.9799086974094964,C
Product_1744,3557.971014492753,3436.6383930243783,491000,138,0.9658983670822082,1298659.420289855,8058.0,24905.79710144928,18991.0,43897.0,9.563369036552416e-05,0.9800043310998616,C
Product_1414,2034.8547717842323,4040.135734063178,490400,241,1.985466378281456,742721.9917012448,6094.0,14243.983402489626,18813.0,33057.0,9.55168263854441e-05,0.9800998479262472,C
Product_0014,2400.990099009901,1684.7572451323254,485000,202,0.701692708281917,876361.3861386138,6620.0,16806.930693069306,10777.0,27584.0,9.446505056472344e-05,0.980194312976812,C
Product_1992,761.3207547169811,977.082666064888,484200,636,1.2834047410517735,277882.07547169813,3727.0,5329.245283018868,4935.0,10264.0,9.43092319246167e-05,0.9802886222087366,C
Product_1528,5041.666666666667,6965.957321395876,484000,96,1.3816774852355456,1840208.3333333333,9592.0,35291.66666666667,34555.0,69847.0,9.427027726459e-05,0.9803828924860012,C
Product_1733,1934.0,2052.6806843656595,483500,250,1.0613654003958943,705910.0,5941.0,13538.0,10967.0,24505.0,9.417289061452328e-05,0.9804770653766156,C
Product_2011,1226.3959390862944,1984.5622268264397,483200,394,1.618206782635797,447634.5177664975,4731.0,8584.77157360406,9532.0,18117.0,9.411445862448324e-05,0.9805711798352402,C
Product_0288,396.7201986754967,727.5718588557426,479238,1208,1.833967267824624,144802.8725165563,2691.0,2777.041390728477,3425.0,6202.0,9.334276680935451e-05,0.9806645226020496,C
Product_1232,2583.783783783784,2073.318269983807,478000,185,0.8024348952866199,943081.0810810812,6867.0,18086.486486486487,12396.0,30482.0,9.31016374637893e-05,0.9807576242395134,C
Product_0940,675.3889674681753,1002.4981318173988,477500,707,1.4843270768479602,246516.973125884,3511.0,4727.722772277228,4896.0,9624.0,9.300425081372258e-05,0.9808506284903272,C
Product_1527,2689.265536723164,2887.974286628257,476000,177,1.0738895981789949,981581.9209039548,7006.0,18824.858757062146,15370.0,34195.0,9.27120908635224e-05,0.9809433405811906,C
Product_1821,5397.727272727273,5372.428061974095,475000,88,0.9953129883236216,1970170.4545454544,9925.0,37784.09090909091,29359.0,67143.0,9.251731756338896e-05,0.981035857898754,C
Product_2008,1623.2876712328766,1481.340578694862,474000,292,0.9125557995335436,592500.0,5443.0,11363.013698630137,8371.0,19734.0,9.23225442632555e-05,0.9811281804430172,C
Product_0024,3354.6099290780144,4908.27981472277,473000,141,1.463144722782052,1224432.6241134752,7824.0,23482.2695035461,24043.0,47525.0,9.212777096312205e-05,0.9812203082139804,C
Product_1636,820.0,1358.0704697094566,471500,575,1.6561834996456788,299300.0,3868.0,5740.0,6497.0,12237.0,9.183561101292188e-05,0.9813121438249932,C
Product_1973,876.0223048327138,1232.4905427828053,471300,538,1.4069168512988526,319748.14126394055,3998.0,6132.156133828997,6089.0,12221.0,9.179665635289518e-05,0.9814039404813464,C
Product_1190,6121.710526315789,4841.055914614191,465250,76,0.7908011811083903,2234424.342105263,10570.0,42851.97368421053,29145.0,71997.0,9.061827788708782e-05,0.9814945587592332,C
Product_0995,1038.5906040268455,5366.494587032296,464250,447,5.167093334202341,379085.5704697986,4354.0,7270.134228187919,23603.0,30873.0,9.042350458695436e-05,0.9815849822638204,C
Product_0001,900.1956947162427,1181.3169623560204,460000,511,1.312289060356362,328571.4285714286,4053.0,6301.369863013699,5933.0,12234.0,8.959571806138719e-05,0.9816745779818816,C
Product_0845,733.4435483870968,1791.1466571371243,454735,620,2.442105682265533,267706.8951612904,3659.0,5134.104838709678,8160.0,13294.0,8.857023663618458e-05,0.981763148218518,C
Product_0123,503.4972067039106,809.1100102341414,450630,895,1.606980137051587,183776.48044692737,3031.0,3524.480446927374,3891.0,7415.0,8.777069223913676e-05,0.981850918910757,C
Product_0478,1980.4444444444443,2725.7976843252723,445600,225,1.3763565506579585,722862.2222222221,6012.0,13863.11111111111,13534.0,27397.0,8.67909825394655e-05,0.9819377098932964,C
Product_0107,4663.1578947368425,4694.067161572916,443000,95,1.0066283980799706,1702052.6315789474,9225.0,32642.105263157897,25547.0,58189.0,8.628457195911854e-05,0.9820239944652556,C
Product_0038,3202.898550724637,4966.176723104743,442000,138,1.550525764227273,1169057.971014493,7645.0,22420.289855072464,24044.0,46464.0,8.608979865898509e-05,0.9821100842639148,C
Product_0081,1690.4214559386974,1930.908568165463,441200,261,1.1422645881486533,617003.8314176245,5554.0,11832.950191570882,10077.0,21910.0,8.593398001887832e-05,0.9821960182439337,C
Product_1587,1772.1774193548388,1662.1263687099504,439500,248,0.9379006585667068,646844.7580645161,5687.0,12405.241935483871,9290.0,21695.0,8.560286540865146e-05,0.982281621109342,C
Product_1106,904.5360824742268,1477.5804019589648,438700,485,1.633522897082512,330155.6701030928,4063.0,6331.752577319588,7085.0,13417.0,8.544704676854471e-05,0.9823670681561106,C
Product_1184,7253.333333333333,14947.971538216972,435200,60,2.060841664276237,2647466.6666666665,11505.0,50773.33333333333,69290.0,120063.0,8.476534021807762e-05,0.9824518334963288,C
Product_1443,1920.353982300885,2594.495345218767,434000,226,1.3510505714733672,700929.2035398231,5920.0,13442.477876106195,12938.0,26380.0,8.453161225791748e-05,0.9825363651085868,C
Product_1560,847.265625,999.590103737145,433800,512,1.1797836171355884,309251.953125,3932.0,5930.859375,5166.0,11097.0,8.449265759789079e-05,0.9826208577661846,C
Product_0213,538.655900621118,1114.2519118182547,433618,805,2.0685783085888847,196609.4037267081,3135.0,3770.591304347826,5163.0,8934.0,8.44572088572665e-05,0.982705314975042,C
Product_0194,1227.3775216138329,1262.6409078862555,425900,347,1.0287306763008468,447992.795389049,4733.0,8591.64265129683,6819.0,15411.0,8.295394852683653e-05,0.9827882689235689,C
Product_0958,3537.81512605042,4921.054585829995,421000,119,1.390986925685913,1291302.5210084033,8035.0,24764.70588235294,24374.0,49139.0,8.199955935618263e-05,0.9828702684829248,C
Product_1522,3360.0,6370.800324464231,420000,125,1.896071525138164,1226400.0,7831.0,23520.0,29847.0,53367.0,8.180478605604918e-05,0.9829520732689808,C
Product_0989,727.7296360485269,1250.1641043829177,419900,577,1.7178963758726922,265621.3171577123,3644.0,5094.107452339688,5944.0,11038.0,8.178530872603583e-05,0.983033858577707,C
Product_0179,641.9630200308167,1015.0224767265012,416634,649,1.5811229697900298,234316.50231124807,3423.0,4493.741140215717,4896.0,9390.0,8.114917912779999e-05,0.9831150077568348,C
Product_0032,1202.0289855072465,1898.2156398672064,414700,345,1.5791762617655802,438740.57971014496,4684.0,8414.202898550726,9158.0,17572.0,8.077248756534189e-05,0.9831957802444,C
Product_1490,896.7462039045553,930.1999776881272,413400,461,1.0373057322550234,327312.36442516267,4045.0,6277.223427331887,5009.0,11286.0,8.05192822751684e-05,0.9832762995266752,C
Product_1514,2148.958333333333,3021.164256412317,412600,192,1.4058738178166863,784369.7916666667,6262.0,15042.708333333334,14928.0,29971.0,8.036346363506165e-05,0.9833566629903104,C
Product_1810,5774.647887323944,3448.3834021945977,410000,71,0.5971590769654059,2107746.47887324,10266.0,40422.535211267605,24209.0,64632.0,7.985705305471468e-05,0.983436520043365,C
Product_1600,1898.148148148148,1976.3241181067715,410000,216,1.0411853890513725,692824.074074074,5886.0,13287.037037037036,10628.0,23915.0,7.985705305471468e-05,0.9835163770964196,C
Product_1306,932.8767123287672,1635.0050737452443,408600,438,1.7526486106226558,340500.0,4126.0,6530.13698630137,7749.0,14279.0,7.958437043452785e-05,0.9835959614668542,C
Product_1789,4075.0,3919.244799445398,407500,100,0.9617778648945762,1487375.0,8624.0,28525.0,21694.0,50219.0,7.937011980438105e-05,0.9836753315866588,C
Product_0987,1306.2700964630226,11297.535453950308,406250,311,8.648697910593343,476788.5852090032,4883.0,9143.89067524116,49353.0,58497.0,7.912665317921424e-05,0.983754458239838,C
Product_0986,733.086876155268,1247.3213855036931,396600,541,1.7014646231908674,267576.7097966728,3658.0,5131.608133086876,5940.0,11072.0,7.724709083292644e-05,0.9838317053306708,C
Product_0367,1178.571428571429,1220.2100556696605,396000,336,1.0353297442045604,430178.5714285715,4638.0,8250.0,6575.0,14825.0,7.713022685284636e-05,0.9839088355575236,C
Product_0381,4093.75,4284.803317969708,393000,96,1.0466695127864936,1494218.75,8644.0,28656.25,23002.0,51658.0,7.654590695244601e-05,0.983985381464476,C
Product_1986,507.1335927367056,611.9913899317388,391000,771,1.206765630786114,185103.76134889756,3042.0,3549.935149156939,3143.0,6693.0,7.615636035217912e-05,0.9840615378248284,C
Product_1847,651.510067114094,1632.0573400597857,388300,596,2.5050377921082463,237801.17449664432,3448.0,4560.570469798658,7419.0,11980.0,7.56304724418188e-05,0.9841371682972702,C
Product_0226,592.173166926677,1392.8737064622417,379583,641,2.352139178631016,216143.20592823712,3287.0,4145.212168486739,6367.0,10512.0,7.393263358455552e-05,0.9842111009308548,C
Product_1494,1789.1509433962265,5538.7412154739295,379300,212,3.095737246718885,653040.0943396227,5714.0,12524.056603773584,24812.0,37336.0,7.387751274061774e-05,0.9842849784435952,C
Product_1353,3258.620689655173,2838.00508519069,378000,116,0.870922195455344,1189396.551724138,7712.0,22810.344827586207,16354.0,39164.0,7.362430745044427e-05,0.9843586027510456,C
Product_1542,2561.6438356164385,2449.412604432917,374000,146,0.9561878081476092,935000.0,6837.0,17931.50684931507,13588.0,31520.0,7.284521424991045e-05,0.9844314479652956,C
Product_0097,2505.3691275167785,5723.030585782084,373300,149,2.284306341498876,914459.7315436242,6762.0,17537.583892617447,26234.0,43772.0,7.270887293981704e-05,0.9845041568382354,C
Product_0421,2301.234567901234,4694.095506896507,372800,162,2.03981618057198,839950.6172839507,6481.0,16108.641975308645,21786.0,37895.0,7.261148628975032e-05,0.9845767683245252,C
Product_1622,715.4142581888246,1716.5988899298188,371300,519,2.399447411455901,261126.204238921,3613.0,5007.899807321773,7832.0,12840.0,7.231932633955015e-05,0.9846490876508648,C
Product_1003,1390.2621722846443,2275.543958473917,371200,267,1.6367732675445472,507445.6928838952,5037.0,9731.83520599251,10908.0,20640.0,7.22998490095368e-05,0.9847213874998744,C
Product_0037,1257.679180887372,1538.095270490802,368500,293,1.2229631323034056,459052.9010238908,4791.0,8803.754266211605,7869.0,16673.0,7.177396109917649e-05,0.9847931614609736,C
Product_1004,1183.9228295819937,1799.9817330147566,368200,311,1.520353935273192,432131.8327974276,4648.0,8287.459807073954,8748.0,17035.0,7.171552910913644e-05,0.9848648769900826,C
Product_0287,348.20245979186376,882.4566393511086,368050,1057,2.534320521108876,127093.89782403028,2521.0,2437.417218543046,4008.0,6445.0,7.168631311411643e-05,0.9849365633031968,C
Product_0391,5183.098591549296,4447.50286004864,368000,71,0.8580779974550365,1891830.985915493,9726.0,36281.69014084507,25794.0,62076.0,7.167657444910976e-05,0.985008239877646,C
Product_1901,1780.5825242718447,1227.2164221583168,366800,206,0.6892218728588148,649912.6213592233,5700.0,12464.077669902912,7927.0,20391.0,7.144284648894961e-05,0.9850796827241348,C
Product_0183,540.7577548005909,1042.2621493539978,366093,677,1.9274104533893204,197376.5805022157,3141.0,3785.304283604136,4872.0,8657.0,7.130514176575527e-05,0.9851509878659006,C
Product_2014,646.1946902654868,900.1815405795243,365100,565,1.393050042255358,235861.06194690263,3434.0,4523.362831858407,4457.0,8980.0,7.111173187872275e-05,0.9852220995977792,C
Product_0470,3442.8571428571427,9093.614170467024,361500,105,2.6412987217124138,1256642.857142857,7927.0,24100.0,41163.0,65263.0,7.041054799824232e-05,0.9852925101457776,C
Product_1384,1258.5365853658536,2565.3395645993514,361200,287,2.038351204429717,459365.85365853657,4793.0,8809.756097560976,11907.0,20717.0,7.035211600820229e-05,0.9853628622617858,C
Product_1022,2282.9113924050635,2684.211754629474,360700,158,1.1757844669571855,833262.6582278481,6455.0,15980.379746835444,13887.0,29867.0,7.025472935813557e-05,0.985433116991144,C
Product_1739,2130.1775147928997,1944.3693044559343,360000,169,0.912773367925147,777514.7928994083,6235.0,14911.242603550294,10987.0,25898.0,7.011838804804215e-05,0.985503235379192,C
Product_0433,1447.3684210526317,1796.9212485443718,357500,247,1.2415092262670204,528289.4736842106,5140.0,10131.578947368422,9155.0,19287.0,6.963145479770852e-05,0.9855728668339896,C
Product_1612,1311.8081180811807,1760.2001296381884,355500,271,1.3418121944639918,478809.96309963096,4893.0,9182.656826568264,8792.0,17975.0,6.924190819744163e-05,0.9856421087421872,C
Product_1549,6289.285714285715,9378.673652522488,352200,56,1.4912144365169202,2295589.285714286,10714.0,44025.0,45759.0,89784.0,6.859915630700124e-05,0.985710707898494,C
Product_1161,7446.808510638298,4407.545460261733,350000,47,0.5918703903780042,2718085.1063829786,11658.0,52127.65957446808,31114.0,83242.0,6.817065504670765e-05,0.9857788785535408,C
Product_0143,3855.555555555556,3044.837631918009,347000,90,0.7897273396905499,1407277.7777777778,8388.0,26988.88888888889,18343.0,45332.0,6.75863351463073e-05,0.9858464648886872,C
Product_0905,348.58012170385393,689.8929602624456,343700,986,1.979151756819236,127231.74442190668,2522.0,2440.0608519269776,3214.0,5654.0,6.694358325586692e-05,0.985913408471943,C
Product_1524,9305.555555555557,4597.014213871835,335000,36,0.4940074976101076,3396527.777777777,13032.0,65138.88888888888,36570.0,101709.0,6.524905554470589e-05,0.9859786575274876,C
Product_1069,1092.391447368421,1745.9182028421942,332087,304,1.5982532699684933,398722.8782894737,4465.0,7646.7401315789475,8405.0,16052.0,6.468168092141715e-05,0.9860433392084093,C
Product_1228,2305.555555555556,4154.831676810295,332000,144,1.8020956670502484,841527.7777777779,6487.0,16138.88888888889,19608.0,35747.0,6.466473564430554e-05,0.9861080039440534,C
Product_1971,1708.3333333333333,1179.3748158961096,328000,192,0.6903657458904057,623541.6666666666,5584.0,11958.333333333332,7611.0,19569.0,6.388564244377174e-05,0.9861718895864972,C
Product_1743,3037.037037037037,3084.255846951832,328000,108,1.0155476569231645,1108518.5185185184,7445.0,21259.25925925926,16733.0,37992.0,6.388564244377174e-05,0.9862357752289408,C
Product_1532,547.339527027027,602.9558252193397,324025,592,1.1016120624329886,199778.92736486485,3161.0,3831.3766891891887,3182.0,7013.0,6.311141857574127e-05,0.9862988866475166,C
Product_1738,2737.2881355932204,3528.7051597296245,323000,118,1.2891244855978194,999110.1694915256,7068.0,19161.016949152545,17802.0,36963.0,6.291177594310448e-05,0.9863617984234596,C
Product_0078,2165.771812080537,3278.8175977736773,322700,149,1.513925695904177,790506.711409396,6287.0,15160.40268456376,15949.0,31109.0,6.285334395306445e-05,0.9864246517674128,C
Product_0934,3193.069306930693,1178.9196262462144,322500,101,0.3692120379871865,1165470.297029703,7634.0,22351.48514851485,11690.0,34041.0,6.281438929303776e-05,0.9864874661567058,C
Product_1010,2954.1284403669724,2366.374477663142,322000,109,0.8010398076561568,1078256.880733945,7343.0,20678.89908256881,14160.0,34839.0,6.271700264297104e-05,0.9865501831593488,C
Product_1547,3111.1650485436894,5039.422683432679,320450,103,1.6197863516728537,1135575.2427184463,7535.0,21778.155339805824,24202.0,45980.0,6.241510402776419e-05,0.9866125982633764,C
Product_0250,337.70327349524814,1082.0565258707832,319805,947,3.204163568423357,123261.69482576556,2483.0,2363.922914466737,4838.0,7202.0,6.228947524917812e-05,0.9866748877386256,C
Product_1193,735.0230414746544,1091.4401886407263,319000,434,1.4849060873670072,268283.4101382489,3663.0,5145.1612903225805,5330.0,10475.0,6.213268274257068e-05,0.9867370204213682,C
Product_1735,3573.0337078651687,6155.905591103402,318000,89,1.722879237761644,1304157.3033707866,8075.0,25011.23595505618,29255.0,54266.0,6.193790944243724e-05,0.9867989583308108,C
Product_0128,7022.222222222223,5289.306918374814,316000,45,0.753224086477426,2563111.1111111115,11321.0,49155.55555555556,32611.0,81767.0,6.154836284217033e-05,0.9868605066936528,C
Product_1736,2352.2727272727275,1961.2064330772653,310500,132,0.833749594738161,858579.5454545455,6552.0,16465.909090909092,11521.0,27987.0,6.047710969143636e-05,0.9869209838033444,C
Product_0050,893.9306358381502,2802.544006990202,309300,346,3.1350799431574843,326284.68208092486,4039.0,6257.514450867052,12546.0,18804.0,6.024338173127622e-05,0.9869812271850756,C
Product_0211,312.6180344478217,630.2959694673305,308554,987,2.0161855683745964,114105.58257345491,2389.0,2188.326241134752,2929.0,5117.0,6.0098080849376665e-05,0.987041325265925,C
Product_1785,3617.647058823529,2686.659125177952,307500,85,0.7426537419191087,1320441.1764705882,8125.0,25323.529411764703,16683.0,42007.0,5.9892789791036006e-05,0.987101218055716,C
Product_0961,528.2006920415225,982.0312206875432,305300,578,1.8592009353337695,192793.25259515573,3105.0,3697.404844290658,4613.0,8310.0,5.9464288530742415e-05,0.9871606823442468,C
Product_0411,9242.424242424242,10256.188080344176,305000,33,1.1096859234470748,3373484.848484848,12987.0,64696.969696969696,54006.0,118703.0,5.940585654070238e-05,0.9872200882007875,C
Product_1307,492.2204213938412,532.8230652552535,303700,617,1.082488743044094,179660.45380875203,2997.0,3445.542949756888,2828.0,6274.0,5.915265125052889e-05,0.987279240852038,C
Product_0219,442.4473684210527,790.6354942581103,302634,684,1.786959423173032,161493.2894736842,2842.0,3097.131578947369,3736.0,6833.0,5.894502291258664e-05,0.9873381858749508,C
Product_1015,545.0271247739602,1747.9433176319585,301400,553,3.20707582830283,198934.90054249545,3154.0,3815.189873417721,7815.0,11630.0,5.870467266022196e-05,0.9873968905476108,C
Product_2167,124.5358772293654,245.55888802530427,300256,2411,1.971792333971706,45455.59518871838,1508.0,871.7511406055579,1144.0,2016.0,5.848185200486929e-05,0.9874553723996158,C
Product_2021,630.6722689075631,1253.854843335417,300200,476,1.988124268579808,230195.3781512605,3393.0,4414.705882352941,5838.0,10253.0,5.847094470006182e-05,0.9875138433443158,C
Product_1885,8502.857142857143,9954.558096206798,297600,35,1.1707309588952888,3103542.8571428573,12457.0,59520.0,51567.0,111087.0,5.796453411971485e-05,0.9875718078784356,C
Product_0392,2512.8205128205127,1878.257559251644,294000,117,0.7474698450083072,917179.4871794872,6772.0,17589.74358974359,11625.0,29215.0,5.726335023923443e-05,0.9876290712286748,C
Product_0090,2968.686868686869,3025.7870106141518,293900,99,1.0192341410370906,1083570.707070707,7361.0,20780.80808080808,16394.0,37175.0,5.724387290922108e-05,0.987686315101584,C
Product_1226,699.2840095465393,1270.7509978636435,293000,419,1.8172172972862344,255238.66348448684,3572.0,4894.988066825776,5990.0,10885.0,5.7068576939100975e-05,0.9877433836785232,C
Product_0026,616.8421052631579,1759.9297928782669,293000,475,2.853128503812889,225147.36842105264,3355.0,4317.894736842105,7923.0,12241.0,5.7068576939100975e-05,0.9878004522554622,C
Product_0561,1556.914893617021,1975.222197801069,292700,188,1.2686770522261734,568273.9361702128,5330.0,10898.40425531915,10006.0,20904.0,5.701014494906094e-05,0.9878574624004112,C
Product_1843,2413.223140495868,2874.2228557983094,292000,121,1.19103070394382,880826.4462809918,6636.0,16892.561983471074,14815.0,31708.0,5.687380363896752e-05,0.9879143362040502,C
Product_1034,515.2212389380531,565.197977843195,291100,565,1.0970005409873071,188055.7522123894,3066.0,3606.548672566372,2987.0,6594.0,5.669850766884742e-05,0.9879710347117192,C
Product_1370,2377.0491803278687,3643.919125420134,290000,122,1.53295908034916,867622.9508196721,6586.0,16639.344262295082,17681.0,34320.0,5.648425703870062e-05,0.9880275189687578,C
Product_1729,574.6,658.1802507558016,287300,500,1.1454581461117326,209729.0,3238.0,4022.2,3432.0,7454.0,5.595836912834031e-05,0.9880834773378862,C
Product_0554,4100.0,4191.606519866971,287000,70,1.0223430536260905,1496500.0,8650.0,28700.0,22686.0,51386.0,5.589993713830027e-05,0.9881393772750244,C
Product_1191,986.159169550173,650.039092516218,285000,289,0.6591624482006562,359948.0968858132,4242.0,6903.114186851211,4304.0,11207.0,5.551039053803337e-05,0.9881948876655624,C
Product_1633,1660.8187134502923,958.9439208902952,284000,171,0.5773922903952129,606198.8304093567,5505.0,11625.730994152049,6875.0,18501.0,5.531561723789992e-05,0.9882502032828004,C
Product_0384,2080.8823529411766,1772.4440003015025,283000,136,0.851775208625457,759522.0588235294,6162.0,14566.176470588236,10313.0,24879.0,5.512084393776647e-05,0.9883053241267382,C
Product_0372,10846.153846153846,10255.505088262822,282000,26,0.9455430223221042,3958846.1538461535,14069.0,75923.07692307692,57140.0,133063.0,5.492607063763302e-05,0.9883602501973758,C
Product_0419,1709.20245398773,2703.14882267418,278600,163,1.5815264109687412,623858.8957055215,5585.0,11964.41717791411,13038.0,25002.0,5.426384141717929e-05,0.988414514038793,C
Product_1651,1982.142857142857,3407.2556491378373,277500,140,1.7189758229884584,723482.1428571428,6014.0,13875.0,16198.0,30073.0,5.404959078703249e-05,0.98846856362958,C
Product_1160,2400.0,2029.6054408712143,276000,115,0.8456689336963393,876000.0,6618.0,16800.0,11847.0,28647.0,5.375743083683232e-05,0.9885223210604168,C
Product_0122,472.2164948453608,778.8413663099002,274830,582,1.6493311326724225,172359.0206185567,2936.0,3305.5154639175257,3728.0,7034.0,5.352954607567618e-05,0.9885758506064924,C
Product_0022,711.3989637305699,668.5705716270173,274600,386,0.939796943364999,259660.62176165805,3603.0,4979.79274611399,3734.0,8714.0,5.3484748216645486e-05,0.9886293353547092,C
Product_1626,612.5,706.204525767688,274400,448,1.152986980845205,223562.5,3343.0,4287.5,3675.0,7962.0,5.34457935566188e-05,0.9886827811482656,C
Product_1900,1901.3986013986012,2616.900274030973,271900,143,1.376302828931332,694010.4895104895,5891.0,13309.79020979021,12993.0,26303.0,5.295886030628517e-05,0.988735740008572,C
Product_1445,1843.5374149659865,2597.946186372836,271000,147,1.4092180420546376,672891.1564625851,5800.0,12904.761904761905,12830.0,25735.0,5.2783564336165065e-05,0.988788523572908,C
Product_1596,4029.8507462686566,5362.524702927439,270000,67,1.3307005744301423,1470895.5223880596,8576.0,28208.955223880595,26840.0,55049.0,5.258879103603161e-05,0.988841112363944,C
Product_0204,388.7893217893218,760.7690883833077,269431,693,1.956764359890407,141908.10245310244,2664.0,2721.5252525252527,3549.0,6271.0,5.247796502825568e-05,0.9888935903289724,C
Product_1511,2152.0,1448.3360864643391,269000,125,0.6730186275391911,785480.0,6267.0,15064.0,9479.0,24543.0,5.2394017735898166e-05,0.9889459843467084,C
Product_1545,3581.333333333333,5595.719728442384,268600,75,1.5624682786045374,1307186.6666666667,8085.0,25069.333333333336,27052.0,52121.0,5.231610841584478e-05,0.9889983004551242,C
Product_1879,600.4484304932736,1860.916718827917,267800,446,3.0992115630965307,219163.67713004485,3310.0,4203.139013452915,8336.0,12539.0,5.216028977573803e-05,0.9890504607449,C
Product_1107,521.875,660.0643389146621,267200,512,1.2647939428304904,190484.375,3086.0,3653.125,3346.0,6999.0,5.204342579565795e-05,0.9891025041706956,C
Product_2029,586.0310421286031,701.0816968805502,264300,451,1.196321775607749,213901.3303769401,3270.0,4102.2172949002215,3609.0,7711.0,5.147858322527095e-05,0.9891539827539207,C
Product_0228,287.37267759562843,805.237083967877,262946,915,2.802065564148561,104891.02732240438,2290.0,2011.608743169399,3630.0,5642.0,5.1214860176890255e-05,0.9892051976140978,C
Product_1621,903.4965034965036,923.981665149039,258400,286,1.0226732052346177,329776.2237762238,4061.0,6324.475524475524,5000.0,11324.0,5.032942075448359e-05,0.9892555270348522,C
Product_1535,740.606936416185,1105.8926128427445,256250,346,1.493224757243276,270321.5317919076,3676.0,5184.248554913295,5394.0,10578.0,4.991065815919667e-05,0.9893054376930114,C
Product_1021,914.2857142857144,1640.3982132406366,256000,280,1.7941855457319462,333714.28571428574,4085.0,6400.0,7747.0,14147.0,4.986196483416331e-05,0.9893552996578456,C
Product_1031,589.6073903002309,626.5780693435528,255300,433,1.0627038935595703,215206.69745958428,3280.0,4127.251732101617,3346.0,7473.0,4.9725623524069896e-05,0.9894050252813696,C
Product_1390,1062.5,1320.679582892632,255000,240,1.24299254860483,387812.5,4403.0,7437.5,6727.0,14164.0,4.966719153402986e-05,0.9894546924729036,C
Product_1889,403.0110935023772,838.5780471408611,254300,631,2.080781548351881,147099.04912836768,2712.0,2821.0776545166405,3883.0,6704.0,4.953085022393644e-05,0.9895042233231276,C
Product_1413,1443.75,3398.514906753915,254100,176,2.353949718963751,526968.75,5133.0,10106.25,15534.0,25640.0,4.949189556390975e-05,0.9895537152186916,C
Product_1303,698.0769230769231,639.2761355921352,254100,364,0.9157674669639404,254798.0769230769,3569.0,4886.538461538462,3607.0,8494.0,4.949189556390975e-05,0.9896032071142554,C
Product_0618,256.3888888888889,290.6057188005305,253825,990,1.1334567580519066,93581.94444444444,2163.0,1794.7222222222224,1520.0,3315.0,4.943833290637305e-05,0.9896526454471618,C
Product_1457,632.9177057356609,948.9144933610836,253800,401,1.499269944199348,231014.96259351625,3399.0,4430.423940149626,4625.0,9055.0,4.943346357386972e-05,0.9897020789107356,C
Product_1734,2304.5454545454545,4160.2616882149,253500,110,1.8052417581997595,841159.0909090909,6485.0,16131.818181818182,19628.0,35760.0,4.937503158382968e-05,0.9897514539423196,C
Product_1746,4747.169811320755,7167.463980580388,251600,53,1.5098393917756778,1732716.9811320754,9308.0,33230.188679245286,34883.0,68113.0,4.900496231357613e-05,0.9898004589046332,C
Product_0195,940.6339622641508,1075.6691847656125,249268,265,1.1435576727172654,343331.39622641506,4143.0,6584.4377358490565,5611.0,12195.0,4.855075097766492e-05,0.9898490096556108,C
Product_1442,1431.0344827586207,2274.096929054411,249000,174,1.5891279745199498,522327.5862068966,5110.0,10017.241379310344,10959.0,20976.0,4.8498551733229154e-05,0.989897508207344,C
Product_0963,428.2758620689655,1126.7329970935104,248400,580,2.630858044743301,156320.6896551724,2796.0,2997.9310344827586,5102.0,8100.0,4.8381687753149085e-05,0.9899458898950972,C
Product_0054,1893.1297709923665,2626.058492514375,248000,131,1.3871518649975123,690992.3664122138,5878.0,13251.908396946565,13015.0,26267.0,4.830377843309571e-05,0.9899941936735304,C
Product_1741,2174.561403508772,4387.670000811278,247900,114,2.017726422317409,793714.9122807018,6300.0,15221.929824561405,20391.0,35613.0,4.828430110308236e-05,0.9900424779746332,C
Product_0023,508.7136929460581,811.7937871067301,245200,482,1.5957773465964271,185680.4979253112,3047.0,3560.9958506224066,3909.0,7470.0,4.775841319272205e-05,0.990090236387826,C
Product_0417,1049.7835497835497,1450.1836303176424,242500,231,1.3814120354778368,383170.9956709956,4377.0,7348.484848484848,7194.0,14542.0,4.723252528236173e-05,0.9901374689131084,C
Product_0127,1777.7777777777778,4259.610147298127,240000,135,2.3960307078551963,648888.8888888889,5696.0,12444.444444444443,19438.0,31882.0,4.6745592032028105e-05,0.9901842145051404,C
Product_2050,2097.3214285714284,2351.4787305177183,234900,112,1.1211818553341186,765522.3214285714,6187.0,14681.25,12342.0,27023.0,4.575224820134751e-05,0.9902299667533416,C
Product_1218,2494.6236559139784,1486.3411153478346,232000,93,0.5958177746868475,910537.634408602,6747.0,17462.365591397847,10449.0,27911.0,4.51874056309605e-05,0.9902751541589728,C
Product_1484,3741.935483870968,3353.17556301861,232000,62,0.8961072625308354,1365806.4516129033,8264.0,26193.548387096773,19091.0,45285.0,4.51874056309605e-05,0.9903203415646036,C
Product_1516,1122.3300970873786,1094.5035216010333,231200,206,0.975206424955938,409650.4854368932,4526.0,7856.31067961165,6027.0,13883.0,4.503158699085374e-05,0.9903653731515946,C
Product_1477,481.83716075156576,476.590012876384,230800,479,0.9891101220441418,175870.56367432151,2965.0,3372.860125260961,2610.0,5983.0,4.495367767080036e-05,0.9904103268292652,C
Product_1405,6514.285714285715,5008.060729354982,228000,35,0.7687812523132648,2377714.285714286,10903.0,45600.0,30565.0,76165.0,4.4408312430426696e-05,0.9904547351416958,C
Product_0053,1329.4117647058824,562.9221160484925,226000,170,0.423436989947981,485235.2941176471,4926.0,9305.882352941177,5013.0,14319.0,4.40187658301598e-05,0.990498753907526,C
Product_0560,2533.7078651685392,3836.574698046089,225500,89,1.514213517188922,924803.3707865168,6800.0,17735.955056179773,18661.0,36397.0,4.3921379180093074e-05,0.990542675286706,C
Product_1225,1704.5454545454545,1323.5312260445762,225000,132,0.776471652612818,622159.0909090909,5577.0,11931.818181818182,8039.0,19971.0,4.382399253002634e-05,0.990586499279236,C
Product_0349,94.08259587020648,166.5930200271241,223258,2373,1.7707102837271924,34340.14749262537,1310.0,658.5781710914455,788.0,1447.0,4.3484697441193874e-05,0.9906299839766772,C
Product_1132,2936.842105263158,3009.001699579143,223200,76,1.0245704711828625,1071947.3684210526,7321.0,20557.894736842107,16273.0,36831.0,4.347340058978614e-05,0.990673457377267,C
Product_1553,438.2642998027613,898.096001567359,222200,507,2.049210948670797,159966.4694280079,2828.0,3067.8500986193294,4166.0,7234.0,4.327862728965269e-05,0.9907167360045568,C
Product_1389,664.9700598802395,822.4700031051614,222100,334,1.2368526836430611,242714.07185628745,3484.0,4654.790419161677,4195.0,8850.0,4.325914995963934e-05,0.9907599951545164,C
Product_0052,650.4398826979473,1212.7811184332566,221800,341,1.8645552812702453,237410.5571847508,3445.0,4553.079178885631,5695.0,10248.0,4.320071796959931e-05,0.990803195872486,C
Product_1902,4211.538461538462,4093.689732495941,219000,52,0.9720176533780316,1537211.5384615385,8767.0,29480.769230769238,22568.0,52049.0,4.265535272922564e-05,0.9908458512252152,C
Product_2002,623.6467236467237,956.8008184924416,218900,351,1.5342032311139655,227631.05413105412,3374.0,4365.527065527066,4642.0,9008.0,4.26358753992123e-05,0.9908884871006144,C
Product_1133,2779.48717948718,2519.861827502379,216800,78,0.9065923549132175,1014512.8205128206,7122.0,19456.410256410258,14278.0,33734.0,4.2226851468932056e-05,0.9909307139520832,C
Product_1737,2181.818181818182,1599.5129128711524,216000,99,0.7331100850659448,796363.6363636365,6310.0,15272.727272727274,9999.0,25272.0,4.2071032828825295e-05,0.990972784984912,C
Product_0952,937.8260869565216,1127.2738554441978,215700,230,1.2020073562919122,342306.52173913043,4137.0,6564.782608695652,5795.0,12360.0,4.201260083878526e-05,0.9910147975857508,C
Product_1543,1791.6666666666667,994.9100152151196,215000,120,0.5552986131433225,653958.3333333334,5718.0,12541.666666666668,7313.0,19855.0,4.187625952869184e-05,0.9910566738452796,C
Product_0664,149.74982431482783,358.04415270541347,213094,1423,2.3909487329526096,54658.68587491216,1653.0,1048.2487702037947,1634.0,2682.0,4.1505021618637486e-05,0.991098178866898,C
Product_1610,2242.1052631578946,1900.256362736602,213000,95,0.8475321805632733,818368.4210526316,6397.0,15694.736842105262,11081.0,26776.0,4.148671292842494e-05,0.9911396655798266,C
Product_0015,1737.704918032787,1245.1776645680927,212000,122,0.7165645050816383,634262.2950819673,5631.0,12163.934426229507,7877.0,20041.0,4.129193962829149e-05,0.9911809575194548,C
Product_0138,352.75666666666666,1089.2457702628994,211654,600,3.087810587835522,128756.18333333332,2537.0,2469.2966666666666,4880.0,7349.0,4.122454806644532e-05,0.9912221820675212,C
Product_1128,4038.4615384615386,3458.218619188144,210000,52,0.8563208009418262,1474038.4615384615,8585.0,28269.23076923077,20075.0,48344.0,4.090239302802459e-05,0.9912630844605492,C
Product_1067,1087.6842105263158,1364.3280669811595,206660,190,1.2543420726140535,397004.7368421053,4455.0,7613.789473684211,6932.0,14546.0,4.0251850205578864e-05,0.991303336310755,C
Product_0388,34000.0,19224.983745116664,204000,6,0.5654406983857843,12410000.0,24910.0,238000.0,139679.0,377679.0,3.9733753227223887e-05,0.991343070063982,C
Product_1185,3917.307692307693,13194.766062074796,203700,52,3.368325160667106,1429817.3076923075,8455.0,27421.153846153848,58850.0,86271.0,3.967532123718385e-05,0.9913827453852192,C
Product_0217,404.5728542914172,666.2340378437872,202691,501,1.6467591208279468,147669.09181636726,2717.0,2832.0099800399203,3190.0,6022.0,3.94787949773492e-05,0.9914222241801968,C
Product_0685,364.1048824593128,763.6432767969164,201350,553,2.097316772131586,132898.28209764918,2578.0,2548.73417721519,3533.0,6082.0,3.921760398187024e-05,0.9914614417841784,C
Product_0007,449.1071428571428,434.3207890244757,201200,448,0.9670761107503236,163924.10714285713,2863.0,3143.75,2399.0,5543.0,3.918838798685023e-05,0.9915006301721654,C
Product_0069,1191.071428571429,2608.8708723124537,200100,168,2.1903563545651785,434741.0714285715,4662.0,8337.5,12011.0,20348.0,3.897413735670343e-05,0.991539604309522,C
Product_1471,1144.2528735632184,3058.664611781037,199100,174,2.6730670138116546,417652.2988505747,4570.0,8009.770114942528,13833.0,21843.0,3.877936405656998e-05,0.9915783836735786,C
Product_1073,830.1464435146444,1665.5444511631397,198405,239,2.0063260695445697,303003.4518828452,3892.0,5811.025104602511,7746.0,13557.0,3.864399661297723e-05,0.9916170276701916,C
Product_1639,418.2590233545648,687.2748720747958,197000,471,1.6431800240976082,152664.54352441613,2763.0,2927.8131634819533,3292.0,6220.0,3.8370340126289736e-05,0.991655398010318,C
Product_0977,545.3651685393259,1057.9609041580954,194150,356,1.9399128605731752,199058.28651685396,3155.0,3817.5561797752807,4941.0,8759.0,3.78152362209094e-05,0.9916932132465388,C
Product_0562,1441.044776119403,1900.1864841830009,193100,134,1.3186172391534028,525981.3432835821,5128.0,10087.31343283582,9532.0,19619.0,3.761072425576928e-05,0.9917308239707948,C
Product_0922,1615.126050420168,3366.148497068367,192200,119,2.0841398082785414,589521.0084033613,5429.0,11305.882352941177,15583.0,26889.0,3.743542828564917e-05,0.9917682593990804,C
Product_1196,412.0171673819743,537.5226004003985,192000,466,1.3046121447218004,150386.2660944206,2742.0,2884.12017167382,2704.0,5588.0,3.7396473625622485e-05,0.991805655872706,C
Product_1194,548.9971346704871,715.5741786594734,191600,349,1.303420607265951,200383.95415472775,3165.0,3842.9799426934096,3600.0,7443.0,3.73185643055691e-05,0.9918429744370116,C
Product_0224,396.3097713097713,857.1282489171745,190625,481,2.1627734438251065,144653.06652806653,2689.0,2774.168399168399,3951.0,6725.0,3.7128660337938986e-05,0.9918801030973494,C
Product_1257,526.8698060941829,629.5266362754161,190200,361,1.194842879576368,192307.4792243768,3101.0,3688.08864265928,3242.0,6930.0,3.704588168538227e-05,0.9919171489790348,C
Product_1182,2966.40625,8767.974982438003,189850,64,2.955756644066538,1082738.28125,7358.0,20764.84375,39385.0,60150.0,3.697771103033557e-05,0.9919541266900652,C
Product_1899,1027.1739130434785,1435.3920856457066,189000,184,1.397418750046614,374918.4782608696,4330.0,7190.217391304348,7102.0,14292.0,3.681215372522213e-05,0.9919909388437904,C
Product_1200,614.657980456026,680.2634031557426,188700,307,1.1067348424420402,224350.1628664495,3349.0,4302.605863192182,3585.0,7888.0,3.6753721735182095e-05,0.9920276925655256,C
Product_2031,1013.978494623656,911.3211553473714,188600,186,0.8987578732482029,370102.1505376344,4302.0,7097.849462365592,5182.0,12280.0,3.673424440516875e-05,0.9920644268099308,C
Product_1632,1392.5925925925926,829.4603199266261,188000,135,0.5956231020749708,508296.2962962963,5041.0,9748.148148148148,5832.0,15580.0,3.661738042508868e-05,0.9921010441903556,C
Product_1884,551.0263929618768,1988.357392394436,187900,341,3.6084612602794177,201124.63343108504,3171.0,3857.1847507331377,8841.0,12698.0,3.659790309507533e-05,0.9921376420934508,C
Product_1441,1738.3177570093458,2879.1260748153622,186000,107,1.6562714516410957,634485.9813084112,5632.0,12168.22429906542,13773.0,25941.0,3.622783382482178e-05,0.9921738699272756,C
Product_1259,521.6901408450705,588.2152117673425,185200,355,1.1275183594892362,190416.9014084507,3086.0,3651.830985915493,3082.0,6734.0,3.607201518471502e-05,0.9922099419424604,C
Product_1183,2583.098591549296,6072.160968963025,183400,71,2.350727528878816,942830.9859154928,6866.0,18081.69014084507,27758.0,45840.0,3.5721423244474806e-05,0.9922456633657049,C
Product_0690,1415.4263565891472,3383.707980841787,182590,129,2.390592746199631,516630.6201550387,5082.0,9907.98449612403,15444.0,25352.0,3.556365687136671e-05,0.9922812270225764,C
Product_0129,2888.8888888888887,8623.133011792648,182000,63,2.9849306579282247,1054444.4444444445,7261.0,20222.22222222222,38711.0,58933.0,3.5448740624287976e-05,0.9923166757632006,C
Product_1848,1838.3838383838383,1688.5392232067234,182000,99,0.9184911159201408,671010.101010101,5792.0,12868.68686868687,9517.0,22386.0,3.5448740624287976e-05,0.9923521245038248,C
Product_1983,2413.333333333333,3009.4146568023125,181000,75,1.2469950235368696,880866.6666666667,6637.0,16893.333333333336,15315.0,32208.0,3.525396732415453e-05,0.9923873784711492,C
Product_1365,500.8310249307479,979.4978173257414,180800,361,1.9557450887975256,182803.324099723,3023.0,3505.817174515236,4570.0,8076.0,3.521501266412784e-05,0.9924225934838132,C
Product_2082,363.5647773279353,696.7519244853856,179601,494,1.916445068211093,132701.14372469636,2576.0,2544.953441295547,3260.0,5805.0,3.498147947726783e-05,0.9924575749632903,C
Product_1499,495.9944751381216,847.134148702181,179550,362,1.7079507759966,181037.9834254144,3009.0,3471.961325966851,4032.0,7504.0,3.497154603896102e-05,0.9924925465093294,C
Product_0113,1966.6666666666667,1744.654758030683,177000,90,0.8871125888291609,717833.3333333334,5991.0,13766.666666666668,9975.0,23742.0,3.4474874123620725e-05,0.9925270213834532,C
Product_1546,1059.2814371257484,627.4979660719453,176900,167,0.5923807819899088,386637.7245508982,4397.0,7414.970059880239,4427.0,11842.0,3.445539679360738e-05,0.9925614767802466,C
Product_2128,202.83755760368663,464.9108484388207,176063,868,2.2920353307900942,74035.70852534562,1924.0,1419.8629032258063,2130.0,3550.0,3.429237154139568e-05,0.992595769151788,C
Product_0870,3908.8888888888887,3716.2005415002113,175900,45,0.95070508452251,1426744.4444444445,8446.0,27362.22222222222,20662.0,48024.0,3.426062349347393e-05,0.9926300297752816,C
Product_1488,3070.1754385964914,3489.0627534114533,175000,57,1.1364375825397304,1120614.035087719,7485.0,21491.22807017544,18236.0,39727.0,3.4085327523353826e-05,0.9926641151028048,C
Product_0047,384.54746136865344,337.7169320179823,174200,453,0.8782191171305739,140359.82339955852,2649.0,2691.832229580574,1939.0,4631.0,3.3929508883247065e-05,0.992698044611688,C
Product_0606,203.4795321637427,240.2526563147457,173975,855,1.1807214895767069,74270.02923976608,1927.0,1424.3567251461989,1241.0,2665.0,3.388568489071704e-05,0.9927319302965788,C
Product_0115,287.8211920529801,538.8794046452465,173844,604,1.8722714641041909,105054.73509933772,2292.0,2014.7483443708609,2529.0,4544.0,3.3860169588399555e-05,0.9927657904661672,C
Product_0087,580.2013422818792,680.3474748961144,172900,298,1.1726058271778026,211773.48993288592,3254.0,4061.4093959731545,3523.0,7584.0,3.367630359307358e-05,0.9927994667697604,C
Product_1968,1744.8979591836735,1459.4959198284153,171000,98,0.836436258147279,636887.7551020408,5643.0,12214.285714285714,8561.0,20775.0,3.330623432282002e-05,0.9928327730040832,C
Product_0486,329.1972920696325,1158.5708767720173,170195,517,3.519381552284925,120157.01160541589,2451.0,2304.3810444874275,5157.0,7461.0,3.314944181621259e-05,0.9928659224458992,C
Product_0991,649.4252873563219,837.3089076897194,169500,261,1.28930752157532,237040.2298850575,3443.0,4545.977011494253,4224.0,8770.0,3.3014074372619845e-05,0.992898936520272,C
Product_0869,1962.7906976744189,2354.872121500089,168800,86,1.1997571235130786,716418.6046511628,5985.0,13739.534883720931,12113.0,25853.0,3.287773306252643e-05,0.9929318142533344,C
Product_2005,2024.0963855421687,1497.7699163435784,168000,83,0.7399696610506965,738795.1807228916,6078.0,14168.67469879518,9318.0,23487.0,3.272191442241967e-05,0.9929645361677568,C
Product_1995,608.7272727272727,1270.6384603344973,167400,275,2.087369035794425,222185.45454545456,3333.0,4261.090909090909,5881.0,10142.0,3.26050504423396e-05,0.9929971412181992,C
Product_0371,2113.9240506329115,1880.9936120350635,167000,79,0.8898113494058083,771582.2784810127,6211.0,14797.46835443038,10741.0,25538.0,3.252714112228622e-05,0.9930296683593216,C
Product_0841,292.1103327495622,753.7244226832423,166795,571,2.58027306185516,106620.2714535902,2309.0,2044.7723292469357,3418.0,5463.0,3.2487212595758864e-05,0.9930621555719172,C
Product_0051,973.9766081871344,1452.577214524407,166550,171,1.491388193837728,355501.4619883041,4216.0,6817.836257309941,7087.0,13905.0,3.243949313722617e-05,0.9930945950650544,C
Product_1840,777.7777777777778,536.4291218835406,161000,207,0.6896945852788379,283888.88888888893,3768.0,5444.444444444445,3464.0,8908.0,3.135850132148552e-05,0.993125953566376,C
Product_1608,2105.2631578947367,1562.7236682017376,160000,76,0.7422937423958255,768421.0526315789,6198.0,14736.842105263157,9706.0,24443.0,3.1163728021352065e-05,0.9931571172943974,C
Product_1987,695.2173913043479,800.0129342033965,159900,230,1.1507378040449106,253754.34782608697,3562.0,4866.521739130435,4166.0,9033.0,3.1144250691338726e-05,0.9931882615450888,C
Product_1550,329.72972972972974,474.9339095794998,158600,481,1.44037333233127,120351.35135135136,2453.0,2308.1081081081084,2334.0,4642.0,3.0891045401165235e-05,0.99321915259049,C
Product_0950,856.7567567567568,748.019319581844,158500,185,0.8730824865781776,312716.2162162162,3954.0,5997.2972972972975,4306.0,10303.0,3.0871568071151896e-05,0.993250024158561,C
Product_1395,2633.333333333333,1687.1063047762636,158000,60,0.6406732802947837,961166.6666666667,6932.0,18433.333333333336,11356.0,29789.0,3.0774181421085166e-05,0.993280798339982,C
Product_0221,322.8997955010225,634.3908690819467,157898,489,1.9646679184098084,117858.4253578732,2428.0,2260.298568507157,2958.0,5218.0,3.0754314544471555e-05,0.9933115526545264,C
Product_1780,3214.285714285714,1443.3756729740644,157500,49,0.4490502093697089,1173214.2857142857,7659.0,22500.0,12299.0,34799.0,3.067679477101844e-05,0.9933422294492976,C
Product_1254,487.8125,663.2835314580399,156100,320,1.3597099940203252,178051.5625,2984.0,3414.6875,3303.0,6718.0,3.0404112150831613e-05,0.9933726335614484,C
Product_1630,444.2857142857143,642.0409153976226,155500,350,1.44510816970526,162164.2857142857,2847.0,3110.0,3153.0,6263.0,3.028724817075154e-05,0.9934029208096192,C
Product_1446,1115.1079136690648,511.8754475236137,155000,139,0.4590366916502084,407014.3884892087,4511.0,7805.755395683454,4292.0,12098.0,3.0189861520684817e-05,0.9934331106711398,C
Product_1417,424.45054945054943,547.3512228763816,154500,364,1.2895523956440318,154924.45054945053,2783.0,2971.153846153846,2761.0,5732.0,3.009247487061809e-05,0.9934632031460104,C
Product_1598,2800.0,3450.1744454018126,154000,55,1.232205159072076,1022000.0,7148.0,19600.0,17615.0,37215.0,2.9995088220551364e-05,0.993493198234231,C
Product_1880,503.2894736842105,804.0670352132053,153000,304,1.5976233902275452,183700.65789473685,3031.0,3523.0263157894738,3871.0,7394.0,2.9800314920417915e-05,0.9935229985491514,C
Product_2017,1535.353535353535,1401.989339628248,152000,99,0.9131377935736616,560404.0404040404,5293.0,10747.474747474747,7921.0,18668.0,2.9605541620284465e-05,0.9935526040907716,C
Product_0155,602.904,876.5301198406997,150726,250,1.4538469140040533,220059.96,3317.0,4220.328,4299.0,8519.0,2.935740043591445e-05,0.9935819614912076,C
Product_1305,449.8507462686568,1040.6088333873072,150700,335,2.3132313150945447,164195.5223880597,2865.0,3148.9552238805973,4764.0,7913.0,2.9352336330110974e-05,0.9936113138275376,C
Product_1829,3750.0,2531.8484177091664,150000,40,0.6751595780557778,1368750.0,8273.0,26250.0,16541.0,42791.0,2.9215995020017563e-05,0.9936405298225576,C
Product_1473,594.4444444444445,536.2263831191791,149800,252,0.9020630744060956,216972.22222222225,3294.0,4161.111111111111,3045.0,7206.0,2.9177040359990878e-05,0.9936697068629176,C
Product_1731,535.84229390681,645.7430527285889,149500,279,1.205099074991815,195582.4372759857,3127.0,3750.89605734767,3317.0,7068.0,2.911860836995084e-05,0.9936988254712876,C
Product_1474,819.7802197802198,1178.7923195564413,149200,182,1.4379370117913697,299219.7802197802,3868.0,5738.461538461539,5796.0,11534.0,2.9060176379910805e-05,0.9937278856476676,C
Product_1415,581.640625,516.6396359943672,148900,256,0.888245445363049,212298.828125,3258.0,4071.484375,2952.0,7023.0,2.9001744389870767e-05,0.9937568873920576,C
Product_1009,528.8256227758008,706.4916146896883,148600,281,1.335963282152102,193021.35231316727,3107.0,3701.779359430605,3533.0,7235.0,2.8943312399830733e-05,0.9937858307044573,C
Product_1723,401.00542005420056,486.80408519428784,147971,369,1.2139588665123044,146366.9783197832,2705.0,2807.037940379404,2496.0,5303.0,2.8820799994046792e-05,0.9938146515044513,C
Product_0171,1477.4343434343434,1351.7360957990445,146266,99,0.9149212632061136,539263.5353535353,5193.0,10342.040404040405,7631.0,17973.0,2.848871151731926e-05,0.9938431402159684,C
Product_2028,557.6923076923077,619.7353258221402,145000,260,1.1112495497500443,203557.6923076923,3190.0,3903.846153846154,3262.0,7166.0,2.824212851935031e-05,0.993871382344488,C
Product_0974,835.8381502890173,1278.8139569316056,144600,173,1.52997797060282,305080.9248554913,3906.0,5850.867052023122,6207.0,12058.0,2.816421919929693e-05,0.9938995465636872,C
Product_1782,3313.953488372093,1515.8812296967944,142500,43,0.4574238096628923,1209593.023255814,7777.0,23197.674418604653,12743.0,35941.0,2.775519526901669e-05,0.9939273017589562,C
Product_1487,2535.714285714286,2716.711151469637,142000,56,1.0713790456499976,925535.7142857144,6803.0,17750.0,14469.0,32219.0,2.765780861894996e-05,0.9939549595675752,C
Product_1998,1296.2962962962963,997.747549769112,140000,108,0.7696909669647434,473148.14814814815,4864.0,9074.074074074077,6086.0,15160.0,2.726826201868306e-05,0.9939822278295938,C
Product_1036,728.7958115183246,1062.2013463524188,139200,191,1.4574745485151723,266010.4712041885,3647.0,5101.570680628272,5207.0,10309.0,2.71124433785763e-05,0.9940093402729724,C
Product_0477,1654.7619047619048,2560.939434270391,139000,84,1.5476180753864233,603988.0952380953,5495.0,11583.333333333334,12403.0,23986.0,2.707348871854961e-05,0.9940364137616908,C
Product_0830,893.5483870967741,2662.892612827014,138500,155,2.980132526990521,326145.16129032255,4038.0,6254.838709677419,11956.0,18211.0,2.6976102068482884e-05,0.9940633898637594,C
Product_2118,520.390977443609,852.3819485315474,138424,266,1.6379645026107583,189942.70676691728,3082.0,3642.7368421052633,4085.0,7728.0,2.696129929767274e-05,0.9940903511630572,C
Product_0863,1769.2307692307693,754.6062346883766,138000,78,0.4265165674325606,645769.2307692308,5682.0,12384.615384615385,6683.0,19068.0,2.687871541841616e-05,0.9941172298784756,C
Product_0948,6900.0,7016.821892686476,138000,20,1.0169307090849964,2518500.0,11222.0,48300.0,38049.0,86349.0,2.687871541841616e-05,0.994144108593894,C
Product_0564,475.2413793103448,2100.400048485944,137820,290,4.419648919321751,173463.10344827586,2945.0,3326.689655172414,9273.0,12600.0,2.6843656224392135e-05,0.9941709522501184,C
Product_1742,1779.2207792207791,1273.447213620703,137000,77,0.7157331054656506,649415.5844155843,5698.0,12454.545454545454,8060.0,20515.0,2.668394211828271e-05,0.9941976361922366,C
Product_1589,1844.5945945945944,1487.2187789322516,136500,74,0.8062577995676675,673277.027027027,5802.0,12912.162162162162,8872.0,21784.0,2.6586555468215985e-05,0.9942242227477048,C
Product_1214,1290.4761904761904,1730.191397233922,135500,105,1.3407387211037771,471023.8095238095,4853.0,9033.333333333332,8644.0,17677.0,2.639178216808253e-05,0.9942506145298728,C
Product_1575,1868.055555555556,1540.516319965932,134500,72,0.8246630114315768,681840.2777777779,5839.0,13076.38888888889,9095.0,22171.0,2.6197008867949083e-05,0.9942768115387408,C
Product_0416,1000.7462686567164,1299.8841052247878,134100,134,1.29891476584729,365272.3880597015,4274.0,7005.223880597016,6545.0,13550.0,2.6119099547895706e-05,0.9943029306382888,C
Product_0904,319.1387559808612,696.0265609201725,133400,418,2.180952792088697,116485.64593301434,2413.0,2233.9712918660284,3206.0,5440.0,2.5982758237802287e-05,0.9943289133965264,C
Product_1530,293.2819383259912,316.6533397168748,133150,454,1.079689194378229,107047.90748898678,2314.0,2052.9735682819382,1682.0,3735.0,2.593406491276893e-05,0.9943548474614392,C
Product_1642,1112.6050420168067,3342.2704812454763,132400,119,3.0040044355605118,406100.8403361344,4506.0,7788.235294117647,14999.0,22787.0,2.578798493766884e-05,0.994380635446377,C
Product_0101,769.7674418604652,853.7594560286464,132400,172,1.109113492726036,280965.1162790698,3748.0,5388.372093023256,4496.0,9884.0,2.578798493766884e-05,0.9944064234313148,C
Product_0414,1215.8878504672898,1899.1631490077696,130100,107,1.5619558566013172,443799.0654205608,4711.0,8511.214953271028,9182.0,17693.0,2.53400063473619e-05,0.994431763437662,C
Product_2025,484.5864661654135,966.5086057290024,128900,266,1.994501855111828,176874.06015037594,2974.0,3392.1052631578946,4498.0,7890.0,2.510627838720176e-05,0.9944568697160492,C
Product_2041,1183.3333333333333,1045.1937172323874,127800,108,0.8832622962527218,431916.6666666666,4647.0,8283.333333333332,5987.0,14270.0,2.4892027757054964e-05,0.9944817617438064,C
Product_0550,1847.8260869565215,1537.0530144759036,127500,69,0.8318169254810772,674456.5217391305,5807.0,12934.782608695652,9039.0,21974.0,2.483359576701493e-05,0.9945065953395732,C
Product_1588,1517.857142857143,1925.4891861166032,127500,84,1.2685575814415269,554017.8571428572,5263.0,10625.0,9754.0,20379.0,2.483359576701493e-05,0.9945314289353404,C
Product_0373,605.2380952380952,1177.5090042123416,127100,210,1.9455302193909656,220911.90476190476,3323.0,4236.666666666666,5498.0,9735.0,2.475568644696155e-05,0.9945561846217872,C
Product_1985,432.8767123287671,635.3405980020215,126400,292,1.4677172042451765,158000.0,2811.0,3030.1369863013697,3110.0,6140.0,2.4619345136868134e-05,0.9945808039669242,C
Product_2111,356.10795454545456,927.5451193481498,125350,352,2.6046739689712703,129979.40340909093,2549.0,2492.755681818182,4203.0,6696.0,2.441483317172801e-05,0.994605218800096,C
Product_1207,792.7215189873418,872.7623973391286,125250,158,1.1009697307751083,289343.3544303797,3804.0,5549.050632911392,4607.0,10156.0,2.4395355841714665e-05,0.9946296141559376,C
Product_0406,503.0241935483871,567.1515297624593,124750,248,1.1274836022532255,183603.83064516127,3030.0,3521.1693548387093,2972.0,6493.0,2.4297969191647945e-05,0.9946539121251292,C
Product_0004,466.6666666666667,646.8934826885043,124600,267,1.3862003200467947,170333.33333333334,2918.0,3266.666666666667,3207.0,6474.0,2.4268753196627923e-05,0.994678180878326,C
Product_1202,383.9506172839506,546.4111540374918,124400,324,1.4231287291651715,140141.975308642,2647.0,2687.6543209876545,2693.0,5381.0,2.4229798536601234e-05,0.9947024106768624,C
Product_1732,1137.6146788990825,395.9959293715417,124000,109,0.3480931959798229,415229.3577981651,4556.0,7963.302752293577,4120.0,12083.0,2.415188921654785e-05,0.994726562566079,C
Product_0915,1288.5416666666667,3582.556270294238,123700,96,2.7803185282800875,470317.7083333334,4849.0,9019.791666666668,16157.0,25177.0,2.409345722650782e-05,0.9947506560233056,C
Product_0208,342.0387811634349,813.5652802071327,123476,361,2.3785761294079406,124844.15512465374,2498.0,2394.2714681440443,3715.0,6109.0,2.4049828007277925e-05,0.9947747058513128,C
Product_1475,525.3218884120172,928.15306234917,122400,233,1.7668273163999724,191742.4892703863,3096.0,3677.253218884121,4393.0,8070.0,2.384025193633433e-05,0.9947985461032492,C
Product_1129,2033.3333333333333,1248.2756468006094,122000,60,0.6139060558035784,742166.6666666666,6092.0,14233.333333333332,8617.0,22850.0,2.376234261628095e-05,0.9948223084458656,C
Product_2007,506.6666666666667,462.52596142597935,121600,240,0.9128801870249592,184933.3333333333,3041.0,3546.666666666667,2613.0,6160.0,2.368443329622757e-05,0.9948459928791618,C
Product_0068,535.3982300884956,512.7564470987156,121000,226,0.9577103887959484,195420.35398230088,3126.0,3747.787610619469,2843.0,6591.0,2.3567569316147505e-05,0.994869560448478,C
Product_2114,346.64161849710985,1057.1326457028497,119938,346,3.049641443188863,126524.19075144509,2515.0,2426.491329479769,4740.0,7166.0,2.3360720071405775e-05,0.9948929211685492,C
Product_0909,1248.9583333333333,3432.506979842381,119900,96,2.748295830399238,455869.7916666666,4774.0,8742.708333333332,15493.0,24236.0,2.3353318686000703e-05,0.9949162744872352,C
Product_1425,462.2568093385214,941.4995748359858,118800,257,2.036745713239464,168723.73540856031,2905.0,3235.7976653696496,4370.0,7606.0,2.313906805585391e-05,0.994939413555291,C
Product_0003,407.9310344827586,513.5929433805293,118300,290,1.25901904970713,148894.8275862069,2729.0,2855.5172413793102,2607.0,5463.0,2.3041681405787184e-05,0.9949624552366968,C
Product_1634,1116.3461538461538,1916.667343139364,116100,104,1.7169113151291462,407466.3461538461,4514.0,7814.423076923076,9114.0,16928.0,2.2613180145493597e-05,0.9949850684168424,C
Product_1500,558.1730769230769,720.979961694752,116100,208,1.291678139814887,203733.17307692303,3192.0,3907.211538461538,3635.0,7542.0,2.2613180145493597e-05,0.9950076815969878,C
Product_0044,6105.263157894737,10175.650330525456,116000,19,1.6667013472412384,2228421.052631579,10556.0,42736.84210526316,48625.0,91362.0,2.259370281548025e-05,0.9950302752998031,C
Product_1650,851.8518518518518,699.3442399477083,115000,135,0.8209693251560054,310925.9259259259,3943.0,5962.962962962963,4137.0,10100.0,2.23989295153468e-05,0.9950526742293186,C
Product_0275,247.56465517241375,349.64884593704545,114870,464,1.4123536564358763,90361.09913793104,2126.0,1732.9525862068965,1726.0,3459.0,2.237360898632945e-05,0.995075047838305,C
Product_0838,1247.8260869565215,1239.769409689601,114800,92,0.9935434293679728,455456.5217391304,4772.0,8734.782608695652,6779.0,15514.0,2.235997485532011e-05,0.9950974078131604,C
Product_0201,634.4444444444445,788.7705037023526,114200,180,1.243245977814566,231572.22222222225,3403.0,4441.111111111111,4017.0,8458.0,2.224311087524004e-05,0.9951196509240356,C
Product_1448,1036.3636363636365,1248.3183016169369,114000,110,1.204517659454939,378272.7272727272,4349.0,7254.545454545454,6414.0,13669.0,2.2204156215213348e-05,0.9951418550802508,C
Product_0055,1252.7472527472528,496.50795212176257,114000,91,0.3963352951147403,457252.7472527472,4781.0,8769.23076923077,4653.0,13422.0,2.2204156215213348e-05,0.995164059236466,C
Product_0549,2404.255319148936,1881.368309503405,113000,47,0.7825160225368145,877553.1914893617,6624.0,16829.787234042553,11384.0,28214.0,2.20093829150799e-05,0.9951860686193812,C
Product_0249,143.42292993630574,491.6566663178401,112587,785,3.4280199584277447,52349.3694267516,1618.0,1003.96050955414,2191.0,3195.0,2.1928941542124784e-05,0.9952079975609232,C
Product_0110,196.22847100175747,457.4440901317075,111654,569,2.3311810350273308,71623.39191564148,1892.0,1373.5992970123025,2093.0,3467.0,2.1747218053100275e-05,0.9952297447789764,C
Product_0301,151.44198895027623,397.2116795175334,109644,724,2.622863594639872,55276.32596685083,1662.0,1060.0939226519338,1799.0,2859.0,2.135572371983204e-05,0.9952511005026964,C
Product_0894,537.0588235294117,917.0869368411684,109560,204,1.7076098495399634,196026.47058823527,3131.0,3759.411764705882,4365.0,8124.0,2.133936276262083e-05,0.9952724398654588,C
Product_1238,2132.3529411764707,3207.940515804677,108750,51,1.504413483273917,778308.8235294118,6238.0,14926.470588235296,15624.0,30550.0,2.1181596389512732e-05,0.9952936214618484,C
Product_1300,211.69590643274853,399.0952281053874,108600,513,1.8852288399453383,77269.00584795322,1966.0,1481.8713450292398,1871.0,3353.0,2.115238039449272e-05,0.9953147738422428,C
Product_2137,377.0524475524476,449.1988119732719,107837,286,1.191343047602917,137624.14335664336,2623.0,2639.367132867133,2315.0,4954.0,2.100376836649089e-05,0.9953357776106092,C
Product_0871,1854.3103448275865,1862.611929587584,107550,58,1.004476912283402,676823.275862069,5817.0,12980.172413793103,10145.0,23125.0,2.0947868429352597e-05,0.9953567254790386,C
Product_1258,419.3675889328063,439.6747481757959,106100,253,1.04842329206858,153069.1699604743,2766.0,2935.573122529644,2359.0,5295.0,2.066544714415909e-05,0.9953773909261828,C
Product_0174,274.3523316062176,342.9288975673489,105900,386,1.2499580213502992,100138.60103626942,2238.0,1920.4663212435232,1744.0,3664.0,2.06264924841324e-05,0.995398017418667,C
Product_1386,1149.4565217391305,1438.7970892460596,105750,92,1.2517194535284868,419551.63043478265,4580.0,8046.195652173914,7315.0,15361.0,2.0597276489112383e-05,0.995418614695156,C
Product_1223,670.0636942675159,1173.1212458460957,105200,157,1.7507607946562456,244573.2484076433,3497.0,4690.445859872611,5561.0,10251.0,2.0490151174038984e-05,0.99543910484633,C
Product_0589,640.4268292682926,980.402415569081,105030,164,1.5308578135135609,233755.7926829268,3419.0,4482.987804878048,4758.0,9241.0,2.04570397130163e-05,0.995459561886043,C
Product_0901,181.57439446366783,177.92500952348104,104950,578,0.9799014340597622,66274.65397923876,1820.0,1271.0207612456747,978.0,2249.0,2.0441457849005622e-05,0.995480003343892,C
Product_0308,75.29877609791217,184.36371419651385,104590,1389,2.4484290947409666,27484.05327573794,1172.0,527.0914326853851,840.0,1367.0,2.037133946095758e-05,0.995500374683353,C
Product_1607,2039.2156862745096,1684.7644857810303,104000,51,0.82618258437339,744313.7254901961,6100.0,14274.509803921568,9938.0,24213.0,2.025642321387885e-05,0.9955206311065667,C
Product_0514,256.15960099750623,401.32659326767816,102720,401,1.5667052560391252,93498.25436408978,2162.0,1793.1172069825436,1939.0,3732.0,2.0007113389708027e-05,0.9955406382199564,C
Product_0551,1186.046511627907,936.3461892091576,102000,86,0.7894683556077211,432906.976744186,4652.0,8302.32558139535,5642.0,13944.0,1.9866876613611943e-05,0.99556050509657,C
Product_1077,950.177570093458,1325.5427568535351,101669,107,1.3950474085840154,346814.81308411213,4164.0,6651.242990654206,6561.0,13212.0,1.980240665126777e-05,0.9955803075032214,C
Product_0140,150.09333333333333,280.35557943419155,101313,675,1.867874962917684,54784.066666666666,1655.0,1050.6533333333334,1316.0,2367.0,1.9733067356420265e-05,0.9956000405705778,C
Product_1313,506.5,1356.3206770135423,101300,200,2.677829569621999,184872.5,3040.0,3545.5,6133.0,9678.0,1.9730535303518528e-05,0.9956197711058812,C
Product_0885,1836.3636363636365,1829.502425409468,101000,55,0.9962636970051558,670272.7272727272,5789.0,12854.545454545454,9994.0,22849.0,1.967210331347849e-05,0.9956394432091948,C
Product_1013,10100.0,11064.959707713955,101000,10,1.0955405651201937,3686500.0,13577.0,70700.0,58504.0,129204.0,1.967210331347849e-05,0.9956591153125082,C
Product_0654,108.20064377682404,241.2929624921591,100843,932,2.230051079824006,39493.23497854077,1405.0,757.4045064377683,1109.0,1866.0,1.964152390535754e-05,0.9956787568364136,C
Product_2136,191.2963671128107,376.4704225408411,100048,523,1.9679956719660556,69823.17399617592,1868.0,1339.074569789675,1755.0,3094.0,1.948667913175145e-05,0.9956982435155451,C
Product_2142,234.1858823529412,549.5396836909648,99529,425,2.346596123427946,85477.84705882354,2067.0,1639.3011764705882,2513.0,4152.0,1.9385591788982183e-05,0.9957176291073342,C
Product_1638,250.12626262626264,393.40285561012286,99050,396,1.5728170703847415,91296.08585858584,2137.0,1750.8838383838383,1900.0,3651.0,1.9292295378218264e-05,0.9957369214027124,C
Product_1102,432.5152838427948,416.074139377061,99046,229,0.9619871364552528,157868.07860262008,2810.0,3027.6069868995637,2303.0,5331.0,1.929151628501773e-05,0.9957562129189974,C
Product_0964,377.48091603053433,905.9977616301552,98900,262,2.400115404925184,137780.53435114503,2625.0,2642.36641221374,4134.0,6776.0,1.926307938319825e-05,0.9957754759983806,C
Product_2133,470.6571428571429,857.5773579967786,98838,210,1.822085080427806,171789.85714285713,2931.0,3294.6,4041.0,7336.0,1.925100343858997e-05,0.9957947270018191,C
Product_1563,397.1774193548387,1325.2499942811928,98500,248,3.3366700363628,144969.75806451612,2692.0,2780.241935483871,5913.0,8693.0,1.9185170063144868e-05,0.9958139121718824,C
Product_1609,1960.0,1470.249180602127,98000,50,0.7501271329602687,715400.0,5981.0,13720.0,9084.0,22804.0,1.908778341307814e-05,0.9958329999552954,C
Product_1301,301.5479876160991,325.75390821121675,97400,323,1.080272200741509,110065.01547987617,2346.0,2110.8359133126937,1730.0,3841.0,1.8970919432998076e-05,0.9958519708747284,C
Product_1557,935.5769230769232,1198.2121203224112,97300,104,1.2807200463877777,341485.57692307694,4132.0,6549.038461538462,6055.0,12604.0,1.8951442102984727e-05,0.9958709223168314,C
Product_0091,1369.0140845070423,3018.2583222446,97200,71,2.2046948650140594,499690.1408450704,4998.0,9583.098591549297,13886.0,23469.0,1.893196477297138e-05,0.9958898542816044,C
Product_2089,251.4818652849741,453.0447825490912,97072,386,1.80150080418606,91790.88082901554,2142.0,1760.3730569948189,2138.0,3898.0,1.89070337905543e-05,0.995908761315395,C
Product_1204,1979.591836734694,1070.2374331265498,97000,49,0.5406354043628963,722551.0204081633,6011.0,13857.14285714286,8006.0,21863.0,1.889301011294469e-05,0.995927654325508,C
Product_1229,580.2395209580839,989.0508728225736,96900,167,1.704556199807738,211787.4251497006,3254.0,4061.6766467065872,4708.0,8770.0,1.8873532782931343e-05,0.9959465278582909,C
Product_0188,296.70552147239266,618.2388628007072,96726,326,2.0836783209584864,108297.51533742332,2327.0,2076.9386503067485,2862.0,4939.0,1.8839642228708125e-05,0.9959653675005196,C
Product_1842,7916.666666666667,7821.396449755147,95000,12,0.9879658673374924,2889583.333333333,12020.0,55416.66666666667,42858.0,98275.0,1.850346351267779e-05,0.9959838709640324,C
Product_1719,88.31711880261928,165.62984286390426,94411,1069,1.875399074488287,32235.74836295604,1270.0,618.219831618335,777.0,1395.0,1.838874203889919e-05,0.9960022597060711,C
Product_1994,387.9166666666667,947.8779610317793,93100,240,2.443509244335414,141589.58333333334,2661.0,2715.416666666667,4318.0,7033.0,1.8133394242424236e-05,0.9960203931003137,C
Product_0463,50.557305812058665,82.42396431625313,93076,1841,1.6303076873331688,18453.41662140141,961.0,353.9011406844107,395.0,749.0,1.812871968322103e-05,0.9960385218199967,C
Product_1072,689.0444444444445,894.0619687583741,93021,135,1.2975388974788542,251501.22222222225,3546.0,4823.311111111111,4503.0,9326.0,1.811800715171369e-05,0.9960566398271484,C
Product_1649,1010.8695652173913,554.592518810602,93000,92,0.5486291583932837,368967.3913043478,4295.0,7076.086956521739,4109.0,11185.0,1.811391691241089e-05,0.9960747537440608,C
Product_1434,948.9795918367348,1229.97317026804,93000,98,1.296100760067397,346377.55102040817,4162.0,6642.857142857143,6197.0,12840.0,1.811391691241089e-05,0.9960928676609732,C
Product_0248,130.9985754985755,245.7183506454134,91961,702,1.875732997173587,47814.48005698006,1546.0,916.9900284900284,1153.0,2070.0,1.7911547453572233e-05,0.9961107792084268,C
Product_0957,319.09722222222223,389.6078850636309,91900,288,1.220969215433359,116470.48611111112,2413.0,2233.680555555556,1994.0,4228.0,1.7899666282264095e-05,0.9961286788747092,C
Product_0088,818.918918918919,855.5182919795154,90900,111,1.044692303737362,298905.40540540544,3866.0,5732.4324324324325,4596.0,10328.0,1.7704892982130645e-05,0.9961463837676912,C
Product_0284,177.5834970530452,356.0493189466765,90390,509,2.004968506957167,64817.97642436149,1800.0,1243.0844793713163,1656.0,2899.0,1.7605558599062583e-05,0.9961639893262904,C
Product_2144,134.98045112781955,410.0441989581048,89762,665,3.0378043304197733,49267.86466165414,1570.0,944.8631578947368,1839.0,2784.0,1.7483240966578778e-05,0.996181472567257,C
Product_1903,544.5121951219512,461.02753318368536,89300,164,0.8466799041671266,198746.95121951215,3152.0,3811.5853658536585,2690.0,6502.0,1.7393255701917123e-05,0.9961988658229588,C
Product_0158,185.0684647302905,392.25340450858255,89203,482,2.1195042876712304,67549.98962655602,1838.0,1295.4792531120331,1812.0,3107.0,1.737436269180418e-05,0.9962162401856508,C
Product_0409,81.72585096596136,122.33560511783487,88836,1087,1.496902187886516,29829.935602575893,1221.0,572.0809567617295,596.0,1168.0,1.7302880890655204e-05,0.9962335430665412,C
Product_1561,1500.0,1490.4220068895554,88500,59,0.9936146712597036,547500.0,5232.0,10500.0,8150.0,18650.0,1.7237437061810362e-05,0.9962507805036032,C
Product_0111,146.03642384105962,450.28491293517794,88206,604,3.0833740041816595,53303.29470198676,1633.0,1022.2549668874174,2018.0,3040.0,1.7180173711571127e-05,0.9962679606773148,C
Product_0230,251.011396011396,621.1835246513956,88105,351,2.474722401142272,91619.15954415954,2140.0,1757.079772079772,2827.0,4584.0,1.7160501608257648e-05,0.996285121178923,C
Product_0999,2512.8571428571427,2705.4504587727997,87950,35,1.0766431615355083,917192.857142857,6772.0,17590.0,14386.0,31976.0,1.7130311746736966e-05,0.9963022514906698,C
Product_2139,327.44194756554305,479.4973396014983,87427,267,1.4643735879488036,119516.31086142322,2445.0,2292.093632958801,2348.0,4640.0,1.702844531076717e-05,0.9963192799359806,C
Product_0426,990.3409090909092,1450.1656257873642,87150,88,1.4643095246045674,361474.4318181818,4251.0,6932.386363636364,7102.0,14034.0,1.6974493106630205e-05,0.9963362544290872,C
Product_1449,1611.111111111111,1265.159646375749,87000,54,0.7852715046470166,588055.5555555555,5422.0,11277.777777777776,7642.0,18920.0,1.6945277111610186e-05,0.9963531997061988,C
Product_2000,411.4285714285714,497.9026414150592,86400,210,1.2101800312171578,150171.42857142858,2740.0,2880.0,2555.0,5435.0,1.6828413131530117e-05,0.9963700281193304,C
Product_0949,3078.5714285714284,2005.429139048805,86200,28,0.6514154976028601,1123678.5714285714,7496.0,21550.0,13369.0,34919.0,1.6789458471503425e-05,0.996386817577802,C
Product_0010,316.6666666666667,317.95700067004816,85500,270,1.0040747389580469,115583.33333333334,2404.0,2216.666666666667,1732.0,3949.0,1.665311716141001e-05,0.9964034706949632,C
Product_1231,879.3814432989691,1687.7585076274177,85300,97,1.919256450643136,320974.2268041237,4006.0,6155.670103092783,7894.0,14050.0,1.6614162501383322e-05,0.9964200848574648,C
Product_1491,475.9776536312849,457.8080648229511,85200,179,0.9618268028557306,173731.84357541898,2947.0,3331.8435754189945,2534.0,5866.0,1.6594685171369976e-05,0.996436679542636,C
Product_1989,1349.2063492063492,743.980795770406,85000,63,0.5514210603945362,492460.3174603175,4962.0,9444.444444444443,5494.0,14938.0,1.6555730511343287e-05,0.9964532352731472,C
Product_2143,224.04851752021565,425.8877251065647,83122,371,1.9008727655077535,81777.7088948787,2022.0,1568.339622641509,1995.0,3563.0,1.6189946253692668e-05,0.9964694252194012,C
Product_1984,339.917695473251,768.8748846459318,82600,243,2.261944273231979,124069.95884773662,2491.0,2379.423868312757,3528.0,5907.0,1.6088274591023004e-05,0.996485513493992,C
Product_1201,342.0833333333333,365.36769084287545,82100,240,1.068066331331183,124860.41666666666,2499.0,2394.583333333333,1948.0,4343.0,1.599088794095628e-05,0.996501504381933,C
Product_1504,482.3529411764706,518.5725675655578,82000,170,1.0750894693432296,176058.82352941178,2967.0,3376.470588235294,2759.0,6135.0,1.5971410610942935e-05,0.996517475792544,C
Product_1052,279.05119453924914,1317.691531959412,81762,293,4.722042255132063,101853.68600682594,2257.0,1953.358361774744,5807.0,7760.0,1.5925054565511175e-05,0.9965334008471094,C
Product_0383,307.5471698113208,329.85824354525806,81500,265,1.0725452090735383,112254.71698113208,2369.0,2152.8301886792456,1756.0,3909.0,1.587402396087621e-05,0.9965492748710704,C
Product_0147,1687.5,992.6592267367143,81000,48,0.5882425047328678,615937.5,5549.0,11812.5,7034.0,18846.0,1.5776637310809486e-05,0.996565051508381,C
Product_1019,13343.333333333334,32557.00825731177,80060,6,2.4399456600533425,4870316.666666667,15605.0,93403.33333333334,148328.0,241731.0,1.559355040868404e-05,0.9965806450587896,C
Product_0359,2751.7241379310344,1867.8426611726568,79800,29,0.6787899395238979,1004379.3103448276,7087.0,19262.06896551724,12166.0,31428.0,1.5542909350649344e-05,0.9965961879681404,C
Product_0916,922.093023255814,1252.5175741672494,79300,86,1.3583418837122756,336563.9534883721,4102.0,6454.6511627906975,6238.0,12693.0,1.5445522700582618e-05,0.996611633490841,C
Product_0563,1525.0,1903.3381408544756,79300,52,1.248090584166869,556625.0,5276.0,10675.0,9684.0,20359.0,1.5445522700582618e-05,0.9966270790135416,C
Product_1724,127.3980582524272,191.4657701280972,78732,618,1.502893943239903,46500.29126213593,1525.0,891.7864077669904,933.0,1825.0,1.5334891466106818e-05,0.9966424139050076,C
Product_1283,519.8675496688742,472.7254125528785,78500,151,0.9093189464392948,189751.65562913907,3080.0,3639.072847682119,2675.0,6314.0,1.528970406047586e-05,0.9966577036090682,C
Product_0187,303.6171875,473.416545368792,77726,256,1.55925476178384,110820.2734375,2354.0,2125.3203125,2290.0,4415.0,1.5138949526172568e-05,0.9966728425585945,C
Product_0117,140.24593128390595,311.1740232435346,77556,553,2.21877398078388,51189.76491862568,1600.0,981.7215189873418,1431.0,2413.0,1.510583806514988e-05,0.9966879483966596,C
Product_1006,709.1743119266055,1147.4239492593892,77300,109,1.6179716748935762,258848.623853211,3598.0,4964.220183486238,5512.0,10476.0,1.5055976100315718e-05,0.99670300437276,C
Product_2148,510.6666666666667,603.6962953358561,76600,150,1.182172902093713,186393.3333333333,3053.0,3574.666666666667,3118.0,6693.0,1.4919634790222303e-05,0.99671792400755,C
Product_0914,631.404958677686,834.5301130827295,76400,121,1.321703451348302,230462.80991735536,3395.0,4419.834710743802,4184.0,8604.0,1.4880680130195611e-05,0.9967328046876804,C
Product_1531,314.5661157024793,492.8715059087072,76125,242,1.5668296148427867,114816.63223140496,2396.0,2201.962809917356,2381.0,4583.0,1.4827117472658912e-05,0.996747631805153,C
Product_1127,1727.2727272727273,1107.3462172330278,76000,44,0.6410951783980687,630454.5454545454,5615.0,12090.90909090909,7451.0,19542.0,1.4802770810142233e-05,0.9967624345759633,C
Product_1993,378.39195979899495,471.281754427477,75300,199,1.2454856458309156,138113.06532663316,2628.0,2648.743718592965,2399.0,5048.0,1.4666429500048818e-05,0.9967771010054632,C
Product_0154,556.4626865671642,584.1310062236262,74566,134,1.0497217878653262,203108.8805970149,3187.0,3895.238805970149,3133.0,7028.0,1.4523465897750864e-05,0.9967916244713608,C
Product_0027,260.13986013986016,321.2125841715356,74400,286,1.2347688047454188,94951.04895104896,2179.0,1820.9790209790208,1639.0,3460.0,1.4491133529928712e-05,0.9968061156048909,C
Product_0559,2387.0967741935483,5358.34190370391,74000,31,2.244710797497584,871290.3225806451,6600.0,16709.677419354837,24606.0,41316.0,1.4413224209875332e-05,0.9968205288291008,C
Product_0192,580.3622047244095,1011.2953320958774,73706,127,1.7425244508747784,211832.20472440947,3254.0,4062.5354330708665,4797.0,8860.0,1.4355960859636098e-05,0.9968348847899604,C
Product_1203,370.55837563451774,304.1317398716351,73000,197,0.8207390788316729,135253.80710659898,2601.0,2593.9086294416243,1799.0,4393.0,1.421845090974188e-05,0.9968491032408702,C
Product_0968,519.0647482014389,636.6065971582507,72150,139,1.2264493001385564,189458.6330935252,3078.0,3633.453237410072,3254.0,6887.0,1.4052893604628448e-05,0.9968631561344748,C
Product_0431,312.60869565217394,496.68523408504586,71900,230,1.5888401090342217,114102.17391304349,2389.0,2188.260869565217,2394.0,4582.0,1.4004200279595083e-05,0.9968771603347544,C
Product_2135,350.1317073170732,588.9385992992985,71777,205,1.682048746204999,127798.0731707317,2528.0,2450.9219512195123,2810.0,5261.0,1.3980243163678673e-05,0.9968911405779182,C
Product_1291,252.7288732394366,883.9204753799397,71775,284,3.49750491129088,92246.03873239436,2148.0,1769.1021126760563,3936.0,5705.0,1.3979853617078404e-05,0.9969051204315352,C
Product_0061,626.3157894736842,674.8389033037463,71400,114,1.077473879224469,228605.26315789472,3381.0,4384.210526315789,3587.0,7971.0,1.390681362952836e-05,0.9969190272451648,C
Product_1079,781.3406593406594,937.3239712640592,71102,91,1.1996354727719245,285189.34065934067,3776.0,5469.384615384615,4821.0,10290.0,1.3848771186088593e-05,0.9969328760163508,C
Product_0399,268.8212927756654,257.7377698711806,70700,263,0.958769921868748,98119.77186311789,2215.0,1881.749049429658,1428.0,3310.0,1.3770472319434944e-05,0.9969466464886704,C
Product_1032,327.90697674418607,304.27298168093097,70500,215,0.9279246959063852,119686.04651162792,2446.0,2295.3488372093025,1708.0,4003.0,1.3731517659408257e-05,0.9969603780063296,C
Product_1536,535.8778625954199,997.8491255071564,70200,131,1.8620831259464024,195595.41984732824,3127.0,3751.1450381679383,4687.0,8438.0,1.367308566936822e-05,0.996974051091999,C
Product_0923,768.1318681318681,1017.5001087501032,69900,91,1.3246424877862573,280368.13186813187,3744.0,5376.923076923077,5098.0,10475.0,1.3614653679328184e-05,0.9969876657456784,C
Product_1544,481.3793103448276,632.639280547128,69800,145,1.314222001136584,175703.44827586206,2964.0,3369.655172413793,3176.0,6546.0,1.359517634931484e-05,0.9970012609220276,C
Product_0410,63.62374429223744,115.72425534353512,69668,1095,1.8188847046157628,23222.666666666664,1078.0,445.36621004566206,545.0,990.0,1.3569466273697224e-05,0.9970148303883014,C
Product_0648,439.24050632911394,384.0507269835031,69400,158,0.8743517991843442,160322.78481012658,2831.0,3074.6835443037976,2209.0,5284.0,1.351726702926146e-05,0.9970283476553308,C
Product_0153,558.0403225806451,675.7465296578375,69197,124,1.210927781227103,203684.71774193548,3191.0,3906.282258064516,3467.0,7373.0,1.347772804933437e-05,0.99704182538338,C
Product_1795,294.0425531914894,284.4372129240783,69100,235,0.9673335027085151,107325.53191489364,2317.0,2058.297872340426,1571.0,3629.0,1.3458835039221423e-05,0.9970552842184192,C
Product_1444,1045.4545454545455,1461.6304718921388,69000,66,1.398081320940307,381590.9090909091,4368.0,7318.181818181818,7231.0,14549.0,1.343935770920808e-05,0.9970687235761284,C
Product_0196,241.3017543859649,473.4019153028473,68771,285,1.9618668604689693,88075.14035087719,2099.0,1689.1122807017543,2208.0,3897.0,1.339475462347752e-05,0.997082118330752,C
Product_1790,1511.111111111111,1014.0428138312644,68000,45,0.6710577444471603,551555.5555555555,5251.0,10577.777777777776,6647.0,17225.0,1.324458440907463e-05,0.9970953629151612,C
Product_1565,354.1666666666667,362.55829404305,68000,192,1.0236940067097882,129270.83333333334,2542.0,2479.166666666667,1961.0,4440.0,1.324458440907463e-05,0.9971086074995702,C
Product_0921,806.0240963855422,2024.9269422286584,66900,83,2.512241198878604,294198.7951807229,3835.0,5642.168674698795,9203.0,14845.0,1.3030333778927834e-05,0.9971216378333492,C
Product_1310,277.1784232365145,425.8544417198245,66800,241,1.5363910247676305,101170.1244813278,2249.0,1940.2489626556016,2065.0,4005.0,1.3010856448914488e-05,0.997134648689798,C
Product_0476,390.6432748538012,656.3044005004621,66800,171,1.6800606659517816,142584.79532163744,2670.0,2734.502923976608,3132.0,5867.0,1.3010856448914488e-05,0.997147659546247,C
Product_1579,1023.0769230769232,137.8056044411279,66500,65,0.1346972073484708,373423.07692307694,4321.0,7161.538461538462,3419.0,10581.0,1.2952424458874452e-05,0.9971606119707058,C
Product_1029,728.5714285714286,1239.2906317088298,66300,91,1.700987141561139,265928.5714285714,3646.0,5100.0,5902.0,11002.0,1.2913469798847765e-05,0.9971735254405046,C
Product_0043,313.74407582938386,400.8927072950519,66200,211,1.2777698072395158,114516.58767772513,2393.0,2196.208530805687,2027.0,4223.0,1.289399246883442e-05,0.9971864194329736,C
Product_0190,174.81382978723406,254.26766457461116,65730,376,1.454505429485072,63807.04787234043,1786.0,1223.6968085106384,1247.0,2471.0,1.2802449017771697e-05,0.9971992218819912,C
Product_1599,418.06451612903226,385.0233536081001,64800,155,0.9209663550811036,152593.5483870968,2762.0,2926.451612903226,2168.0,5094.0,1.2621309848647589e-05,0.99721184319184,C
Product_0512,136.56962025316454,244.63443928614168,64734,474,1.7912800726300115,49847.91139240506,1579.0,955.9873417721518,1156.0,2112.0,1.260845481083878e-05,0.9972244516466507,C
Product_1604,955.223880597015,497.9605625401662,64000,67,0.5213024639092365,348656.7164179105,4175.0,6686.567164179105,3817.0,10504.0,1.2465491208540828e-05,0.9972369171378594,C
Product_0120,209.63696369636963,391.1930303233072,63520,303,1.866049877014516,76517.49174917492,1956.0,1467.4587458745875,1837.0,3304.0,1.2372000024476772e-05,0.997249289137884,C
Product_0658,139.85651214128035,359.58683171478225,63355,453,2.571112536765786,51047.62693156733,1598.0,978.9955849889624,1631.0,2610.0,1.2339862429954752e-05,0.997261629000314,C
Product_0181,234.79400749063672,393.98700252602697,62690,267,1.6780113203772402,85699.8127340824,2070.0,1643.558052434457,1881.0,3525.0,1.2210338185366008e-05,0.9972738393384992,C
Product_1026,489.0625,646.3689464699166,62600,128,1.3216489640279443,178507.8125,2988.0,3423.4375,3241.0,6664.0,1.2192808588353996e-05,0.9972860321470876,C
Product_1012,383.3333333333333,865.7205378697221,62100,162,2.258401403138405,139916.66666666666,2645.0,2683.333333333333,3973.0,6656.0,1.2095421938287271e-05,0.9972981275690258,C
Product_1066,484.328125,656.9373957082373,61994,128,1.356389112666619,176779.765625,2973.0,3390.296875,3273.0,6663.0,1.2074775968473126e-05,0.9973102023449942,C
Product_1011,268.9956331877729,291.3208651505679,61600,229,1.082994774666884,98183.40611353712,2216.0,1882.9694323144104,1546.0,3429.0,1.1998035288220546e-05,0.9973222003802824,C
Product_2013,265.51724137931035,219.44575926613288,61600,232,0.8264840284049161,96913.79310344828,2201.0,1858.6206896551728,1294.0,3153.0,1.1998035288220546e-05,0.9973341984155706,C
Product_1014,379.0123456790124,434.8815929039046,61400,162,1.1474074601047646,138339.50617283952,2630.0,2653.0864197530864,2266.0,4919.0,1.1959080628193856e-05,0.9973461574961988,C
Product_1406,1487.8048780487804,1075.219773337344,61000,41,0.7226887001119853,543048.7804878049,5211.0,10414.634146341465,6771.0,17186.0,1.1881171308140476e-05,0.9973580386675068,C
Product_0833,422.22222222222223,412.3011399356421,60800,144,0.9765026998475734,154111.11111111112,2776.0,2955.555555555556,2269.0,5225.0,1.1842216648113784e-05,0.997369880884155,C
Product_1039,393.5064935064935,692.2234068966452,60600,154,1.759115588483224,143629.87012987013,2680.0,2754.5454545454545,3279.0,6034.0,1.1803261988087095e-05,0.9973816841461433,C
Product_1730,719.047619047619,1212.5325672412962,60400,84,1.6863035703355775,262452.38095238095,3623.0,5033.333333333333,5783.0,10816.0,1.1764307328060403e-05,0.9973934484534712,C
Product_1534,480.0,580.1835082332195,60000,125,1.208715642152541,175200.0,2960.0,3360.0,2978.0,6338.0,1.1686398008007026e-05,0.9974051348514792,C
Product_0067,1034.4827586206898,184.05922400991935,60000,58,0.177923916542922,377586.20689655177,4345.0,7241.379310344828,3496.0,10737.0,1.1686398008007026e-05,0.9974168212494872,C
Product_0304,106.02300884955751,196.0036035133577,59903,565,1.8486893141419811,38698.398230088496,1391.0,742.1610619469027,922.0,1664.0,1.166750499789408e-05,0.9974284887544852,C
Product_0993,221.11111111111111,552.2164419508376,59700,270,2.4974612952550443,80705.55555555556,2009.0,1547.7777777777778,2511.0,4059.0,1.162796601796699e-05,0.997440116720503,C
Product_0453,45.37881097560975,85.89456902362174,59537,1312,1.892834280514499,16563.26600609756,910.0,317.65167682926824,403.0,721.0,1.1596217970045236e-05,0.9974517129384732,C
Product_1064,773.1558441558442,927.7234879692708,59533,77,1.1999178367230587,282201.8831168831,3756.0,5412.090909090909,4772.0,10184.0,1.1595438876844704e-05,0.99746330837735,C
Product_1537,677.0114942528736,481.2051608649789,58900,87,0.71077842097204,247109.19540229888,3515.0,4739.080459770115,3057.0,7796.0,1.147214737786023e-05,0.9974747805247278,C
Product_0994,322.5274725274725,752.5192949661415,58700,182,2.3331944068796893,117722.52747252746,2426.0,2257.692307692308,3442.0,5700.0,1.143319271783354e-05,0.9974862137174456,C
Product_0924,428.6764705882353,420.3892531725883,58300,136,0.9806678976238768,156466.91176470587,2797.0,3000.7352941176478,2310.0,5311.0,1.135528339778016e-05,0.9974975690008434,C
Product_0469,370.0636942675159,468.9684490170361,58100,157,1.2672641393403556,135073.24840764332,2599.0,2590.4458598726114,2376.0,4966.0,1.131632873775347e-05,0.9975088853295812,C
Product_1591,1288.888888888889,694.8584624427357,58000,45,0.5391143243090191,470444.4444444445,4850.0,9022.222222222224,5208.0,14230.0,1.1296851407740124e-05,0.9975201821809888,C
Product_1065,486.6386554621849,664.3520703725897,57910,119,1.3651855702700426,177623.1092436975,2980.0,3406.470588235294,3305.0,6711.0,1.1279321810728114e-05,0.9975314615027996,C
Product_1364,680.0,997.8309810116476,57800,85,1.4673985014877169,248200.0,3523.0,4760.0,4885.0,9645.0,1.1257896747713437e-05,0.9975427193995474,C
Product_0185,205.6906474820144,351.47686037336587,57182,278,1.7087644220872953,75077.08633093526,1937.0,1439.8345323741007,1673.0,3113.0,1.1137526848230964e-05,0.9975538569263956,C
Product_0252,314.75690607734805,1073.428482593837,56971,181,3.410341320136289,114886.27071823204,2397.0,2203.2983425414363,4785.0,6988.0,1.1096429681902804e-05,0.9975649533560776,C
Product_1640,338.6904761904762,246.63619483637171,56900,168,0.7282052852813787,123622.02380952382,2486.0,2370.833333333333,1547.0,3918.0,1.108260077759333e-05,0.9975760359568552,C
Product_0620,28.42292292292292,49.1334301265347,56789,1998,1.72865508096315,10374.366866866869,720.0,198.96046046046047,233.0,432.0,1.1060980941278515e-05,0.9975870969377963,C
Product_1045,144.75703324808185,100.8521629143825,56600,391,0.6966995706629604,52836.31713554988,1625.0,1013.299232736573,648.0,1661.0,1.1024168787553294e-05,0.997598121106584,C
Product_1791,1272.7272727272727,727.0084086278816,56000,44,0.5712208924933355,464545.4545454545,4819.0,8909.09090909091,5248.0,14157.0,1.0907304807473225e-05,0.9976090284113914,C
Product_1426,376.35135135135135,375.8639004091966,55700,148,0.9987047982147416,137368.24324324325,2621.0,2634.45945945946,2051.0,4685.0,1.0848872817433188e-05,0.9976198772842088,C
Product_1293,192.73356401384083,353.80368891965566,55700,289,1.8357139335328632,70347.7508650519,1875.0,1349.134948096886,1665.0,3014.0,1.0848872817433188e-05,0.9976307261570264,C
Product_1538,257.2093023255814,459.35919192150936,55300,215,1.7859353754633729,93881.3953488372,2167.0,1800.46511627907,2171.0,3971.0,1.0770963497379808e-05,0.9976414971205236,C
Product_1212,314.20454545454544,267.4160870934351,55300,176,0.851089174112922,114684.65909090907,2395.0,2199.431818181818,1557.0,3756.0,1.0770963497379808e-05,0.997652268084021,C
Product_1068,388.1267605633803,518.693077494288,55114,142,1.3364012229957705,141666.2676056338,2661.0,2716.887323943662,2593.0,5310.0,1.0734735663554987e-05,0.9976630028196846,C
Product_0635,950.0,1761.3043412358184,55100,58,1.854004569721914,346750.0,4164.0,6650.0,8278.0,14928.0,1.073200883735312e-05,0.997673734828522,C
Product_0879,567.5257731958762,624.2762992188019,55050,97,1.099996385544483,207146.9072164948,3218.0,3972.6804123711336,3296.0,7269.0,1.0722270172346446e-05,0.9976844570986942,C
Product_1888,816.4179104477612,1796.9331630312877,54700,67,2.200996744480736,297992.53731343284,3860.0,5714.925373134329,8268.0,13983.0,1.065409951729974e-05,0.9976951111982116,C
Product_0583,191.5774647887324,193.3667974592012,54408,284,1.0093399955597182,69925.77464788732,1870.0,1341.042253521127,1051.0,2392.0,1.0597225713660772e-05,0.9977057084239253,C
Product_0223,201.0297397769517,770.3550009381743,54077,269,3.832044959083693,73375.85501858736,1915.0,1407.208178438662,3417.0,4824.0,1.0532755751316598e-05,0.9977162411796764,C
Product_1252,465.2173913043478,590.4270649226161,53500,115,1.2691422890859971,169804.34782608697,2914.0,3256.5217391304345,2991.0,6248.0,1.0420371557139596e-05,0.9977266615512336,C
Product_1605,1163.0434782608695,1120.7851802597388,53500,46,0.9636657624663176,424510.86956521735,4607.0,8141.304347826086,6199.0,14340.0,1.0420371557139596e-05,0.9977370819227908,C
Product_1255,421.4285714285714,777.5455889252687,53100,126,1.845023431348095,153821.42857142858,2773.0,2950.0,3657.0,6607.0,1.0342462237086218e-05,0.997747424385028,C
Product_2003,334.8101265822785,526.0024963237697,52900,158,1.5710471534812025,122205.69620253165,2472.0,2343.670886075949,2540.0,4884.0,1.0303507577059528e-05,0.997757727892605,C
Product_1506,599.4318181818181,383.832332751713,52750,88,0.640326924780109,218792.6136363636,3308.0,4196.022727272727,2584.0,6780.0,1.027429158203951e-05,0.997768002184187,C
Product_0423,863.9344262295082,1906.745288607898,52700,61,2.2070486262823867,315336.0655737705,3971.0,6047.540983606557,8771.0,14819.0,1.0264552917032838e-05,0.997778266737104,C
Product_0920,550.0,727.8283056828661,52250,95,1.3233241921506658,200750.0,3168.0,3850.0,3648.0,7498.0,1.0176904931972784e-05,0.997788443642036,C
Product_1189,501.9230769230769,356.07917992337985,52200,104,0.7094297837553928,183201.92307692303,3027.0,3513.461538461538,2264.0,5777.0,1.0167166266966111e-05,0.9977986108083032,C
Product_1830,1333.3333333333333,1438.8104248289596,52000,39,1.0791078186217198,486666.6666666666,4933.0,9333.333333333332,7645.0,16978.0,1.0128211606939425e-05,0.99780873901991,C
Product_0184,220.3659574468085,401.2616669106064,51786,235,1.8208877249448208,80433.5744680851,2005.0,1542.5617021276596,1891.0,3434.0,1.0086530120710865e-05,0.9978188255500308,C
Product_0333,54.51113467656416,110.6203105839037,51404,943,2.0293158680379197,19896.564156945915,997.0,381.5779427359491,514.0,896.0,1.0012126720059886e-05,0.9978288376767508,C
Product_1672,37.35589519650655,96.13333999423844,51327,1374,2.573444953963482,13634.901746724892,826.0,261.4912663755459,436.0,697.0,9.99712917594961e-06,0.9978388348059268,C
Product_0835,711.1111111111111,1321.4967565685824,51200,72,1.8583548139245687,259555.55555555556,3602.0,4977.777777777777,6209.0,11187.0,9.972392966832662e-06,0.9978488071988936,C
Product_0273,104.36475409836063,144.66418717451612,50930,488,1.3861402580240303,38093.135245901634,1380.0,730.5532786885245,717.0,1448.0,9.91980417579663e-06,0.9978587270030692,C
Product_1887,240.95238095238096,415.3041747083563,50600,210,1.723594400963534,87947.61904761905,2097.0,1686.6666666666667,1974.0,3661.0,9.855528986752593e-06,0.997868582532056,C
Product_0207,615.8536585365854,813.386384456089,50500,82,1.3207462084237485,224786.58536585368,3353.0,4310.975609756098,4079.0,8390.0,9.836051656739249e-06,0.9978784185837128,C
Product_0344,116.70833333333331,195.2139717837388,50418,432,1.6726652348481723,42598.54166666666,1459.0,816.9583333333333,932.0,1749.0,9.820080246128304e-06,0.9978882386639588,C
Product_0028,211.5546218487395,268.969943185476,50350,238,1.271397149516252,77217.43697478992,1965.0,1480.8823529411764,1362.0,2843.0,9.80683566171923e-06,0.9978980454996208,C
Product_2072,225.92342342342343,382.7452734335702,50155,222,1.694137188759896,82462.04954954956,2031.0,1581.463963963964,1824.0,3405.0,9.768854868193206e-06,0.9979078143544888,C
Product_1140,188.1628787878788,293.0265822964965,49675,264,1.5573028228741836,68679.45075757576,1853.0,1317.1401515151515,1418.0,2735.0,9.67536368412915e-06,0.997917489718173,C
Product_2168,64.0704960835509,118.39593590231443,49078,766,1.8479010330733296,23385.73107049608,1081.0,448.4934725848564,557.0,1005.0,9.55908402394948e-06,0.997927048802197,C
Product_1990,1633.3333333333333,1542.128697463422,49000,30,0.9441604270184216,596166.6666666666,5460.0,11433.333333333332,8597.0,20030.0,9.54389170653907e-06,0.9979365926939034,C
Product_1071,471.88235294117646,882.4291887459553,48132,102,1.870019472535682,172237.0588235294,2935.0,3303.176470588235,4142.0,7445.0,9.374828482023235e-06,0.9979459675223856,C
Product_0046,404.20168067226894,540.3067173473885,48100,119,1.336725558510171,147533.61344537817,2716.0,2829.4117647058824,2701.0,5530.0,9.368595736418966e-06,0.997955336118122,C
Product_0397,205.17241379310343,167.40692449808026,47600,232,0.8159329093183744,74887.93103448277,1935.0,1436.2068965517242,993.0,2429.0,9.27120908635224e-06,0.9979646073272084,C
Product_0978,398.73949579831935,509.0895073341326,47450,119,1.2767471311435568,145539.91596638656,2698.0,2791.176470588236,2575.0,5366.0,9.241993091332223e-06,0.9979738493202996,C
Product_2076,186.78968253968253,317.4759385002147,47071,252,1.6996438678178518,68178.23412698413,1846.0,1307.5277777777778,1512.0,2820.0,9.168174010581646e-06,0.9979830174943102,C
Product_0130,66.6699716713881,100.00028442086808,47069,706,1.4999299071816454,24334.539660056656,1103.0,466.6898016997167,487.0,954.0,9.16778446398138e-06,0.9979921852787742,C
Product_0009,278.1065088757396,291.8434234764079,47000,169,1.0493944376066584,101508.87573964497,2253.0,1946.7455621301772,1565.0,3512.0,9.15434510627217e-06,0.9980013396238804,C
Product_0971,302.7597402597403,294.58014999960244,46625,154,0.9729832300254964,110507.3051948052,2351.0,2119.318181818182,1623.0,3742.0,9.081305118722126e-06,0.9980104209289992,C
Product_1669,39.77133105802048,56.70575705890775,46612,1172,1.4257948011893908,14516.535836177474,852.0,278.3993174061434,279.0,557.0,9.07877306582039e-06,0.9980194997020648,C
Product_0599,352.97727272727275,621.3456151976366,46593,132,1.760299212458696,128836.70454545456,2538.0,2470.840909090909,2943.0,5414.0,9.075072373117856e-06,0.998028574774438,C
Product_0229,259.8491620111732,619.3580081734792,46513,179,2.3835289803507145,94844.9441340782,2178.0,1818.9441340782123,2828.0,4647.0,9.05949050910718e-06,0.9980376342649472,C
Product_0297,137.44277108433735,435.54284603593646,45631,332,3.168903264971859,50166.611445783135,1584.0,962.0993975903616,1949.0,2911.0,8.887700458389477e-06,0.9980465219654056,C
Product_0889,729.1935483870968,751.7527025952974,45210,62,1.0309371280891049,266155.6451612904,3648.0,5104.354838709678,4057.0,9161.0,8.805700899033294e-06,0.9980553276663046,C
Product_0593,242.80645161290323,394.86183031439344,45162,186,1.6262410973490364,88624.35483870968,2105.0,1699.645161290323,1895.0,3595.0,8.796351780626888e-06,0.9980641240180852,C
Product_1569,265.29411764705884,205.04344025408048,45100,170,0.7728910164787955,96832.35294117648,2200.0,1857.058823529412,1248.0,3105.0,8.784275836018613e-06,0.9980729082939211,C
Product_2016,1607.142857142857,1594.8826896203975,45000,28,0.9923714513193584,586607.1428571428,5416.0,11250.0,8725.0,19975.0,8.76479850600527e-06,0.9980816730924272,C
Product_0353,34.71207430340557,72.46123936034083,44848,1292,2.0874937846405714,12669.907120743032,796.0,242.984520123839,335.0,578.0,8.735192964384985e-06,0.9980904082853916,C
Product_0286,115.82901554404144,200.49409561553347,44710,386,1.7309488013329437,42277.590673575134,1454.0,810.8031088082902,952.0,1763.0,8.708314248966569e-06,0.9980991165996406,C
Product_0689,279.55974842767296,366.4926923683881,44450,159,1.3109637364808484,102039.30817610065,2259.0,1956.9182389937107,1841.0,3798.0,8.657673190931871e-06,0.9981077742728316,C
Product_0555,1128.2051282051282,1458.7212709386254,44000,39,1.2929574901501453,411794.8717948718,4538.0,7897.4358974358975,7354.0,15251.0,8.570025205871818e-06,0.9981163442980372,C
Product_0649,573.6842105263158,533.0086731133323,43600,76,0.9290976870782856,209394.73684210528,3236.0,4015.789473684211,2990.0,7006.0,8.492115885818439e-06,0.9981248364139232,C
Product_1747,968.8888888888888,2649.5130103321235,43600,45,2.734589116168476,353644.44444444444,4205.0,6782.222222222223,11963.0,18745.0,8.492115885818439e-06,0.998133328529809,C
Product_0767,75.38994800693241,142.07531295605088,43500,577,1.8845392086354331,27517.33102253033,1173.0,527.7296360485269,666.0,1194.0,8.472638555805093e-06,0.9981418011683648,C
Product_0603,216.08040201005025,139.7787341227874,43000,199,0.6468829788473184,78869.34673366834,1986.0,1512.5628140703518,936.0,2449.0,8.375251905738368e-06,0.9981501764202706,C
Product_0378,320.14925373134326,293.2267594252746,42900,134,0.9159064280416503,116854.4776119403,2417.0,2241.0447761194027,1655.0,3896.0,8.355774575725024e-06,0.9981585321948464,C
Product_1043,137.17948717948718,97.37252279382804,42800,312,0.709818390459681,50070.51282051282,1582.0,960.2564102564104,619.0,1579.0,8.336297245711678e-06,0.998166868492092,C
Product_1576,1528.571428571429,1964.849846841972,42800,28,1.2854157876536263,557928.5714285715,5282.0,10700.0,9920.0,20620.0,8.336297245711678e-06,0.9981752047893376,C
Product_1562,288.8513513513513,284.4508341928203,42750,148,0.9847654610652024,105430.74324324324,2296.0,2021.95945945946,1561.0,3583.0,8.326558580705005e-06,0.9981835313479184,C
Product_0045,823.5294117647059,871.6853182873087,42000,51,1.058475029348875,300588.23529411765,3877.0,5764.7058823529405,4662.0,10427.0,8.180478605604917e-06,0.998191711826524,C
Product_0056,455.4347826086956,688.5825751011413,41900,92,1.5119235539213605,166233.6956521739,2883.0,3188.043478260869,3350.0,6538.0,8.161001275591573e-06,0.9981998728277997,C
Product_1705,72.97909407665506,318.9028304499442,41890,574,4.369783353503651,26637.369337979097,1154.0,510.8536585365854,1408.0,1919.0,8.159053542590239e-06,0.9982080318813422,C
Product_2154,250.11976047904196,366.1801979603151,41770,167,1.4640194651513674,91293.7125748503,2137.0,1750.8383233532936,1793.0,3544.0,8.135680746574224e-06,0.9982161675620888,C
Product_1040,310.44776119402985,251.0934453609268,41600,134,0.80881061726837,113313.4328358209,2380.0,2173.134328358209,1496.0,3669.0,8.102569285551538e-06,0.9982242701313744,C
Product_0939,374.7747747747748,601.5840405989491,41600,111,1.6051881852520036,136792.79279279278,2615.0,2623.423423423423,2894.0,5517.0,8.102569285551538e-06,0.9982323727006598,C
Product_1827,768.5185185185185,482.84693229630494,41500,54,0.6282827552771197,280509.25925925927,3745.0,5379.62962962963,3287.0,8667.0,8.083091955538192e-06,0.9982404557926152,C
Product_0358,1171.428571428571,382.385260431097,41000,35,0.3264264418314243,427571.4285714285,4624.0,8200.0,4198.0,12398.0,7.985705305471468e-06,0.9982484414979208,C
Product_0380,322.5806451612903,475.5550816886575,40000,124,1.4742207532348384,117741.93548387096,2426.0,2258.064516129032,2326.0,4584.0,7.790932005338016e-06,0.998256232429926,C
Product_2153,232.80701754385964,406.9372883582269,39810,171,1.7479597163842453,84974.56140350876,2061.0,1629.6491228070174,1929.0,3559.0,7.753925078312662e-06,0.9982639863550044,C
Product_0511,503.1645569620253,998.0473555177082,39750,79,1.98354065624903,183655.06329113923,3030.0,3522.151898734177,4648.0,8170.0,7.742238680304655e-06,0.9982717285936848,C
Product_0220,177.80269058295963,354.51922347391536,39650,223,1.9938912190336224,64897.98206278026,1801.0,1244.6188340807173,1650.0,2895.0,7.722761350291309e-06,0.998279451355035,C
Product_1260,326.44628099173553,418.4830930558052,39500,121,1.2819355508798085,119152.89256198348,2441.0,2285.123966942149,2114.0,4399.0,7.693545355271292e-06,0.9982871449003904,C
Product_2141,192.6206896551724,273.8002794650976,39102,203,1.4214479241832851,70306.55172413793,1875.0,1348.344827586207,1350.0,2698.0,7.616025581818179e-06,0.998294760925972,C
Product_1891,45.860328638497656,120.01525744714044,39073,852,2.616973340797063,16739.019953051644,915.0,321.0223004694836,544.0,865.0,7.610377156114307e-06,0.9983023713031284,C
Product_0897,998.7179487179488,1306.1336666649709,38950,39,1.3078103465965047,364532.0512820513,4269.0,6991.025641025641,6565.0,13556.0,7.586420040197894e-06,0.9983099577231684,C
Product_0650,268.5,344.468091024794,38664,144,1.2829351621035157,98002.5,2214.0,1879.5,1740.0,3620.0,7.530714876359727e-06,0.9983174884380448,C
Product_2022,940.2439024390244,1166.5370500007234,38550,41,1.2406749429320274,343189.0243902439,4142.0,6581.707317073171,5945.0,12527.0,7.508510720144514e-06,0.998324996948765,C
Product_0231,195.5736040609137,363.15598059026246,38528,197,1.856876250422594,71384.36548223351,1889.0,1369.015228426396,1706.0,3075.0,7.504225707541578e-06,0.9983325011744724,C
Product_0495,24.72879177377892,41.01913560295005,38478,1556,1.658760200587096,9026.008997429306,672.0,173.10154241645245,196.0,369.0,7.494487042534906e-06,0.998339995661515,C
Product_2123,129.39864864864865,255.8361430016569,38302,296,1.9771160338491576,47230.50675675675,1537.0,905.7905405405404,1192.0,2098.0,7.460206941711418e-06,0.9983474558684567,C
Product_0212,420.8791208791209,457.4121612133693,38300,91,1.086801740741948,153620.8791208791,2771.0,2946.153846153846,2425.0,5371.0,7.459817395111152e-06,0.998354915685852,C
Product_1261,406.4516129032258,831.9446119226645,37800,93,2.046847854730365,148354.83870967742,2724.0,2845.1612903225805,3860.0,6705.0,7.362430745044426e-06,0.998362278116597,C
Product_1251,393.75,456.0268920971543,37800,96,1.158163535484836,143718.75,2681.0,2756.25,2370.0,5126.0,7.362430745044426e-06,0.998369640547342,C
Product_0276,112.38095238095238,231.03592301990057,37760,336,2.055828128566912,41019.04761904762,1432.0,786.6666666666666,1071.0,1858.0,7.354639813039088e-06,0.9983769951871552,C
Product_1070,490.3766233766234,604.4716927541602,37759,77,1.232668247095271,178987.46753246753,2992.0,3432.636363636364,3086.0,6519.0,7.354445039738955e-06,0.9983843496321948,C
Product_0646,301.536,357.09302447546105,37692,125,1.1842467382848518,110060.64,2346.0,2110.752,1844.0,3955.0,7.341395228630013e-06,0.9983916910274234,C
Product_0684,316.1344537815126,364.56407505379104,37620,119,1.1531931135407,115389.0756302521,2402.0,2212.9411764705883,1897.0,4110.0,7.327371551020405e-06,0.9983990183989744,C
Product_0907,130.17543859649123,145.65891118876945,37100,285,1.1189431182964769,47514.0350877193,1541.0,911.2280701754388,765.0,1676.0,7.226089434951011e-06,0.9984062444884094,C
Product_0891,362.4509803921569,457.88025646063295,36970,102,1.2632887789825415,132294.60784313726,2572.0,2537.156862745098,2322.0,4859.0,7.200768905933662e-06,0.9984134452573152,C
Product_0619,89.95098039215686,121.88425471301872,36700,408,1.3550075183354668,32832.10784313726,1281.0,629.656862745098,607.0,1237.0,7.148180114897631e-06,0.9984205934374304,C
Product_0886,590.3225806451613,752.9634736137668,36600,62,1.2755118951927196,215467.74193548388,3282.0,4132.25806451613,3809.0,7941.0,7.128702784884285e-06,0.9984277221402152,C
Product_0908,167.97235023041475,348.0428602417871,36450,217,2.0720247098070725,61309.90783410138,1751.0,1175.8064516129032,1612.0,2788.0,7.099486789864268e-06,0.998434821627005,C
Product_0636,191.8181818181818,370.7082861645868,35870,187,1.9326024397205943,70013.63636363637,1871.0,1342.7272727272727,1732.0,3075.0,6.986518275786867e-06,0.9984418081452808,C
Product_2053,82.62903225806451,142.68697691628813,35861,434,1.7268382917840843,30159.596774193546,1228.0,578.4032258064516,678.0,1256.0,6.984765316085666e-06,0.998448792910597,C
Product_0030,200.8426966292135,320.6400167065725,35750,178,1.5964733698956617,73307.58426966293,1915.0,1405.8988764044943,1544.0,2950.0,6.963145479770853e-06,0.9984557560560768,C
Product_0404,198.14444444444445,280.86884595515613,35666,180,1.4174954374454132,72322.72222222222,1902.0,1387.0111111111112,1385.0,2772.0,6.946784522559643e-06,0.9984627028405992,C
Product_0892,564.4444444444445,599.0766491370019,35560,63,1.0613562681561055,206022.22222222225,3210.0,3951.1111111111113,3201.0,7152.0,6.926138552745497e-06,0.998469628979152,C
Product_1625,959.4594594594596,671.4244639650918,35500,37,0.6997945117382647,350202.7027027027,4185.0,6716.216216216217,4301.0,11017.0,6.91445215473749e-06,0.9984765434313068,C
Product_0112,393.91011235955057,846.214721843552,35058,89,2.148243203949915,143777.19101123596,2681.0,2757.370786516854,3904.0,6661.0,6.828362356078505e-06,0.9984833717936628,C
Product_1979,264.8854961832061,453.0110652617214,34700,131,1.7102146844174495,96683.20610687025,2199.0,1854.1984732824424,2155.0,4009.0,6.75863351463073e-06,0.9984901304271776,C
Product_0613,19.886455331412105,23.9525028815534,34503,1735,1.2044631626089075,7258.556195965418,602.0,139.20518731988474,123.0,262.0,6.72026317450444e-06,0.998496850690352,C
Product_0888,583.8983050847457,774.9549863438178,34450,59,1.327208830022794,213122.8813559322,3264.0,4087.288135593221,3881.0,7968.0,6.709940189597367e-06,0.9985035606305416,C
Product_2012,278.8617886178862,389.2514953634428,34300,123,1.3958581320613253,101784.55284552848,2256.0,1952.0325203252032,1926.0,3878.0,6.680724194577349e-06,0.9985102413547362,C
Product_1186,169.30693069306932,317.12877753960817,34200,202,1.8730997971637675,61797.0297029703,1758.0,1185.1485148514853,1488.0,2673.0,6.661246864564005e-06,0.9985169026016008,C
Product_2109,169.55721393034827,389.5622773834744,34081,201,2.2975270019682035,61888.38308457712,1759.0,1186.9004975124378,1785.0,2972.0,6.638068841848124e-06,0.9985235406704426,C
Product_0517,79.37062937062937,138.94726080381483,34050,429,1.7506130656339665,28970.279720279723,1204.0,555.5944055944057,659.0,1215.0,6.632030869543987e-06,0.9985301727013122,C
Product_1109,1000.0,861.6404368553291,34000,34,0.8616404368553291,365000.0,4272.0,7000.0,4988.0,11988.0,6.622292204537315e-06,0.9985367949935168,C
Product_0607,84.92462311557789,105.59949692047591,33800,398,1.243449697465959,30997.48743718593,1245.0,594.4723618090452,538.0,1132.0,6.5833375445106245e-06,0.9985433783310612,C
Product_0605,252.2388059701493,291.40995537523537,33800,134,1.1552939059254894,92067.16417910448,2146.0,1765.6716417910447,1516.0,3282.0,6.5833375445106245e-06,0.9985499616686058,C
Product_0723,60.869565217391305,63.50732853798878,33600,552,1.0433346831241015,22217.391304347828,1054.0,426.0869565217391,341.0,767.0,6.544382884483934e-06,0.9985565060514904,C
Product_0227,240.8992805755396,552.3485600697019,33485,139,2.292860978040572,87928.23741007195,2097.0,1686.294964028777,2531.0,4217.0,6.521983954968588e-06,0.9985630280354452,C
Product_0516,46.4881450488145,88.76246587432472,33332,717,1.9093570152373345,16968.172942817295,921.0,325.4170153417016,415.0,740.0,6.492183640048169e-06,0.9985695202190852,C
Product_1411,239.568345323741,184.3982398906737,33300,139,0.7697103707148241,87442.44604316546,2091.0,1676.978417266187,1125.0,2802.0,6.485950894443899e-06,0.9985760061699798,C
Product_0836,495.5223880597015,694.2257155912262,33200,67,1.4009976790545828,180865.67164179104,3007.0,3468.6567164179105,3433.0,6902.0,6.4664735644305545e-06,0.9985824726435442,C
Product_1606,1500.0,597.6143046671968,33000,22,0.3984095364447979,547500.0,5232.0,10500.0,5578.0,16078.0,6.427518904403864e-06,0.9985889001624486,C
Product_0739,60.867537313432834,54.017504866984375,32625,536,0.8874600033319119,22216.651119402984,1054.0,426.07276119402985,309.0,735.0,6.35447891685382e-06,0.9985952546413654,C
Product_1996,275.4237288135593,286.4269840812991,32500,118,1.0399502806644092,100529.66101694916,2242.0,1927.966101694915,1541.0,3469.0,6.330132254337139e-06,0.9986015847736198,C
Product_0487,118.96323529411764,305.53661965407986,32358,272,2.568328096480305,43421.580882352944,1473.0,832.7426470588235,1386.0,2219.0,6.302474445718189e-06,0.9986078872480656,C
Product_0400,203.14465408805032,206.66777095220792,32300,159,1.017342897256999,74147.79874213836,1925.0,1422.012578616352,1120.0,2542.0,6.291177594310448e-06,0.9986141784256598,C
Product_1428,297.196261682243,345.444188738301,31800,107,1.1623436539307612,108476.6355140187,2329.0,2080.373831775701,1793.0,3873.0,6.193790944243724e-06,0.998620372216604,C
Product_1197,330.2083333333333,322.8556110926913,31700,96,0.9777330809116204,120526.04166666666,2455.0,2311.458333333333,1776.0,4087.0,6.1743136142303785e-06,0.9986265465302184,C
Product_1206,273.9130434782609,328.2294224711485,31500,115,1.198297891561336,99978.26086956522,2236.0,1917.391304347826,1689.0,3606.0,6.135358954203688e-06,0.9986326818891724,C
Product_0428,668.0851063829788,1046.5484435865155,31400,47,1.5664897085530645,243851.06382978725,3492.0,4676.595744680852,5057.0,9734.0,6.115881624190343e-06,0.9986387977707968,C
Product_0139,43.500693481276,84.09642489472411,31364,721,1.9332203274166588,15877.75312066574,891.0,304.504854368932,393.0,698.0,6.108869785385539e-06,0.998644906640582,C
Product_0458,29.603595080416277,57.70204051407018,31291,1057,1.9491565249871268,10805.31220435194,735.0,207.2251655629139,269.0,476.0,6.094651334475797e-06,0.9986510012919164,C
Product_1982,327.6595744680851,325.74290783395134,30800,94,0.9941504329997216,119595.74468085109,2445.0,2293.617021276596,1781.0,4075.0,5.999017644110273e-06,0.9986570003095606,C
Product_1115,109.11347517730496,204.02252308148465,30770,282,1.869819678549843,39826.41843971631,1411.0,763.7943262411347,958.0,1722.0,5.99317444510627e-06,0.9986629934840056,C
Product_0755,56.74676524953789,51.21892566228321,30700,541,0.9025875825177596,20712.56931608133,1018.0,397.2273567467653,291.0,688.0,5.979540314096928e-06,0.9986689730243198,C
Product_1529,207.4324324324324,190.40458757128908,30700,148,0.9179113667931852,75712.83783783784,1946.0,1452.0270270270269,1073.0,2525.0,5.979540314096928e-06,0.998674952564634,C
Product_2081,197.78064516129032,550.9940164071332,30656,155,2.785884412288154,72189.93548387097,1900.0,1384.4645161290323,2485.0,3869.0,5.9709702888910565e-06,0.9986809235349228,C
Product_0040,202.64900662251657,187.95283800909544,30600,151,0.9274796908291963,73966.88741721855,1923.0,1418.543046357616,1055.0,2474.0,5.960062984083583e-06,0.9986868835979068,C
Product_0277,117.24806201550388,245.38975687328676,30250,258,2.092910984241586,42795.54263565892,1463.0,820.7364341085272,1135.0,1956.0,5.891892329036876e-06,0.9986927754902358,C
Product_1114,119.32806324110672,193.3106079701106,30190,253,1.6199928392327916,43554.74308300395,1476.0,835.296442687747,928.0,1763.0,5.880205931028868e-06,0.9986986556961668,C
Product_0608,17.82964734010759,29.81608748079864,29829,1673,1.6722757838136082,6507.821279139271,570.0,124.80753138075316,142.0,267.0,5.809892769680693e-06,0.9987044655889366,C
Product_0588,122.88702928870292,213.9912425541692,29370,239,1.7413655761132594,44853.76569037657,1498.0,860.2092050209205,1015.0,1875.0,5.720491824919439e-06,0.9987101860807616,C
Product_1602,610.4166666666666,836.212225768568,29300,48,1.3699039876072103,222802.0833333333,3338.0,4272.916666666666,4156.0,8429.0,5.706857693910097e-06,0.9987158929384552,C
Product_1809,134.56221198156683,102.53236639250775,29200,217,0.7619699831224036,49115.20737327189,1567.0,941.9354838709678,629.0,1571.0,5.687380363896752e-06,0.9987215803188192,C
Product_0039,219.0839694656489,254.53260447542905,28700,131,1.161803874086453,79965.64885496184,2000.0,1533.587786259542,1322.0,2856.0,5.589993713830027e-06,0.998727170312533,C
Product_1075,316.3666666666667,580.8670475817096,28473,90,1.8360564142294051,115473.83333333334,2403.0,2214.5666666666666,2734.0,4949.0,5.545780174699734e-06,0.9987327160927078,C
Product_1745,811.4285714285714,692.7232825728375,28400,35,0.8537082707763843,296171.4285714286,3848.0,5680.0,4027.0,9707.0,5.531561723789992e-06,0.9987382476544316,C
Product_1038,275.7281553398058,162.37575607303373,28400,103,0.588897988574735,100640.77669902911,2243.0,1930.0970873786407,1150.0,3080.0,5.531561723789992e-06,0.9987437792161552,C
Product_0547,53.87022900763359,81.6564783126573,28228,524,1.51579972494801,19662.633587786266,992.0,377.0916030534351,397.0,774.0,5.4980607161670384e-06,0.9987492772768716,C
Product_0906,1481.578947368421,1695.10820093158,28150,19,1.1441227643943168,540776.3157894737,5200.0,10371.052631578948,8842.0,19213.0,5.4828683987566295e-06,0.9987547601452702,C
Product_0141,57.10743801652893,84.94660865139328,27640,484,1.4874876478753385,20844.214876033056,1021.0,399.75206611570246,415.0,815.0,5.38353401568857e-06,0.998760143679286,C
Product_0705,60.5726872246696,81.01182838609583,27500,454,1.3374316395377277,22109.030837004404,1051.0,424.0088105726872,405.0,829.0,5.356265753669887e-06,0.9987654999450396,C
Product_1025,23.700348432055748,52.10930869037573,27208,1148,2.198672683642728,8650.627177700348,658.0,165.90243902439022,240.0,406.0,5.29939195003092e-06,0.9987707993369896,C
Product_0222,140.41968911917098,865.8843955663593,27101,193,6.166403023663605,51253.18652849741,1601.0,982.9378238341968,3796.0,4779.0,5.27855120691664e-06,0.9987760778881966,C
Product_0253,120.625,319.6419837221755,27020,224,2.6498817303392785,44028.125,1484.0,844.375,1447.0,2291.0,5.26277456960583e-06,0.998781340662766,C
Product_1551,478.57142857142856,423.7127181622797,26800,56,0.8853698588465546,174678.57142857142,2955.0,3350.0,2425.0,5775.0,5.219924443576472e-06,0.9987865605872096,C
Product_1675,29.404185022026432,55.5580356903037,26699,908,1.889460144829236,10732.527533039647,733.0,205.82929515418505,260.0,466.0,5.200252340262993e-06,0.99879176083955,C
Product_0582,167.8490566037736,160.84107214766598,26688,159,0.9582482940452224,61264.90566037736,1750.0,1174.9433962264152,892.0,2067.0,5.198109833961525e-06,0.998796958949384,C
Product_0197,90.53401360544218,181.2790653156617,26617,294,2.0023310366609515,33044.9149659864,1285.0,633.7380952380953,843.0,1477.0,5.18428092965205e-06,0.9988021432303136,C
Product_1108,1104.1666666666667,793.7139812665334,26500,24,0.7188353037885585,403020.8333333334,4489.0,7729.166666666667,5013.0,12742.0,5.161492453536436e-06,0.9988073047227672,C
Product_2087,171.9935064935065,532.6805993018626,26487,154,3.097097153036842,62777.629870129866,1772.0,1203.9545454545455,2386.0,3590.0,5.158960400634702e-06,0.998812463683168,C
Product_1081,528.74,614.2345762767491,26437,50,1.1616949280870543,192990.1,3106.0,3701.18,3189.0,6890.0,5.149221735628029e-06,0.9988176129049036,C
Product_1311,300.0,353.63465789479375,26400,88,1.178782192982646,109500.0,2340.0,2100.0,1828.0,3928.0,5.142015123523091e-06,0.998822754920027,C
Product_0159,73.58938547486034,151.7257277776228,26345,358,2.061788215767279,26860.125698324024,1159.0,515.1256983240223,703.0,1218.0,5.131302592015752e-06,0.9988278862226192,C
Product_0131,63.74939172749392,85.48551706387394,26201,411,1.3409620821057284,23268.52798053528,1079.0,446.2457420924574,427.0,873.0,5.103255236796534e-06,0.998832989477856,C
Product_0604,212.1951219512195,167.71627380966868,26100,123,0.7903870374938409,77451.21951219512,1968.0,1485.3658536585365,1010.0,2495.0,5.083583133483056e-06,0.9988380730609894,C
Product_1412,341.3333333333333,647.6763734186115,25600,75,1.8974893752498383,124586.66666666666,2496.0,2389.333333333333,3034.0,5423.0,4.986196483416331e-06,0.9988430592574729,C
Product_0348,49.872,97.5755789283692,24936,500,1.9565202704597608,18203.28,954.0,349.104,455.0,804.0,4.85686701212772e-06,0.9988479161244848,C
Product_1028,429.3103448275862,520.1243510862199,24900,58,1.2115346330522392,156698.27586206896,2799.0,3005.172413793104,2668.0,5673.0,4.849855173322916e-06,0.9988527659796582,C
Product_0969,207.5,440.80951125183776,24900,120,2.1243831867558445,75737.5,1946.0,1452.5,2036.0,3488.0,4.849855173322916e-06,0.9988576158348316,C
Product_1033,147.61904761904762,137.10102964466188,24800,168,0.9287489104960964,53880.95238095238,1641.0,1033.3333333333333,769.0,1802.0,4.830377843309571e-06,0.9988624462126748,C
Product_0144,914.8148148148148,1596.077813724753,24700,27,1.744700444152564,333907.4074074074,4086.0,6403.703703703704,7570.0,13974.0,4.810900513296226e-06,0.998867257113188,C
Product_1105,431.578947368421,731.2313232625505,24600,57,1.6943164807303,157526.31578947368,2806.0,3021.0526315789475,3485.0,6506.0,4.7914231832828805e-06,0.9988720485363716,C
Product_0992,279.54545454545456,773.7665885409629,24600,88,2.767945519983932,102034.09090909093,2259.0,1956.818181818182,3491.0,5448.0,4.7914231832828805e-06,0.9988768399595548,C
Product_0872,310.37974683544303,388.27178901982177,24520,79,1.250957232160111,113288.60759493672,2380.0,2172.658227848101,1974.0,4147.0,4.775841319272205e-06,0.998881615800874,C
Product_0311,47.60970873786408,86.12115427088759,24519,515,1.808898994637102,17377.543689320388,932.0,333.2679611650485,406.0,739.0,4.775646545972071e-06,0.99888639144742,C
Product_1126,176.0144927536232,281.08377288571427,24290,138,1.5969353914462152,64245.289855072464,1792.0,1232.1014492753625,1353.0,2585.0,4.731043460241511e-06,0.9988911224908804,C
Product_0166,329.2739726027397,733.6475133853446,24037,73,2.228076235683744,120185.0,2451.0,2304.917808219178,3371.0,5676.0,4.681765815307748e-06,0.9988958042566956,C
Product_2037,29.78358208955224,74.6892636608918,23946,804,2.507732731285267,10871.007462686568,737.0,208.4850746268657,339.0,547.0,4.664041444995604e-06,0.9989004682981406,C
Product_0670,42.33628318584071,108.7979136008191,23920,565,2.569850383965836,15452.743362831858,879.0,296.3539823008849,494.0,790.0,4.658977339192134e-06,0.9989051272754798,C
Product_1583,241.41414141414143,362.5336299699716,23900,99,1.5017083417166186,88116.16161616163,2099.0,1689.89898989899,1766.0,3456.0,4.6550818731894655e-06,0.998909782357353,C
Product_1143,147.0679012345679,218.1832418812312,23825,162,1.4835544673561156,53679.78395061728,1638.0,1029.4753086419753,1066.0,2095.0,4.640473875679456e-06,0.9989144228312288,C
Product_0546,48.4867617107943,84.61531998054757,23807,491,1.7451221115826796,17697.668024439918,941.0,339.40733197556006,401.0,740.0,4.636967956277054e-06,0.9989190597991848,C
Product_1080,448.9622641509434,425.6077989753256,23795,53,0.9479812290688068,163871.22641509434,2862.0,3142.735849056604,2369.0,5512.0,4.634630676675453e-06,0.9989236944298616,C
Product_2169,35.03092783505155,65.47512250791848,23786,679,1.869066181067714,12786.288659793816,800.0,245.21649484536084,307.0,552.0,4.632877716974252e-06,0.9989283273075786,C
Product_0927,257.2826086956522,389.9537962511743,23670,92,1.5156632553911296,93908.15217391304,2167.0,1800.9782608695652,1896.0,3697.0,4.610284014158772e-06,0.9989329375915929,C
Product_0382,268.1818181818182,217.3748574033781,23600,88,0.8105503157414099,97886.36363636365,2212.0,1877.2727272727277,1294.0,3171.0,4.59664988314943e-06,0.998937534241476,C
Product_1205,264.0449438202247,249.6575795925455,23500,89,0.9455116844143212,96376.40449438202,2195.0,1848.314606741573,1391.0,3239.0,4.577172553136085e-06,0.998942111414029,C
Product_1627,250.0,225.16421725305912,23500,94,0.9006568690122365,91250.0,2136.0,1750.0,1279.0,3029.0,4.577172553136085e-06,0.998946688586582,C
Product_1277,256.04395604395603,211.45463984756805,23300,91,0.8258528852415749,93456.04395604396,2162.0,1792.3076923076922,1248.0,3040.0,4.538217893109395e-06,0.9989512268044752,C
Product_2107,263.89772727272725,309.29014164520873,23223,88,1.1720075987072458,96322.67045454544,2195.0,1847.2840909090908,1602.0,3449.0,4.523220348999119e-06,0.9989557500248244,C
Product_0953,293.67088607594934,289.2704227446108,23200,79,0.985015663656218,107189.87341772152,2315.0,2055.696202531645,1587.0,3643.0,4.51874056309605e-06,0.9989602687653872,C
Product_2166,22.83925049309665,46.78468035293109,23159,1014,2.048433260411595,8336.326429980276,646.0,159.87475345167653,217.0,377.0,4.510754857790578e-06,0.9989647795202452,C
Product_0389,184.0,153.139194536297,23000,125,0.8322782311755271,67160.0,1832.0,1288.0,900.0,2188.0,4.47978590306936e-06,0.9989692593061482,C
Product_0412,18.056603773584907,42.425775649244734,22968,1272,2.349598860407493,6590.660377358491,574.0,126.39622641509436,194.0,320.0,4.47355315746509e-06,0.9989737328593056,C
Product_2131,124.4945652173913,189.2210087020894,22907,184,1.5199138080579933,45440.516304347824,1507.0,871.4619565217391,920.0,1791.0,4.461671986156949e-06,0.998978194531292,C
Product_1230,200.0,175.4892024512937,22800,114,0.8774460122564685,73000.0,1910.0,1400.0,1008.0,2408.0,4.44083124304267e-06,0.998982635362535,C
Product_0983,205.45454545454547,194.3402689016457,22600,110,0.9459039636805764,74990.9090909091,1936.0,1438.1818181818182,1083.0,2521.0,4.40187658301598e-06,0.998987037239118,C
Product_1037,223.76237623762376,168.01697226856882,22600,101,0.7508723096958164,81673.26732673268,2021.0,1566.3366336633662,1038.0,2604.0,4.40187658301598e-06,0.998991439115701,C
Product_0049,201.78571428571428,304.0217343040049,22600,112,1.5066563823915289,73651.78571428571,1919.0,1412.5,1480.0,2892.0,4.40187658301598e-06,0.998995840992284,C
Product_0911,204.54545454545453,166.25191652967942,22500,110,0.8127871474784327,74659.0909090909,1932.0,1431.8181818181818,988.0,2420.0,4.382399253002635e-06,0.999000223391537,C
Product_0118,69.0276923076923,88.02350890334988,22434,325,1.2751912451452576,25195.10769230769,1122.0,483.19384615384615,445.0,928.0,4.369544215193827e-06,0.9990045929357524,C
Product_1796,203.63636363636363,86.65789823267747,22400,110,0.425552178821184,74327.27272727272,1928.0,1425.4545454545455,769.0,2194.0,4.3629219229892895e-06,0.9990089558576752,C
Product_1476,269.8795180722892,159.06352447772903,22400,83,0.5893871665915853,98506.02409638556,2219.0,1889.156626506024,1126.0,3015.0,4.3629219229892895e-06,0.9990133187795982,C
Product_0005,428.84615384615387,454.7511875014035,22300,52,1.0604063565055148,156528.84615384616,2798.0,3001.923076923077,2430.0,5432.0,4.343444592975944e-06,0.9990176622241912,C
Product_1137,145.36423841059602,228.69929262224693,21950,151,1.5732844276063458,53057.94701986755,1629.0,1017.549668874172,1104.0,2122.0,4.275273937929237e-06,0.9990219374981292,C
Product_0042,186.32478632478632,241.01294245759087,21800,117,1.2935098287861533,68008.547008547,1844.0,1304.2735042735042,1215.0,2519.0,4.24605794290922e-06,0.999026183556072,C
Product_1978,167.5581395348837,775.0973014218998,21615,129,4.625840938395794,61158.72093023255,1749.0,1172.906976744186,3418.0,4591.0,4.210024882384531e-06,0.9990303935809544,C
Product_2124,60.96892655367232,131.88709501150026,21583,354,2.1631854530913723,22253.658192090395,1055.0,426.78248587570624,608.0,1035.0,4.20379213678026e-06,0.9990345973730912,C
Product_1559,310.1449275362319,630.101515522378,21400,69,2.0316357276188826,113202.89855072464,2379.0,2171.014492753623,2926.0,5097.0,4.168148622855839e-06,0.999038765521714,C
Product_0186,101.78571428571428,215.6599902019132,21375,210,2.118764816018796,37151.78571428572,1363.0,712.5,996.0,1708.0,4.163279290352503e-06,0.9990429288010044,C
Product_0175,165.625,131.27928994515452,21200,128,0.7926296751405556,60453.125,1739.0,1159.375,789.0,1948.0,4.129193962829149e-06,0.9990470579949672,C
Product_0321,517.0731707317074,1029.2964682307013,21200,41,1.9906205281820164,188731.7073170732,3072.0,3619.512195121952,4791.0,8411.0,4.129193962829149e-06,0.99905118718893,C
Product_0199,203.73076923076923,258.6211094774819,21188,104,1.2694258724588503,74361.73076923077,1928.0,1426.1153846153843,1310.0,2736.0,4.126856683227548e-06,0.9990553140456132,C
Product_0361,21.68340163934426,38.41857418177533,21163,976,1.7717964561457604,7914.441598360655,629.0,151.78381147540983,182.0,334.0,4.121987350724211e-06,0.999059436032964,C
Product_1090,422.92,478.9867639089832,21146,50,1.1325706136124638,154365.80000000002,2778.0,2960.44,2506.0,5466.0,4.118676204621943e-06,0.9990635547091686,C
Product_0534,54.60362694300518,151.97532570511166,21077,386,2.7832459895702946,19930.32383419689,998.0,382.2253886010363,685.0,1067.0,4.105236846912735e-06,0.9990676599460157,C
Product_1586,550.0,442.8104347021207,20900,38,0.8051098812765831,200750.0,3168.0,3850.0,2643.0,6493.0,4.070761972789114e-06,0.9990717307079884,C
Product_2023,167.47967479674796,162.7106125486563,20600,123,0.9715245312371226,61130.081300813006,1748.0,1172.3577235772357,897.0,2069.0,4.012329982749079e-06,0.9990757430379712,C
Product_0283,84.7107438016529,196.51348767565196,20500,242,2.3198177569515983,30919.421487603307,1243.0,592.9752066115702,899.0,1492.0,3.992852652735734e-06,0.9990797358906238,C
Product_1822,15.492435703479575,22.51204445657284,20481,1322,1.453099105101767,5654.739031770046,532.0,108.44704992435705,110.0,218.0,3.989151960033198e-06,0.9990837250425838,C
Product_1497,281.94444444444446,335.7045938543265,20300,72,1.190676391995641,102909.72222222223,2268.0,1973.6111111111115,1731.0,3705.0,3.953897992709044e-06,0.9990876789405764,C
Product_2088,103.21428571428572,314.87593812525023,20230,196,3.050701130625262,37673.21428571428,1372.0,722.5,1412.0,2134.0,3.940263861699702e-06,0.9990916192044382,C
Product_0839,47.81472684085511,87.8297534559194,20130,421,1.8368766122673652,17452.375296912116,934.0,334.7030878859858,413.0,748.0,3.920786531686357e-06,0.99909553999097,C
Product_1050,81.65853658536585,100.79689250703196,20088,246,1.2343705474278108,29805.36585365853,1221.0,571.609756097561,514.0,1086.0,3.912606053080752e-06,0.9990994525970228,C
Product_0162,212.5212765957447,401.9436307968291,19977,94,1.891310071327123,77570.26595744681,1969.0,1487.648936170213,1884.0,3372.0,3.890986216765939e-06,0.9991033435832396,C
Product_0727,72.70220588235294,190.56808527208173,19775,272,2.621214624222818,26536.305147058825,1152.0,508.9154411764706,863.0,1372.0,3.851642010138982e-06,0.9991071952252498,C
Product_0627,20.358490566037737,39.6787651417691,19422,954,1.949003292413125,7430.849056603774,610.0,142.50943396226415,185.0,328.0,3.782887035191874e-06,0.999110978112285,C
Product_1074,236.5,520.2726789807698,19393,82,2.199884477719957,86322.5,2078.0,1655.5,2394.0,4050.0,3.777238609488004e-06,0.9991147553508944,C
Product_0880,522.4324324324324,601.0010418062953,19330,37,1.150389992076199,190687.8378378378,3088.0,3657.027027027026,3130.0,6787.0,3.7649678915795967e-06,0.999118520318786,C
Product_0293,76.89243027888446,100.55000936086545,19300,251,1.3076711061957111,28065.73705179283,1185.0,538.2470119521912,505.0,1043.0,3.759124692575593e-06,0.9991222794434784,C
Product_0925,301.5625,278.45502757348874,19300,64,0.9233741846996516,110070.3125,2346.0,2110.9375,1566.0,3677.0,3.759124692575593e-06,0.9991260385681712,C
Product_1558,1066.6666666666667,1294.331533127065,19200,18,1.2134358123066231,389333.3333333334,4412.0,7466.666666666667,6636.0,14103.0,3.739647362562248e-06,0.9991297782155336,C
Product_0724,78.26530612244898,99.3294682287936,19175,245,1.2691379252179624,28566.83673469388,1195.0,547.8571428571429,503.0,1051.0,3.734778030058912e-06,0.9991335129935636,C
Product_2083,172.5045045045045,363.9881584955472,19148,111,2.110021182003642,62964.14414414414,1774.0,1207.5315315315315,1683.0,2891.0,3.729519150955309e-06,0.9991372425127146,C
Product_1525,2375.0,1302.4701806293192,19000,8,0.5484084971070817,866875.0,6584.0,16625.0,9653.0,26278.0,3.700692702535558e-06,0.9991409432054172,C
Product_0335,36.98630136986301,63.961337956269006,18900,511,1.729325063262088,13500.0,822.0,258.9041095890411,304.0,563.0,3.681215372522213e-06,0.9991446244207896,C
Product_0210,148.55905511811022,676.7954328988569,18867,127,4.555733289773405,54224.05511811024,1647.0,1039.9133858267714,2986.0,4026.0,3.674787853617809e-06,0.9991482992086432,C
Product_0168,49.517150395778366,88.84822440667041,18767,379,1.7942919513043152,18073.759894459105,951.0,346.6200527704486,420.0,767.0,3.655310523604464e-06,0.9991519545191668,C
Product_0176,150.80645161290323,137.63151448406174,18700,124,0.9126367805360244,55044.35483870968,1659.0,1055.645161290323,778.0,1834.0,3.642260712495523e-06,0.9991555967798792,C
Product_1041,205.55555555555557,109.50461599332328,18500,90,0.5327251588864376,75027.77777777777,1937.0,1438.8888888888887,827.0,2266.0,3.603306052468833e-06,0.9991592000859316,C
Product_0150,17.442733397497594,53.05410717092857,18123,1039,3.041616583931732,6366.597690086622,564.0,122.09913378248316,238.0,360.0,3.529876518318522e-06,0.99916272996245,C
Product_2026,317.5438596491228,159.37691961593958,18100,57,0.501905216470086,115903.50877192982,2407.0,2222.80701754386,1254.0,3477.0,3.525396732415453e-06,0.9991662553591824,C
Product_0768,57.93269230769231,59.60053482081791,18075,312,1.028789314749388,21145.43269230769,1028.0,405.5288461538461,322.0,728.0,3.5205273999121164e-06,0.9991697758865824,C
Product_0182,105.81065088757396,179.48935405537748,17882,169,1.6963259610423214,38620.8875739645,1390.0,740.6745562130178,855.0,1596.0,3.4829361529863605e-06,0.9991732588227352,C
Product_2129,170.40384615384616,202.15160701333343,17722,104,1.1863089453440174,62197.40384615385,1763.0,1192.826923076923,1043.0,2236.0,3.4517724249650086e-06,0.9991767105951604,C
Product_2030,310.5263157894737,198.8217170934049,17700,57,0.6402733262329988,113342.1052631579,2381.0,2173.684210526316,1339.0,3513.0,3.4474874123620724e-06,0.9991801580825728,C
Product_0443,43.76237623762376,82.5757669695983,17680,404,1.8869123221559796,15973.267326732674,894.0,306.33663366336634,387.0,693.0,3.4435919463594034e-06,0.999183601674519,C
Product_0177,167.61904761904762,163.19834445759437,17600,105,0.9736264868208754,61180.95238095238,1749.0,1173.3333333333333,899.0,2072.0,3.428010082348728e-06,0.9991870296846014,C
Product_0489,62.20640569395018,102.12793147514527,17480,281,1.6417590814940404,22705.338078291818,1065.0,435.4448398576513,489.0,924.0,3.4046372863327136e-06,0.9991904343218876,C
Product_0791,39.49095022624434,43.80332419386558,17455,442,1.1091990428924998,14414.196832579186,849.0,276.4366515837104,231.0,507.0,3.399767953829377e-06,0.9991938340898416,C
Product_0121,142.95081967213116,385.4281477337096,17440,122,2.6962290151096657,52177.04918032787,1615.0,1000.655737704918,1742.0,2743.0,3.3968463543273757e-06,0.9991972309361958,C
Product_2055,31.612021857923494,38.40892062631223,17355,549,1.215009935110655,11538.387978142076,760.0,221.28415300546447,197.0,418.0,3.380290623816032e-06,0.9992006112268196,C
Product_1187,152.19298245614036,133.93142329195393,17350,114,0.8800105046272477,55550.43859649123,1667.0,1065.3508771929826,768.0,1833.0,3.379316757315365e-06,0.999203990543577,C
Product_2172,376.0869565217391,265.14967061282,17300,46,0.7050222455600994,137271.73913043478,2620.0,2632.608695652174,1692.0,4325.0,3.3695780923086923e-06,0.9992073601216692,C
Product_0189,92.56451612903226,173.8362964899223,17217,186,1.878001460598568,33786.04838709677,1300.0,647.9516129032259,815.0,1463.0,3.353411908397616e-06,0.9992107135335776,C
Product_0281,68.91129032258064,117.73857764358628,17090,248,1.7085527943598242,25152.620967741936,1121.0,482.3790322580645,560.0,1042.0,3.328675699280668e-06,0.999214042209277,C
Product_0790,22.91275167785235,33.46437941045215,17070,745,1.4605133368943677,8363.154362416108,647.0,160.38926174496643,164.0,324.0,3.324780233277999e-06,0.9992173669895102,C
Product_1076,157.46296296296296,220.63690415533603,17006,108,1.401198732728231,57473.98148148148,1695.0,1102.2407407407406,1091.0,2193.0,3.312314742069458e-06,0.9992206793042524,C
Product_2090,171.66666666666666,332.0954190393761,16995,99,1.9345364215885987,62658.33333333333,1770.0,1201.6666666666663,1552.0,2754.0,3.31017223576799e-06,0.999223989476488,C
Product_0205,129.8923076923077,235.31039195183192,16886,130,1.8115806557940397,47410.69230769231,1540.0,909.246153846154,1110.0,2019.0,3.288941946053444e-06,0.999227278418434,C
Product_0875,430.12820512820514,853.1323763355583,16775,39,1.983437417412028,156996.79487179487,2802.0,3010.897435897436,3973.0,6984.0,3.267322109738631e-06,0.9992305457405438,C
Product_0743,56.88775510204081,76.73871488040525,16725,294,1.3489496068663167,20764.030612244896,1019.0,398.21428571428567,383.0,781.0,3.2575834447319585e-06,0.9992338033239886,C
Product_1726,100.47272727272728,117.53191386195162,16578,165,1.16978922591519,36672.545454545456,1354.0,703.3090909090909,609.0,1312.0,3.228951769612341e-06,0.9992370322757582,C
Product_0280,52.53968253968254,75.55670781234649,16550,315,1.438088396428347,19176.984126984127,979.0,367.77777777777777,371.0,739.0,3.2234981172086047e-06,0.9992402557738754,C
Product_0660,39.18246445497631,76.4168613520613,16535,422,1.950282158486233,14301.599526066351,846.0,274.27725118483414,357.0,631.0,3.220576517706603e-06,0.9992434763503932,C
Product_0294,43.6005291005291,70.85680033395148,16481,378,1.6251362493922492,15914.193121693124,892.0,305.2037037037037,340.0,645.0,3.2100587594993966e-06,0.9992466864091526,C
Product_0590,188.68965517241375,115.13544201512951,16416,87,0.610184177346264,68871.72413793103,1856.0,1320.8275862068965,798.0,2119.0,3.1973984949907223e-06,0.9992498838076476,C
Product_1656,35.0448717948718,62.34778565606636,16401,468,1.7790844269885406,12791.378205128203,800.0,245.31410256410257,295.0,540.0,3.1944768954887204e-06,0.999253078284543,C
Product_0439,100.55828220858896,151.76061795625068,16391,163,1.5091806922621476,36703.77300613497,1355.0,703.9079754601228,739.0,1443.0,3.1925291624873858e-06,0.9992562708137056,C
Product_2095,96.46428571428572,243.2527059589943,16206,168,2.521686696353884,35209.46428571428,1327.0,675.25,1105.0,1780.0,3.1564961019626978e-06,0.9992594273098074,C
Product_1046,145.94594594594594,243.37915940650137,16200,111,1.6675979440815836,53270.270270270266,1632.0,1021.6216216216216,1163.0,2185.0,3.1553274621618968e-06,0.9992625826372696,C
Product_0746,92.28571428571428,98.46773537401992,16150,175,1.0669878446101229,33684.28571428572,1298.0,646.0,525.0,1171.0,3.145588797155224e-06,0.9992657282260669,C
Product_0893,191.1904761904762,394.76210546125657,16060,84,2.064758210382662,69784.52380952382,1868.0,1338.3333333333337,1829.0,3167.0,3.1280592001432138e-06,0.9992688562852668,C
Product_1188,320.0,325.7644071711823,16000,50,1.0180137724099447,116800.0,2417.0,2240.0,1766.0,4006.0,3.116372802135207e-06,0.999271972658069,C
Product_0792,30.809248554913296,41.01181945669474,15990,519,1.3311528641666397,11245.375722543353,750.0,215.66473988439307,205.0,421.0,3.1144250691338723e-06,0.9992750870831382,C
Product_0756,47.18934911242604,46.496861246825496,15950,338,0.9853253355126655,17224.112426035503,928.0,330.32544378698225,255.0,585.0,3.1066341371285344e-06,0.9992781937172752,C
Product_0834,378.57142857142856,346.78714515075643,15900,42,0.9160415154925642,138178.57142857142,2628.0,2650.0,1957.0,4607.0,3.096895472121862e-06,0.9992812906127476,C
Product_1462,330.2083333333333,496.7703762681392,15850,48,1.5044150196132922,120526.04166666666,2455.0,2311.458333333333,2419.0,4730.0,3.0871568071151893e-06,0.9992843777695546,C
Product_0076,385.3658536585366,227.55326366562636,15800,41,0.590486317107005,140658.53658536586,2652.0,2697.560975609756,1609.0,4307.0,3.0774181421085167e-06,0.9992874551876968,C
Product_2150,585.1851851851852,705.8566555849836,15800,27,1.2062107405566176,213592.5925925926,3268.0,4096.2962962962965,3625.0,7721.0,3.0774181421085167e-06,0.9992905326058388,C
Product_0779,22.428977272727277,44.68868844157565,15790,704,1.992453240207046,8186.576704545455,640.0,157.0028409090909,208.0,365.0,3.0754704091071824e-06,0.999293608076248,C
Product_1670,41.1171875,71.42371136079116,15789,384,1.7370767725976188,15007.7734375,866.0,287.8203125,339.0,627.0,3.075275635807049e-06,0.9992966833518836,C
Product_0676,253.38709677419357,526.8898648359475,15710,62,2.079387117748488,92486.29032258064,2150.0,1773.7096774193546,2440.0,4214.0,3.0598885450965063e-06,0.9992997432404288,C
Product_0926,232.8358208955224,268.7727775838715,15600,67,1.15434462167432,84985.07462686567,2061.0,1629.8507462686566,1398.0,3028.0,3.0384634820818264e-06,0.9993027817039108,C
Product_0840,55.80935251798561,126.36339345171687,15515,278,2.2641974463150047,20370.413669064747,1009.0,390.6654676258993,580.0,971.0,3.021907751570484e-06,0.9993058036116624,C
Product_1042,170.32967032967034,124.2707666477657,15500,91,0.7295896622546244,62170.32967032967,1763.0,1192.3076923076924,779.0,1971.0,3.0189861520684817e-06,0.9993088225978144,C
Product_1728,200.8571428571429,283.84343879040244,15466,77,1.4131607905638812,73312.85714285714,1915.0,1406.0,1401.0,2807.0,3.0123638598639444e-06,0.9993118349616744,C
Product_0523,169.78021978021977,213.8195398096152,15450,91,1.259390169752426,61969.780219780216,1760.0,1188.4615384615383,1085.0,2273.0,3.009247487061809e-06,0.9993148442091616,C
Product_1292,147.35576923076923,106.11853770224472,15325,104,0.7201519034932105,53784.855769230766,1640.0,1031.4903846153843,670.0,1701.0,2.984900824545128e-06,0.999317829109986,C
Product_0868,169.16666666666666,324.18978523996185,15225,90,1.916392819152484,61745.83333333333,1757.0,1184.1666666666663,1517.0,2701.0,2.965423494531783e-06,0.9993207945334804,C
Product_0966,53.60424028268551,80.04705342545776,15170,283,1.4932970414900824,19565.54770318021,989.0,375.22968197879857,390.0,765.0,2.954710963024443e-06,0.9993237492444436,C
Product_0434,275.23636363636365,429.660415592678,15138,55,1.5610597739197576,100461.27272727274,2241.0,1926.654545454545,2078.0,4005.0,2.9484782174201727e-06,0.999326697722661,C
Product_0672,17.662383177570092,29.96901770022102,15119,856,1.696770894330921,6446.769859813084,568.0,123.63668224299064,143.0,267.0,2.944777524717637e-06,0.9993296425001856,C
Product_0652,59.96031746031746,57.1326688096849,15110,252,0.952841332894811,21885.515873015876,1046.0,419.72222222222223,317.0,737.0,2.943024565016436e-06,0.9993325855247508,C
Product_2097,443.8235294117647,525.1649940206806,15090,34,1.1832743404044497,161995.58823529413,2846.0,3106.7647058823527,2712.0,5819.0,2.939129099013767e-06,0.9993355246538498,C
Product_1085,1345.6363636363635,3416.9967887818475,14802,11,2.539316624550758,491157.2727272728,4956.0,9419.454545454546,15515.0,24934.0,2.883034388575333e-06,0.9993384076882385,C
Product_0475,778.9473684210526,720.785796018963,14800,19,0.9253331165108308,284315.7894736842,3770.0,5452.631578947368,4050.0,9503.0,2.8826448419750663e-06,0.9993412903330804,C
Product_0386,197.33333333333331,197.94439113544485,14800,75,1.0030965766998894,72026.66666666667,1898.0,1381.3333333333337,1079.0,2460.0,2.8826448419750663e-06,0.9993441729779222,C
Product_1138,103.34507042253522,106.99095512739858,14675,142,1.035278748081131,37720.95070422535,1373.0,723.4154929577466,577.0,1300.0,2.858298179458385e-06,0.9993470312761016,C
Product_2108,184.36708860759487,429.4769083436146,14565,79,2.3294662381836977,67293.98734177215,1834.0,1290.5696202531644,1965.0,3256.0,2.8368731164437053e-06,0.999349868149218,C
Product_1498,213.9705882352941,170.56656866431203,14550,68,0.7971495992558912,78099.26470588235,1976.0,1497.7941176470588,1023.0,2521.0,2.833951516941704e-06,0.999352702100735,C
Product_1035,125.21551724137932,171.07383638725088,14525,116,1.366235113316427,45703.66379310345,1512.0,876.5086206896552,851.0,1728.0,2.8290821844383674e-06,0.9993555311829194,C
Product_0322,17.573849878934624,50.49272369010525,14516,826,2.8731737233416186,6414.455205811138,566.0,123.01694915254237,227.0,350.0,2.8273292247371666e-06,0.9993583585121442,C
Product_0522,124.24137931034484,196.418214894721,14412,116,1.5809403918809073,45348.10344827586,1506.0,869.6896551724137,947.0,1817.0,2.807072801523288e-06,0.9993611655849456,C
Product_0105,84.0701754385965,77.82873950860603,14376,171,0.9257592136875092,30685.61403508772,1239.0,588.4912280701755,437.0,1025.0,2.800060962718483e-06,0.9993639656459083,C
Product_0586,67.47169811320755,94.67862403539375,14304,212,1.403234640345601,24627.16981132076,1110.0,472.3018867924529,468.0,940.0,2.7860372851088748e-06,0.9993667516831936,C
Product_0769,45.96774193548387,53.62912546783247,14250,310,1.1666686943879343,16778.225806451614,916.0,321.7741935483871,278.0,600.0,2.7755195269016685e-06,0.9993695272027204,C
Product_0683,89.55696202531645,113.95800397939016,14150,158,1.272463931359975,32688.291139240504,1278.0,626.8987341772151,577.0,1204.0,2.7560421968883234e-06,0.9993722832449172,C
Product_2018,327.90697674418607,622.7150924610206,14100,43,1.8990602110513397,119686.04651162792,2446.0,2295.3488372093025,2917.0,5212.0,2.746303531881651e-06,0.9993750295484491,C
Product_0548,30.236051502145923,38.066948222263385,14090,466,1.258992041985432,11036.158798283264,743.0,211.65236051502143,193.0,405.0,2.744355798880317e-06,0.999377773904248,C
Product_1051,63.39366515837104,108.22121181616892,14010,221,1.7071297509902448,23138.68778280543,1076.0,443.7556561085973,515.0,959.0,2.7287739348696404e-06,0.999380502678183,C
Product_2009,2000.0,1154.7005383792514,14000,7,0.5773502691896257,730000.0,6042.0,14000.0,8279.0,22279.0,2.726826201868306e-06,0.9993832295043849,C
Product_0681,115.63025210084034,135.08088383908904,13760,119,1.1682140390153777,42205.04201680672,1453.0,809.4117647058823,700.0,1509.0,2.680080609836278e-06,0.9993859095849948,C
Product_0203,311.3636363636364,361.0165937633834,13700,44,1.159469352232764,113647.72727272728,2384.0,2179.5454545454545,1876.0,4056.0,2.6683942118282708e-06,0.9993885779792064,C
Product_0700,41.64133738601824,33.7906790894752,13700,329,0.8114695927326526,15199.088145896656,872.0,291.48936170212767,201.0,492.0,2.6683942118282708e-06,0.9993912463734184,C
Product_1139,106.8359375,131.97898767044603,13675,128,1.235342626823919,38995.1171875,1396.0,747.8515625,673.0,1421.0,2.6635248793249347e-06,0.9993939098982976,C
Product_0300,82.66060606060606,134.2199912852257,13639,165,1.6237479699437083,30171.12121212121,1228.0,578.6242424242424,644.0,1223.0,2.6565130405201305e-06,0.9993965664113382,C
Product_0795,33.89303482587065,42.17385938239193,13625,402,1.2443223098511234,12370.957711442788,786.0,237.25124378109456,215.0,452.0,2.653786214318262e-06,0.9993992201975526,C
Product_0883,238.7719298245614,325.0663128800392,13610,57,1.36140924571361,87151.75438596492,2087.0,1671.40350877193,1618.0,3289.0,2.6508646148162603e-06,0.9994018710621674,C
Product_0740,54.73790322580645,62.34480208487909,13575,248,1.1389694966519348,19979.334677419352,999.0,383.1653225806451,326.0,709.0,2.6440475493115896e-06,0.9994045151097168,C
Product_0029,126.1682242990654,125.20658295290096,13500,107,0.9923781019229928,46051.40186915888,1517.0,883.1775700934579,685.0,1568.0,2.629439551801581e-06,0.9994071445492684,C
Product_0876,241.8181818181818,187.4570657914807,13300,55,0.7751983923707848,88263.63636363637,2101.0,1692.7272727272727,1139.0,2832.0,2.5904848917748907e-06,0.9994097350341604,C
Product_0278,68.44559585492227,222.87811596667964,13210,193,3.2562813309287795,24982.64248704663,1118.0,479.11917098445593,996.0,1475.0,2.57295529476288e-06,0.999412307989455,C
Product_0445,33.35353535353536,80.24917689629542,13208,396,2.406017114698136,12174.040404040405,780.0,233.4747474747475,366.0,599.0,2.5725657481626134e-06,0.9994148805552032,C
Product_0261,37.07865168539326,57.60970667803333,13200,356,1.5537163316196865,13533.70786516854,823.0,259.55056179775283,279.0,539.0,2.571007561761545e-06,0.999417451562765,C
Product_0320,291.1111111111111,342.9963041294537,13100,45,1.1782315790706426,106255.55555555556,2305.0,2037.7777777777776,1773.0,3811.0,2.5515302317482004e-06,0.9994200030929968,C
Product_1093,22.31175468483816,52.94091543523406,13097,587,2.372781351491364,8143.790459965929,638.0,156.18228279386713,242.0,398.0,2.5509459118478e-06,0.9994225540389086,C
Product_0842,45.15862068965517,89.8791326696047,13096,290,1.990298447937184,16482.896551724138,908.0,316.11034482758623,418.0,734.0,2.5507511385476667e-06,0.9994251047900472,C
Product_0503,22.53448275862069,35.68791782952054,13070,580,1.5837025509657163,8225.086206896553,641.0,157.74137931034485,172.0,330.0,2.545687032744197e-06,0.9994276504770798,C
Product_0543,133.3469387755102,83.73683642243387,13068,98,0.6279621953932139,48671.63265306123,1560.0,933.4285714285714,570.0,1503.0,2.5452974861439304e-06,0.999430195774566,C
Product_0642,14.282584884994524,19.704703026973505,13040,913,1.3796314312597246,5213.143483023001,511.0,99.97809419496168,98.0,198.0,2.5398438337401936e-06,0.9994327356183996,C
Product_1131,481.4814814814815,329.3782453199186,13000,27,0.6840932787413695,175740.74074074073,2964.0,3370.3703703703704,2136.0,5506.0,2.532052901734856e-06,0.9994352676713012,C
Product_0041,183.09859154929575,162.99510552945864,13000,71,0.8902040378916587,66830.98591549296,1828.0,1281.6901408450703,931.0,2213.0,2.532052901734856e-06,0.999437799724203,C
Product_1896,33.428940568475454,69.18236012900815,12937,387,2.069534928493944,12201.56330749354,781.0,234.00258397932816,321.0,555.0,2.519782183826448e-06,0.9994403195063868,C
Product_2149,1066.6666666666667,1064.581294844754,12800,12,0.9980449639169569,389333.3333333334,4412.0,7466.666666666667,5812.0,13279.0,2.493098241708165e-06,0.9994428126046284,C
Product_0713,18.883136094674555,21.36739529877341,12765,676,1.1315596726965,6892.344674556212,587.0,132.18195266272187,112.0,244.0,2.4862811762034947e-06,0.9994452988858048,C
Product_1716,58.99074074074074,157.18819976838435,12742,216,2.6646249529093566,21531.62037037037,1038.0,412.9351851851852,711.0,1124.0,2.481801390300425e-06,0.999447780687195,C
Product_2126,163.10256410256412,463.8783592722688,12722,78,2.8440899247946048,59532.43589743591,1725.0,1141.7179487179487,2089.0,3231.0,2.477905924297756e-06,0.9994502585931192,C
Product_0757,43.576388888888886,36.536284263053865,12550,288,0.8384422205386067,15905.381944444443,892.0,305.0347222222222,214.0,519.0,2.4444049166748027e-06,0.999452702998036,C
Product_1659,23.81368821292776,38.934713155055,12526,526,1.634971987830028,8691.996197718632,659.0,166.6958174904943,187.0,354.0,2.4397303574716e-06,0.9994551427283936,C
Product_1044,122.54901960784314,64.34262056220193,12500,102,0.5250357837875678,44730.39215686274,1495.0,857.843137254902,491.0,1349.0,2.4346662516681305e-06,0.9994575773946452,C
Product_0337,14.780805687203792,25.61889800164445,12475,844,1.7332545020751835,5394.994075829384,519.0,103.46563981042654,122.0,225.0,2.429796919164794e-06,0.9994600071915644,C
Product_2093,85.56944444444444,154.9849373587021,12322,144,1.8112182259091951,31232.847222222223,1250.0,598.9861111111111,731.0,1330.0,2.399996604244376e-06,0.9994624071881686,C
Product_1661,20.16366612111293,31.55483474394769,12320,611,1.5649353919279254,7359.738134206219,607.0,141.1456628477905,153.0,294.0,2.399607057644109e-06,0.9994648067952262,C
Product_1718,44.627737226277375,88.39981662580797,12228,274,1.9808267709741072,16289.124087591244,902.0,312.39416058394164,412.0,724.0,2.381687914031832e-06,0.9994671884831402,C
Product_0254,163.27027027027026,200.16577357843852,12082,74,1.2259780868071886,59593.64864864865,1726.0,1142.891891891892,1023.0,2166.0,2.353251012212348e-06,0.9994695417341524,C
Product_2054,44.2014652014652,69.29221795002329,12067,273,1.5676452722595804,16133.5347985348,898.0,309.4102564102564,335.0,644.0,2.350329412710346e-06,0.9994718920635652,C
Product_0116,95.52380952380952,153.8839934124775,12036,126,1.6109490835802731,34866.19047619047,1320.0,668.6666666666666,740.0,1409.0,2.344291440406209e-06,0.9994742363550057,C
Product_0843,38.82258064516129,56.86261311281559,12035,310,1.4646788587430688,14170.24193548387,842.0,271.758064516129,278.0,550.0,2.344096667106076e-06,0.9994765804516726,C
Product_1680,14.014084507042254,27.438936177443956,11940,852,1.957954239797508,5115.140845070423,506.0,98.09859154929578,128.0,226.0,2.325593203593398e-06,0.9994789060448762,C
Product_0532,297.15,332.5259619708142,11886,40,1.1190508563715773,108459.75,2329.0,2080.05,1746.0,3826.0,2.315075445386192e-06,0.9994812211203216,C
Product_0092,438.8888888888889,310.50001032247394,11850,27,0.7074683779499406,160194.44444444447,2830.0,3072.2222222222226,1977.0,5049.0,2.308063606581388e-06,0.999483529183928,C
Product_0600,101.7391304347826,122.46203041748925,11700,115,1.2036866237616464,37134.782608695656,1363.0,712.1739130434783,629.0,1341.0,2.27884761156137e-06,0.9994858080315396,C
Product_0614,12.378835978835978,27.57674915544982,11698,945,2.2277336255684803,4518.275132275132,475.0,86.65185185185184,127.0,214.0,2.278458064961103e-06,0.9994880864896049,C
Product_1142,102.41228070175438,151.75847202100647,11675,114,1.481838613310042,37380.48245614035,1367.0,716.8859649122807,741.0,1458.0,2.273978279058034e-06,0.9994903604678838,C
Product_0533,28.050602409638557,56.4479568217165,11641,415,2.012361659738197,10238.469879518072,715.0,196.3542168674699,262.0,458.0,2.2673559868534965e-06,0.9994926278238706,C
Product_2020,86.75373134328358,108.89440539956944,11625,134,1.2552129310574027,31665.111940298502,1258.0,607.276119402985,553.0,1160.0,2.2642396140513613e-06,0.9994948920634846,C
Product_0370,203.50877192982452,141.37704435897362,11600,57,0.6946975455570256,74280.70175438595,1927.0,1424.561403508772,909.0,2334.0,2.259370281548025e-06,0.9994971514337662,C
Product_0435,172.56716417910448,315.66222952373766,11562,67,1.829213750051066,62987.014925373136,1775.0,1207.9701492537313,1486.0,2694.0,2.2519688961429538e-06,0.9994994034026624,C
Product_2024,99.56896551724138,142.87356673634216,11550,116,1.4349206702524406,36342.6724137931,1348.0,696.9827586206897,703.0,1400.0,2.249631616541352e-06,0.9995016530342788,C
Product_2145,88.94573643410853,186.7966938812388,11474,129,2.100119706351735,32465.19379844961,1274.0,622.6201550387597,864.0,1487.0,2.23482884573121e-06,0.9995038878631246,C
Product_0900,184.67741935483872,276.7772243895297,11450,62,1.498706367873436,67407.25806451614,1836.0,1292.741935483871,1349.0,2642.0,2.2301542865280075e-06,0.9995061180174112,C
Product_0678,144.30379746835442,178.12185071838624,11400,79,1.2343531760309223,52670.88607594936,1623.0,1010.1265822784808,909.0,1919.0,2.220415621521335e-06,0.9995083384330328,C
Product_0246,192.20338983050848,421.2750260512933,11340,59,2.1918189186090213,70154.2372881356,1873.0,1345.4237288135594,1939.0,3284.0,2.208729223513328e-06,0.9995105471622562,C
Product_0377,163.768115942029,99.95736516540384,11300,69,0.6103591324259171,59775.36231884058,1729.0,1146.376811594203,692.0,1838.0,2.20093829150799e-06,0.9995127481005476,C
Product_0282,48.62068965517241,100.2066829624892,11280,232,2.0609885148313385,17746.55172413793,942.0,340.34482758620686,464.0,804.0,2.197042825505321e-06,0.9995149451433732,C
Product_0313,58.442708333333336,113.59806451119384,11221,192,1.9437508587602896,21331.588541666668,1033.0,409.09895833333337,530.0,939.0,2.185551200797447e-06,0.999517130694574,C
Product_0274,162.17391304347825,212.80942568975675,11190,69,1.3122297026446128,59193.47826086956,1720.0,1135.2173913043478,1069.0,2204.0,2.1795132284933105e-06,0.9995193102078024,C
Product_0639,9.18631492168178,17.586042433466954,11143,1213,1.914373999084216,3353.00494641385,409.0,64.30420445177246,82.0,146.0,2.170358883387038e-06,0.999521480566686,C
Product_0770,55.25,44.38227610387735,11050,200,0.803299115002305,20166.25,1004.0,386.75,265.0,652.0,2.152244966474627e-06,0.9995236328116524,C
Product_1125,69.88607594936708,113.82671905352898,11042,158,1.6287467497244683,25508.417721518985,1129.0,489.2025316455696,546.0,1035.0,2.15068678007356e-06,0.9995257834984324,C
Product_0524,40.87037037037037,57.28402019867792,11035,270,1.4016026691112855,14917.685185185186,864.0,286.0925925925926,283.0,569.0,2.1493233669726257e-06,0.9995279328217994,C
Product_0515,118.01075268817203,228.4673649334729,10975,93,1.9359876937415017,43073.9247311828,1468.0,826.0752688172043,1067.0,1893.0,2.1376369689646184e-06,0.9995300704587684,C
Product_0317,42.7734375,79.91747850187741,10950,256,1.8683903649753988,15612.3046875,884.0,299.4140625,375.0,674.0,2.1327676364612823e-06,0.9995322032264048,C
Product_1087,74.36054421768708,103.26823336156966,10931,147,1.3887503708856224,27141.598639455784,1165.0,520.5238095238095,512.0,1033.0,2.1290669437587464e-06,0.9995343322933486,C
Product_0255,73.8108108108108,120.47476103149826,10924,148,1.6322102373363,26940.945945945943,1161.0,516.6756756756756,578.0,1095.0,2.1277035306578124e-06,0.9995364599968792,C
Product_0899,454.4166666666667,470.661691171304,10906,24,1.0357491828453416,165862.08333333334,2880.0,3180.916666666667,2536.0,5717.0,2.1241976112554103e-06,0.9995385841944906,C
Product_0847,44.13061224489796,68.08871444270105,10812,245,1.5428907730726744,16107.673469387755,897.0,308.9142857142857,330.0,639.0,2.105888921042866e-06,0.9995406900834116,C
Product_0325,12.465974625144176,19.46014302547912,10808,867,1.561060696066839,4550.080738177624,477.0,87.26182237600923,94.0,181.0,2.105109827842332e-06,0.9995427951932394,C
Product_1890,308.57142857142856,404.657755590652,10800,35,1.3113908745993352,112628.57142857142,2373.0,2160.0,2033.0,4193.0,2.1035516414412647e-06,0.9995448987448808,C
Product_1671,17.630114566284778,42.138577121090975,10772,611,2.390147662549813,6434.991816693944,567.0,123.41080196399344,192.0,315.0,2.098097989037528e-06,0.99954699684287,C
Product_0505,20.08239700374532,45.67542670983374,10724,534,2.2744011435146603,7330.074906367041,605.0,140.57677902621722,209.0,350.0,2.088748870631122e-06,0.9995490855917404,C
Product_1958,66.58385093167702,46.24804847318034,10720,161,0.694583563822951,24303.105590062118,1102.0,466.0869565217391,297.0,763.0,2.0879697774305885e-06,0.999551173561518,C
Product_0610,78.60740740740741,104.86786969312656,10612,135,1.3340710901406037,28691.703703703704,1198.0,550.2518518518518,525.0,1075.0,2.066934261016176e-06,0.9995532404957788,C
Product_0910,163.07692307692307,119.33308265265175,10600,65,0.7317594690964495,59523.07692307692,1725.0,1141.5384615384614,747.0,1889.0,2.0645969814145744e-06,0.9995553050927602,C
Product_1592,168.25396825396825,121.58283625869504,10600,63,0.7226149702167725,61412.69841269841,1752.0,1177.7777777777778,766.0,1944.0,2.0645969814145744e-06,0.9995573696897416,C
Product_1517,286.4864864864865,218.7872662379323,10600,37,0.7636914010191976,104567.56756756756,2287.0,2005.4054054054056,1340.0,3345.0,2.0645969814145744e-06,0.999559434286723,C
Product_1089,57.21311475409836,78.45656348917352,10470,183,1.3713038317591932,20882.786885245903,1022.0,400.49180327868856,390.0,790.0,2.039276452397226e-06,0.9995614735631754,C
Product_0622,67.08333333333333,85.70790292415231,10465,156,1.277633335515314,24485.416666666664,1106.0,469.5833333333333,433.0,903.0,2.0383025858965585e-06,0.9995635118657612,C
Product_0774,55.0531914893617,76.70345243487009,10350,188,1.393260778527109,20094.41489361702,1002.0,385.3723404255319,380.0,765.0,2.015903656381212e-06,0.9995655277694176,C
Product_1611,141.0958904109589,136.25508801749197,10300,73,0.9656914005123216,51500.0,1605.0,987.6712328767125,753.0,1741.0,2.0061649913745395e-06,0.999567533934409,C
Product_2100,257.15,565.9903754731215,10286,40,2.201012543158163,93859.75,2166.0,1800.0499999999995,2604.0,4404.0,2.003438165172671e-06,0.999569537372574,C
Product_0566,256.425,508.6000840668634,10257,40,1.9834262808496184,93595.125,2163.0,1794.975,2369.0,4164.0,1.997789739468801e-06,0.9995715351623136,C
Product_1082,104.30927835051548,199.8242123730642,10118,97,1.9156897213072963,38072.886597938144,1380.0,730.1649484536083,935.0,1665.0,1.9707162507502517e-06,0.9995735058785644,C
Product_2110,80.888,121.16732073006824,10111,125,1.497964107532245,29524.120000000003,1215.0,566.216,591.0,1157.0,1.9693528376493173e-06,0.999575475231402,C
Product_2115,68.25675675675676,150.95321262899728,10102,148,2.2115497395655908,24913.716216216217,1116.0,477.7972972972973,694.0,1172.0,1.967599877948116e-06,0.99957744283128,C
Product_1597,214.89361702127655,168.08217892273814,10100,47,0.7821645949869993,78436.17021276595,1980.0,1504.255319148936,1017.0,2521.0,1.967210331347849e-06,0.9995794100416112,C
Product_0345,36.90441176470589,50.92775849799954,10038,272,1.3799910650982143,13470.110294117649,821.0,258.3308823529412,253.0,511.0,1.9551343867395755e-06,0.999581365175998,C
Product_1122,42.16033755274262,62.682746631822894,9992,237,1.4867705115834693,15388.523206751055,877.0,295.12236286919835,306.0,601.0,1.9461748149334367e-06,0.9995833113508128,C
Product_0773,50.51020408163265,67.36616283671465,9900,196,1.333713930908694,18436.22448979592,960.0,353.57142857142856,337.0,691.0,1.92825567132116e-06,0.9995852396064844,C
Product_0679,89.27272727272727,126.86559449231396,9820,110,1.4211013639668568,32584.54545454545,1276.0,624.9090909090909,625.0,1250.0,1.912673807310483e-06,0.9995871522802916,C
Product_0218,51.441489361702125,119.56047753394218,9671,188,2.324203265058539,18776.14361702128,969.0,360.0904255319149,547.0,907.0,1.8836525855905991e-06,0.9995890359328772,C
Product_2140,104.84782608695652,234.31250546012777,9646,92,2.2347864920518097,38269.45652173913,1383.0,733.9347826086956,1076.0,1810.0,1.8787832530872629e-06,0.9995909147161304,C
Product_1180,51.20855614973262,53.94356201983663,9576,187,1.0534091580732508,18691.122994652407,967.0,358.4598930481284,289.0,647.0,1.8651491220779211e-06,0.9995927798652524,C
Product_0454,26.03021978021978,56.18624743701516,9475,364,2.1585006930948305,9501.03021978022,689.0,182.21153846153845,259.0,441.0,1.8454770187644428e-06,0.9995946253422712,C
Product_0780,29.825396825396822,61.22204020163252,9395,315,2.052681496914768,10886.26984126984,738.0,208.77777777777777,284.0,493.0,1.8298951547537668e-06,0.9995964552374258,C
Product_0686,120.51948051948052,144.3305426324196,9280,77,1.1975702352043436,43989.61038961039,1483.0,843.6363636363636,743.0,1587.0,1.80749622523842e-06,0.999598262733651,C
Product_0729,52.10674157303371,66.37655684748333,9275,178,1.2738573713048014,19018.960674157304,975.0,364.747191011236,336.0,701.0,1.8065223587377528e-06,0.9996000692560096,C
Product_0762,50.13513513513514,68.88560230168085,9275,185,1.373998536475575,18299.324324324323,957.0,350.94594594594594,342.0,693.0,1.8065223587377528e-06,0.9996018757783685,C
Product_0464,49.294117647058826,94.07783392584903,9218,187,1.9085002109062448,17992.352941176472,948.0,345.05882352941177,440.0,785.0,1.795420280630146e-06,0.9996036711986492,C
Product_2052,64.59154929577464,133.62677752890687,9172,142,2.068796599335453,23575.915492957745,1086.0,452.1408450704225,619.0,1071.0,1.7864607088240074e-06,0.999605457659358,C
Product_0318,23.30534351145038,34.27795145670061,9159,393,1.4708194041361875,8506.45038167939,652.0,163.13740458015266,168.0,331.0,1.7839286559222724e-06,0.9996072415880138,C
Product_1786,12.382113821138212,31.29542004853368,9138,738,2.5274699054298373,4519.471544715448,475.0,86.67479674796749,142.0,229.0,1.77983841661947e-06,0.9996090214264304,C
Product_0243,126.06944444444444,157.22374174628047,9077,72,1.2471201284270346,46015.34722222222,1517.0,882.4861111111111,800.0,1682.0,1.7679572453113296e-06,0.9996107893836758,C
Product_0890,148.36065573770492,158.4632483981575,9050,61,1.0680948234571943,54151.63934426229,1645.0,1038.5245901639344,845.0,1884.0,1.7626983662077264e-06,0.999612552082042,C
Product_2075,83.79439252336448,205.02373255712573,8966,107,2.446747644837437,30584.95327102804,1237.0,586.5607476635514,934.0,1521.0,1.7463374089965166e-06,0.9996142984194508,C
Product_2158,40.55707762557078,75.7859139598072,8882,219,1.868623638504591,14803.333333333334,860.0,283.8995433789954,356.0,640.0,1.7299764517853069e-06,0.9996160283959028,C
Product_0695,49.71910112359551,82.97899656162333,8850,178,1.6689560890360398,18147.47191011236,953.0,348.03370786516854,396.0,744.0,1.7237437061810362e-06,0.9996177521396088,C
Product_0544,24.08516483516484,97.9168472757039,8767,364,4.065442273110097,8791.085164835165,663.0,168.59615384615384,433.0,602.0,1.70757752226996e-06,0.9996194597171312,C
Product_2146,75.8,87.18765806751692,8717,115,1.1502329560358433,27667.0,1176.0,530.6,454.0,985.0,1.6978388572632874e-06,0.9996211575559883,C
Product_0759,68.30708661417323,91.36578427772028,8675,127,1.3375740176680662,24932.08661417323,1117.0,478.1496062992126,457.0,935.0,1.6896583786576824e-06,0.9996228472143672,C
Product_0725,46.891891891891895,38.22401346850462,8675,185,0.8151518722390034,17115.54054054054,925.0,328.2432432432433,227.0,555.0,1.6896583786576824e-06,0.9996245368727458,C
Product_0988,180.20833333333331,196.4416386000853,8650,48,1.0900807691102998,65776.04166666667,1814.0,1261.4583333333337,1040.0,2301.0,1.6847890461543462e-06,0.999626221661792,C
Product_1056,48.77966101694916,59.23146079248519,8634,177,1.2142655270175906,17804.57627118644,944.0,341.4576271186441,304.0,645.0,1.681672673352211e-06,0.9996279033344652,C
Product_0468,110.25641025641026,34.52739770300091,8600,78,0.3131554675388454,40243.58974358974,1419.0,771.7948717948718,393.0,1165.0,1.6750503811476736e-06,0.9996295783848465,C
Product_0471,12.5453216374269,48.76725726054634,8581,684,3.887286326327199,4579.042397660818,478.0,87.8172514619883,216.0,304.0,1.671349688445138e-06,0.9996312497345348,C
Product_0570,59.576388888888886,89.23173099430109,8579,144,1.4977700504929896,21745.38194444444,1043.0,417.0347222222222,435.0,852.0,1.6709601418448712e-06,0.9996329206946768,C
Product_0730,57.21476510067114,65.13339366030272,8525,149,1.1384018364088098,20883.389261744967,1022.0,400.5033557046981,340.0,741.0,1.660442383637665e-06,0.9996345811370604,C
Product_1957,45.319148936170215,41.12592186856358,8520,188,0.9074733933438912,16541.48936170213,909.0,317.2340425531915,233.0,550.0,1.6594685171369976e-06,0.9996362406055774,C
Product_0375,122.46376811594205,236.16672698043496,8450,69,1.9284620309644984,44699.27536231884,1495.0,857.2463768115942,1104.0,1961.0,1.645834386127656e-06,0.9996378864399637,C
Product_0437,142.76271186440678,159.87250728509406,8423,59,1.1198477893648997,52108.38983050847,1614.0,999.3389830508474,839.0,1838.0,1.640575507024053e-06,0.9996395270154704,C
Product_1613,251.5151515151515,132.57359305592337,8300,33,0.5270998278127074,91803.0303030303,2142.0,1760.6060606060605,1009.0,2770.0,1.6166183911076386e-06,0.9996411436338616,C
Product_2056,23.2909604519774,36.13113631674912,8245,354,1.5512943912831034,8501.200564971752,652.0,163.0367231638418,175.0,338.0,1.6059058596002987e-06,0.9996427495397212,C
Product_2127,84.76288659793815,212.9205041987441,8222,97,2.5119543793819243,30938.453608247422,1244.0,593.340206185567,968.0,1561.0,1.6014260736972293e-06,0.9996443509657952,C
Product_0394,20.85204081632653,38.886529741195815,8174,392,1.8648788424943428,7610.994897959184,617.0,145.96428571428572,183.0,329.0,1.5920769552908238e-06,0.9996459430427505,C
Product_2106,70.40517241379311,179.1600197272418,8167,116,2.544699680220405,25697.88793103449,1134.0,492.8362068965517,813.0,1306.0,1.5907135421898896e-06,0.9996475337562926,C
Product_0631,8.712754555198286,11.300471818779572,8129,933,1.297003346896462,3180.1554126473743,399.0,60.989281886388,57.0,118.0,1.5833121567848186e-06,0.9996491170684494,C
Product_0491,23.37463976945245,28.859000300643096,8111,347,1.2346286653092289,8531.743515850145,653.0,163.62247838616716,147.0,311.0,1.5798062373824165e-06,0.9996506968746868,C
Product_0917,106.3157894736842,162.03573355086962,8080,76,1.5240984838943183,38805.26315789473,1393.0,744.2105263157895,787.0,1531.0,1.5737682650782794e-06,0.9996522706429518,C
Product_0493,41.75916230366492,433.6642099079471,7976,191,10.384887674575966,15242.094240837696,873.0,292.31413612565444,1892.0,2184.0,1.5535118418644006e-06,0.9996538241547936,C
Product_1722,29.072992700729927,63.219153104229896,7966,274,2.1744976086566647,10611.642335766424,728.0,203.5109489051095,291.0,495.0,1.551564108863066e-06,0.9996553757189024,C
Product_0180,59.4812030075188,159.98141944688066,7911,133,2.6896130434123533,21710.639097744363,1042.0,416.3684210526316,723.0,1139.0,1.5408515773557262e-06,0.9996569165704798,C
Product_2071,85.72826086956522,128.30835996342026,7887,92,1.496686841211445,31290.815217391304,1251.0,600.0978260869565,626.0,1226.0,1.5361770181525236e-06,0.999658452747498,C
Product_0104,42.193548387096776,47.91033473445908,7848,186,1.1354895846851922,15400.645161290324,878.0,295.35483870967744,250.0,545.0,1.528580859447319e-06,0.9996599813283574,C
Product_2134,108.84722222222224,196.3212845127564,7837,72,1.8036407407067063,39729.23611111112,1409.0,761.9305555555557,926.0,1688.0,1.526438353145851e-06,0.9996615077667106,C
Product_0460,23.793846153846157,48.62901853312256,7733,325,2.043764518720397,8684.753846153846,659.0,166.55692307692308,226.0,393.0,1.5061819299319722e-06,0.9996630139486404,C
Product_0172,10.884344146685471,22.32099276073756,7717,709,2.050743017670458,3972.7856135401976,446.0,76.1904090267983,104.0,180.0,1.503065557129837e-06,0.9996645170141976,C
Product_1192,256.6666666666667,127.80193008453878,7700,30,0.4979295977319692,93683.33333333334,2164.0,1796.6666666666667,1011.0,2808.0,1.4997544110275683e-06,0.9996660167686088,C
Product_0653,57.59398496240601,57.776350094237465,7660,133,1.0031663919756637,21021.804511278195,1025.0,403.1578947368421,315.0,718.0,1.4919634790222302e-06,0.9996675087320877,C
Product_2101,272.8928571428572,584.4673003105265,7641,28,2.1417464217634787,99605.89285714288,2232.0,1910.25,2697.0,4607.0,1.4882627863196947e-06,0.999668996994874,C
Product_0761,40.55851063829788,30.601488585562176,7625,188,0.7545022759456641,14803.856382978724,860.0,283.9095744680851,189.0,473.0,1.4851464135175597e-06,0.9996704821412876,C
Product_0903,87.35632183908046,72.82441084019011,7600,87,0.8336478609337552,31885.05747126437,1263.0,611.4942528735633,428.0,1039.0,1.4802770810142232e-06,0.9996719624183684,C
Product_0006,230.3030303030303,121.15292114938995,7600,33,0.5260587365697196,84060.60606060606,2050.0,1612.1212121212122,923.0,2535.0,1.4802770810142232e-06,0.9996734426954496,C
Product_0796,17.6046511627907,22.00777520465094,7570,430,1.2501114052840032,6425.697674418605,567.0,123.23255813953487,112.0,235.0,1.4744338820102198e-06,0.9996749171293317,C
Product_0687,140.1851851851852,362.46790744467785,7570,54,2.5856363278748487,51167.59259259259,1599.0,981.2962962962964,1643.0,2624.0,1.4744338820102198e-06,0.9996763915632136,C
Product_0913,98.05194805194805,88.42241560645964,7550,77,0.901791523403628,35788.96103896104,1338.0,686.3636363636363,502.0,1188.0,1.4705384160075506e-06,0.9996778621016296,C
Product_0302,44.22352941176471,79.55272546859334,7518,170,1.7988778038921078,16141.58823529412,898.0,309.56470588235294,376.0,686.0,1.4643056704032804e-06,0.9996793264073,C
Product_0429,250.0,181.46910062806452,7500,30,0.7258764025122582,91250.0,2136.0,1750.0,1140.0,2890.0,1.4607997510008785e-06,0.999680787207051,C
Product_2157,31.408510638297876,48.55091533896097,7381,235,1.5457885252209491,11464.106382978724,757.0,219.8595744680851,235.0,455.0,1.4376217282849976e-06,0.9996822248287792,C
Product_1057,52.92086330935252,66.49322344770695,7356,139,1.256465206529536,19316.11510791367,983.0,370.4460431654677,338.0,708.0,1.4327523957816611e-06,0.9996836575811752,C
Product_0132,68.6822429906542,120.52257270225604,7349,107,1.7547850427461418,25069.018691588783,1120.0,480.7757009345794,571.0,1052.0,1.4313889826807272e-06,0.9996850889701578,C
Product_0951,17.58992805755396,20.60508232312816,7335,417,1.1714136780837685,6420.323741007195,567.0,123.1294964028777,107.0,230.0,1.428662156478859e-06,0.9996865176323144,C
Product_2112,82.79545454545455,219.7462569655414,7286,88,2.6540860023288007,30220.340909090908,1229.0,579.5681818181819,994.0,1574.0,1.4191182647723198e-06,0.9996879367505792,C
Product_0342,22.346625766871167,50.443321774606005,7285,326,2.257312683393488,8156.518404907976,639.0,156.42638036809817,232.0,388.0,1.4189234914721864e-06,0.9996893556740706,C
Product_0745,41.19318181818182,38.17998217601783,7250,176,0.9268519811005708,15035.511363636364,867.0,288.35227272727275,214.0,502.0,1.4121064259675157e-06,0.9996907677804966,C
Product_0781,17.444987775061126,22.541085159307737,7135,409,1.2921238724816908,6367.420537897311,564.0,122.11491442542788,114.0,236.0,1.3897074964521687e-06,0.999692157487993,C
Product_0316,44.45,77.45753959590746,7112,160,1.742576818805567,16224.250000000002,901.0,311.15000000000003,367.0,678.0,1.3852277105490995e-06,0.9996935427157037,C
Product_0289,21.20359281437126,38.80288818112726,7082,334,1.8300147772516948,7739.31137724551,622.0,148.4251497005988,183.0,331.0,1.379384511545096e-06,0.999694922100215,C
Product_0285,70.8,131.1925102567778,7080,100,1.8530015572991216,25842.0,1137.0,495.6,617.0,1113.0,1.378994964944829e-06,0.99969630109518,C
Product_2130,58.86666666666667,122.80139963983063,7064,120,2.086093991616602,21486.33333333333,1036.0,412.06666666666666,568.0,980.0,1.3758785921426938e-06,0.9996976769737722,C
Product_0459,29.30290456431535,74.33922495243245,7062,241,2.536923423043928,10695.560165975105,731.0,205.12033195020743,338.0,543.0,1.375489045542427e-06,0.9996990524628178,C
Product_0741,37.3015873015873,27.120084565295404,7050,189,0.7270490755802597,13615.079365079366,825.0,261.11111111111114,170.0,431.0,1.3731517659408254e-06,0.9997004256145836,C
Product_1027,333.6190476190476,478.57031627447145,7006,21,1.4344813933434055,121770.95238095237,2467.0,2335.333333333333,2354.0,4689.0,1.3645817407349536e-06,0.9997017901963244,C
Product_0733,15.956719817767654,25.400813351076074,7005,439,1.5918568252851386,5824.202733485194,540.0,111.69703872437358,122.0,234.0,1.3643869674348202e-06,0.9997031545832918,C
Product_1815,9.465116279069768,19.76339013626562,6919,731,2.0880240193106183,3454.7674418604656,416.0,66.25581395348837,91.0,157.0,1.3476364636233437e-06,0.9997045022197556,C
Product_0272,123.39285714285714,131.33270430772075,6910,56,1.064346084114669,45038.392857142855,1501.0,863.75,701.0,1565.0,1.3458835039221424e-06,0.9997058481032594,C
Product_0821,13.116634799235182,13.311324168009596,6860,523,1.0148429358409647,4787.571701720842,489.0,91.81644359464627,72.0,164.0,1.3361448389154698e-06,0.9997071842480982,C
Product_0241,342.4,625.4530484292754,6848,20,1.8266736227490523,124976.0,2500.0,2396.8,2946.0,5343.0,1.3338075593138683e-06,0.9997085180556576,C
Product_1678,12.382084095063986,24.08057081729351,6773,547,1.9447914125290933,4519.460694698355,475.0,86.6745886654479,112.0,199.0,1.3191995618038597e-06,0.9997098372552192,C
Product_1676,15.995260663507109,39.10774417484287,6750,422,2.444958228412399,5838.270142180095,540.0,111.96682464454976,178.0,290.0,1.3147197759007905e-06,0.9997111519749952,C
Product_0720,14.694989106753813,14.945848284713144,6745,459,1.0170710693377811,5363.671023965142,518.0,102.86492374727668,81.0,184.0,1.3137459094001231e-06,0.9997124657209048,C
Product_1049,61.30909090909091,41.141007345524535,6744,110,0.6710425278777726,22377.818181818184,1058.0,429.1636363636364,270.0,699.0,1.3135511360999897e-06,0.9997137792720407,C
Product_0682,80.60240963855422,78.26392804573014,6690,83,0.9709874481009868,29419.87951807229,1213.0,564.2168674698795,432.0,996.0,1.3030333778927834e-06,0.9997150823054186,C
Product_0732,19.01994301994302,37.40461623149362,6676,351,1.966599804861333,6942.279202279203,589.0,133.13960113960115,174.0,307.0,1.300306551690915e-06,0.9997163826119704,C
Product_1175,27.004048582995956,39.08418035822234,6670,247,1.447345209667304,9856.477732793524,702.0,189.02834008097167,192.0,381.0,1.2991379118901145e-06,0.9997176817498822,C
Product_0663,61.19266055045872,35.58309967766642,6670,109,0.5814929332632143,22335.321100917437,1057.0,428.3486238532111,254.0,682.0,1.2991379118901145e-06,0.999718980887794,C
Product_1333,141.48936170212767,146.0788757070802,6650,47,1.0324371666515444,51643.6170212766,1607.0,990.4255319148936,788.0,1778.0,1.2952424458874451e-06,0.99972027613024,C
Product_1055,60.38181818181818,37.379772241289466,6642,110,0.6190567519635413,22039.36363636364,1050.0,422.6727272727273,257.0,680.0,1.2936842594863775e-06,0.9997215698144994,C
Product_1124,48.0072463768116,86.5971035385556,6625,138,1.8038340057842528,17522.644927536232,936.0,336.0507246376811,409.0,745.0,1.290373113384109e-06,0.9997228601876128,C
Product_0485,36.57458563535912,45.90837753939438,6620,181,1.2551988420891818,13349.723756906076,817.0,256.0220994475138,233.0,489.0,1.289399246883442e-06,0.9997241495868596,C
Product_1797,60.642201834862384,120.56406956129636,6610,109,1.988121570677958,22134.40366972477,1052.0,424.4954128440367,561.0,985.0,1.2874515138821072e-06,0.9997254370383736,C
Product_1094,12.21415270018622,16.962116065424674,6559,537,1.388726380108713,4458.165735567971,472.0,85.49906890130354,84.0,169.0,1.2775180755753013e-06,0.9997267145564492,C
Product_2121,46.40425531914894,58.76988766408042,6543,141,1.266476258694076,16937.55319148936,920.0,324.82978723404256,298.0,623.0,1.2744017027731662e-06,0.9997279889581518,C
Product_0688,87.2,74.6081656280221,6540,75,0.8555982296791526,31828.0,1262.0,610.4,433.0,1043.0,1.2738173828727655e-06,0.9997292627755348,C
Product_2080,93.42857142857144,145.33934019914844,6540,70,1.555619849226359,34101.42857142857,1306.0,654.0,703.0,1357.0,1.2738173828727655e-06,0.9997305365929176,C
Product_0303,55.78632478632478,193.8693938721167,6527,117,3.4752135871055083,20362.008547008547,1009.0,390.5042735042735,863.0,1254.0,1.271285329971031e-06,0.9997318078782476,C
Product_0898,240.74074074074076,181.89020200122263,6500,27,0.7555439160050786,87870.37037037036,2096.0,1685.1851851851852,1120.0,2805.0,1.266026450867428e-06,0.9997330739046986,C
Product_2155,45.5886524822695,72.44318669747702,6428,141,1.589061811503463,16639.858156028367,912.0,319.12056737588654,349.0,668.0,1.2520027732578193e-06,0.9997343259074718,C
Product_0742,50.59055118110236,48.638666819838406,6425,127,0.9614180056217084,18465.55118110236,961.0,354.13385826771656,269.0,623.0,1.251418453357419e-06,0.9997355773259252,C
Product_2105,46.1294964028777,95.4630085829876,6412,139,2.0694569858133622,16837.26618705036,918.0,322.9064748201439,442.0,765.0,1.248886400455684e-06,0.9997368262123256,C
Product_0198,66.33684210526316,184.77137169602935,6302,95,2.785350731691969,24212.947368421053,1100.0,464.3578947368421,833.0,1297.0,1.2274613374410049e-06,0.999738053673663,C
Product_0103,21.336734693877556,47.383759810068334,6273,294,2.22075966589512,7787.908163265307,624.0,149.35714285714286,218.0,367.0,1.2218129117371345e-06,0.9997392754865748,C
Product_0216,51.66115702479339,145.4026910410652,6251,121,2.814545771231625,18856.322314049587,971.0,361.6280991735537,655.0,1017.0,1.217527899134199e-06,0.999740493014474,C
Product_1121,40.0,73.14034233868036,6240,156,1.8285085584670089,14600.0,854.0,280.0,344.0,624.0,1.2153853928327306e-06,0.9997417083998668,C
Product_0455,38.00613496932515,88.0237409706921,6195,163,2.316040319325716,13872.23926380368,833.0,266.04294478527606,403.0,669.0,1.2066205943267254e-06,0.9997429150204612,C
Product_0142,131.06382978723406,419.75735248786606,6160,47,3.202694085540536,47838.29787234043,1547.0,917.4468085106384,1877.0,2794.0,1.1998035288220546e-06,0.99974411482399,C
Product_1059,40.23529411764706,24.899737027221143,6156,153,0.6188531132496484,14685.882352941177,857.0,281.6470588235294,171.0,453.0,1.199024435621521e-06,0.9997453138484256,C
Product_0299,45.91044776119403,70.61123711787523,6152,134,1.5380210945701045,16757.31343283582,915.0,321.3731343283582,342.0,663.0,1.198245342420987e-06,0.999746512093768,C
Product_1053,17.165266106442576,18.521567241707725,6128,357,1.0790142795838216,6265.322128851541,560.0,120.15686274509804,98.0,218.0,1.193570783217784e-06,0.9997477056645512,C
Product_0726,51.90677966101695,45.42731346166311,6125,118,0.8751711001593873,18945.974576271183,973.0,363.3474576271186,261.0,624.0,1.192986463317384e-06,0.9997488986510144,C
Product_0245,225.77777777777777,439.3033237484212,6096,27,1.9457332252636768,82408.88888888889,2030.0,1580.4444444444443,2051.0,3631.0,1.187338037613514e-06,0.999750085989052,C
Product_1120,25.375,39.77753250328894,6090,240,1.5675874878143423,9261.875,681.0,177.625,192.0,370.0,1.186169397812713e-06,0.99975127215845,C
Product_1798,51.36752136752137,116.04031688573303,6010,117,2.2590211440317414,18749.1452991453,968.0,359.5726495726496,533.0,893.0,1.1705875338020371e-06,0.9997524427459836,C
Product_1688,14.12293144208038,35.10335476214346,5974,423,2.485557258852809,5154.869976359339,508.0,98.86052009456264,160.0,259.0,1.163575694997233e-06,0.9997536063216788,C
Product_0157,23.31496062992126,80.42291384759429,5922,254,3.449412380494588,8509.96062992126,652.0,163.20472440944883,358.0,521.0,1.1534474833902931e-06,0.9997547597691622,C
Product_0587,74.81012658227849,68.93364999233555,5910,79,0.921448113264722,27305.69620253165,1168.0,523.6708860759494,388.0,912.0,1.151110203788692e-06,0.999755910879366,C
Product_1123,49.54621848739496,87.96154281980276,5896,119,1.7753432149858426,18084.36974789916,951.0,346.8235294117647,416.0,763.0,1.1483833775868236e-06,0.9997570592627436,C
Product_0292,24.722689075630253,41.70873981199391,5884,238,1.687063235087449,9023.781512605045,672.0,173.05882352941177,199.0,372.0,1.1460460979852223e-06,0.9997582053088416,C
Product_0728,35.24096385542169,34.49552992084478,5850,166,0.978847515702604,12862.951807228916,802.0,246.68674698795184,190.0,437.0,1.139423805780685e-06,0.9997593447326474,C
Product_0710,44.27480916030535,49.08439411009987,5800,131,1.1086302807626005,16160.30534351145,899.0,309.92366412213744,259.0,569.0,1.1296851407740124e-06,0.999760474417788,C
Product_0706,52.72727272727273,62.4743483639719,5800,110,1.1848583310408465,19245.454545454544,981.0,369.09090909090907,323.0,692.0,1.1296851407740124e-06,0.9997616041029288,C
Product_0584,62.96703296703296,106.061769271962,5730,91,1.6844015713348242,22982.967032967037,1072.0,440.7692307692307,506.0,947.0,1.116051009764671e-06,0.9997627201539386,C
Product_0354,16.03361344537815,29.311270057023684,5724,357,1.828113803346865,5852.268907563025,541.0,112.23529411764706,138.0,250.0,1.11488236996387e-06,0.9997638350363086,C
Product_2165,16.073033707865168,23.43706593204632,5722,356,1.4581606906341296,5866.657303370786,542.0,112.51123595505618,115.0,228.0,1.1144928233636033e-06,0.999764949529132,C
Product_1177,27.99019607843137,34.77414675761269,5710,204,1.2423688158586672,10216.421568627453,715.0,195.9313725490196,177.0,373.0,1.112155543762002e-06,0.9997660616846756,C
Product_2160,48.22222222222222,68.3062463836153,5642,117,1.4164889803053864,17601.11111111111,938.0,337.55555555555554,337.0,675.0,1.098910959352927e-06,0.9997671605956352,C
Product_0844,31.662921348314608,66.09399979950226,5636,178,2.087425827592513,11556.966292134832,760.0,221.64044943820227,306.0,528.0,1.0977423195521263e-06,0.9997682583379548,C
Product_0816,10.992172211350294,12.628474570514374,5617,511,1.14886069174521,4012.142857142857,448.0,76.94520547945206,66.0,143.0,1.094041626849591e-06,0.9997693523795816,C
Product_2113,53.35238095238096,90.9028413019998,5602,105,1.703819767352727,19473.61904761905,987.0,373.4666666666667,433.0,806.0,1.0911200273475892e-06,0.9997704434996088,C
Product_0787,34.78260869565217,29.996603068550517,5600,161,0.8624023382208273,12695.652173913042,797.0,243.4782608695652,174.0,417.0,1.0907304807473224e-06,0.9997715342300896,C
Product_0738,14.346153846153848,20.391935325029294,5595,390,1.4214217652835437,5236.346153846154,512.0,100.42307692307692,101.0,201.0,1.0897566142466552e-06,0.999772623986704,C
Product_0758,40.74074074074074,27.273617168924613,5500,135,0.6694433305099677,14870.37037037037,862.0,285.1851851851852,179.0,464.0,1.0712531507339772e-06,0.9997736952398546,C
Product_0662,62.27272727272727,75.27310082239882,5480,88,1.2087651226954554,22729.545454545456,1066.0,435.9090909090909,386.0,822.0,1.0673576847313083e-06,0.9997747625975392,C
Product_2039,5.744973544973545,9.747964728051786,5429,945,1.6967814824109295,2096.915343915344,324.0,40.214814814814815,46.0,86.0,1.0574242464245023e-06,0.9997758200217856,C
Product_2070,128.71428571428572,152.3295986347009,5406,42,1.1834707996036693,46980.71428571429,1533.0,901.0,787.0,1688.0,1.052944460521433e-06,0.9997768729662462,C
Product_1778,41.18320610687023,73.64946096483695,5395,131,1.7883372356614715,15031.870229007634,867.0,288.2824427480916,348.0,636.0,1.050801954219965e-06,0.9997779237682004,C
Product_0545,29.83333333333333,48.36401774346815,5370,180,1.621140259557592,10889.166666666666,738.0,208.8333333333333,232.0,441.0,1.0459326217166287e-06,0.999778969700822,C
Product_0405,46.80701754385965,59.65563080381818,5336,114,1.2745018575028622,17084.56140350877,924.0,327.64912280701753,302.0,630.0,1.0393103295120914e-06,0.9997800090111516,C
Product_0846,35.35333333333333,66.12415987379849,5303,150,1.8703797814576228,12903.966666666664,803.0,247.47333333333333,310.0,557.0,1.0328828106076877e-06,0.9997810418939622,C
Product_1594,240.9090909090909,136.83180815491596,5300,22,0.5679810904543682,87931.81818181818,2097.0,1686.3636363636365,991.0,2677.0,1.0322984907072872e-06,0.9997820741924528,C
Product_0719,19.646840148698885,60.60766446451929,5285,269,3.084855580124066,7171.096654275093,599.0,137.5278810408922,272.0,410.0,1.0293768912052856e-06,0.999783103569344,C
Product_0621,5.739367502726282,9.456906906901365,5263,917,1.64772632217909,2094.869138495093,324.0,40.17557251908397,45.0,85.0,1.0250918786023496e-06,0.9997841286612228,C
Product_0919,80.61538461538461,61.66636347811816,5240,65,0.7649453484881069,29424.615384615383,1213.0,564.3076923076923,377.0,941.0,1.0206120926992802e-06,0.9997851492733154,C
Product_0364,8.5900826446281,16.037019492363793,5197,605,1.866922607827611,3135.380165289256,396.0,60.130578512396696,75.0,135.0,1.0122368407935418e-06,0.9997861615101562,C
Product_0786,14.415041782729803,15.14613717872636,5175,359,1.0507175356836258,5261.490250696379,513.0,100.90529247910864,81.0,182.0,1.007951828190606e-06,0.9997871694619844,C
Product_2085,54.80851063829788,61.3116973167884,5152,94,1.1186528625345709,20005.106382978724,1000.0,383.6595744680851,322.0,706.0,1.0034720422875366e-06,0.9997881729340268,C
Product_0596,39.41538461538462,32.349301087638295,5124,130,0.8207277793506983,14386.615384615385,848.0,275.90769230769234,191.0,467.0,9.980183898838e-07,0.9997891709524166,C
Product_0815,10.13069306930693,10.141594206555888,5116,505,1.001076050490759,3697.70297029703,430.0,70.91485148514852,55.0,126.0,9.964602034827324e-07,0.99979016741262,C
Product_0668,17.16216216216216,30.16666788991442,5080,296,1.7577428534280846,6264.189189189189,560.0,120.13513513513512,143.0,263.0,9.894483646779282e-07,0.9997911568609849,C
Product_0323,11.303571428571429,22.48383532120441,5064,448,1.989091276441464,4125.803571428572,454.0,79.125,105.0,184.0,9.86331991875793e-07,0.9997921431929766,C
Product_0748,15.569659442724458,29.576891194660803,5029,323,1.8996492057815548,5682.925696594427,533.0,108.9876160990712,139.0,248.0,9.795149263711222e-07,0.999793122707903,C
Product_0760,37.78195488721804,27.97058475078738,5025,133,0.7403159744984521,13790.413533834586,830.0,264.4736842105263,174.0,438.0,9.787358331705883e-07,0.999794101443736,C
Product_0744,38.65384615384615,28.378589903964368,5025,130,0.7341724751274364,14108.653846153846,840.0,270.5769230769231,177.0,448.0,9.787358331705883e-07,0.9997950801795692,C
Product_1329,147.05882352941177,144.04396239205678,5000,34,0.9794989442659862,53676.470588235294,1638.0,1029.4117647058824,792.0,1821.0,9.73866500667252e-07,0.99979605404607,C
Product_1141,80.32786885245902,86.85653330089326,4900,61,1.081275210480508,29319.67213114754,1211.0,562.2950819672132,461.0,1023.0,9.543891706539071e-07,0.9997970084352408,C
Product_0513,56.2183908045977,64.8641559539083,4891,87,1.1537889118769211,20519.71264367816,1013.0,393.528735632184,337.0,731.0,9.52636210952706e-07,0.9997979610714516,C
Product_0290,19.881632653061224,32.26170948605891,4871,245,1.6226891447514746,7256.795918367346,602.0,139.17142857142858,155.0,294.0,9.48740744950037e-07,0.9997989098121964,C
Product_0298,56.51162790697674,87.7711924046966,4860,86,1.5531527874082116,20626.74418604651,1016.0,395.5813953488372,425.0,821.0,9.46598238648569e-07,0.9997998564104352,C
Product_0338,13.265193370165743,21.492286926498195,4802,362,1.6202015550587978,4841.795580110497,492.0,92.8563535911602,103.0,196.0,9.35301387240829e-07,0.9998007917118223,C
Product_2159,90.47169811320757,120.55905092742934,4795,53,1.332560938301096,33022.16981132075,1285.0,633.3018867924528,603.0,1236.0,9.339379741398948e-07,0.9998017256497966,C
Product_0332,12.24421593830334,23.510570088608976,4763,389,1.9201368390654825,4469.13881748072,473.0,85.70951156812339,110.0,196.0,9.277052285356244e-07,0.9998026533550252,C
Product_0817,9.309197651663403,10.58589023654,4757,511,1.137143138715985,3397.857142857143,412.0,65.16438356164383,55.0,120.0,9.265365887348236e-07,0.999803579891614,C
Product_2116,43.23636363636364,114.06371366760936,4756,110,2.638143083144876,15781.272727272726,888.0,302.6545454545454,516.0,819.0,9.263418154346902e-07,0.9998045062334294,C
Product_0749,14.889589905362776,24.58008968674657,4720,317,1.6508238200632763,5434.700315457413,521.0,104.22712933753942,118.0,222.0,9.19329976629886e-07,0.999805425563406,C
Product_0707,44.523809523809526,61.91854066154723,4675,105,1.3906838009545368,16251.190476190475,901.0,311.6666666666667,307.0,619.0,9.105651781238808e-07,0.9998063361285842,C
Product_0671,16.92753623188406,30.58559082756797,4672,276,1.8068542526559843,6178.550724637681,556.0,118.4927536231884,144.0,262.0,9.099808582234804e-07,0.9998072461094424,C
Product_0106,179.30769230769232,368.8758890717331,4662,26,2.057222890575946,65447.307692307695,1809.0,1255.1538461538462,1710.0,2965.0,9.080331252221458e-07,0.9998081541425676,C
Product_0291,29.18238993710692,55.07277755083216,4640,159,1.8871921617634293,10651.572327044025,730.0,204.27672955974845,258.0,462.0,9.0374811261921e-07,0.9998090578906802,C
Product_1118,14.839228295819936,25.733745976503247,4615,311,1.7341700972248124,5416.318327974277,520.0,103.87459807073957,122.0,226.0,8.988787801158737e-07,0.9998099567694604,C
Product_1325,139.3939393939394,193.551339990508,4600,33,1.3885204825406008,50878.78787878788,1595.0,975.757575757576,959.0,1935.0,8.95957180613872e-07,0.9998108527266408,C
Product_0702,48.67021276595744,57.42772705203336,4575,94,1.1799358126538002,17764.627659574468,942.0,340.6914893617021,297.0,638.0,8.910878481105357e-07,0.999811743814489,C
Product_0764,15.192691029900333,29.573796054405204,4573,301,1.946580496911429,5545.332225913621,527.0,106.34883720930232,138.0,244.0,8.906983015102688e-07,0.9998126345127906,C
Product_0569,52.63953488372093,67.10394268958422,4527,86,1.2747822114654832,19213.430232558138,980.0,368.4767441860465,340.0,708.0,8.817387297041301e-07,0.9998135162515204,C
Product_0448,44.12745098039216,81.89569211806912,4501,102,1.8558899346907467,16106.519607843136,897.0,308.8921568627451,385.0,694.0,8.766746239006604e-07,0.9998143929261442,C
Product_1323,150.0,178.5960574148767,4500,30,1.1906403827658447,54750.0,1655.0,1050.0,921.0,1971.0,8.764798506005269e-07,0.9998152694059949,C
Product_1727,38.81739130434783,42.75503101794615,4464,115,1.1014400911881288,14168.347826086958,842.0,271.7217391304348,226.0,498.0,8.694680117957227e-07,0.9998161388740066,C
Product_1618,9.5203426124197,14.37156801689848,4446,467,1.5095641619189362,3474.9250535331907,417.0,66.6423982869379,70.0,137.0,8.659620923933206e-07,0.9998170048360988,C
Product_0451,20.849056603773583,51.96987688431818,4420,212,2.4926728279356234,7609.905660377358,617.0,145.94339622641508,236.0,382.0,8.608979865898509e-07,0.9998178657340856,C
Product_0173,25.857988165680474,34.47744187594813,4370,169,1.333338141197994,9438.165680473374,687.0,181.00591715976333,172.0,353.0,8.511593215831784e-07,0.9998187168934072,C
Product_0444,38.73214285714285,68.49146486483376,4338,112,1.7683365755789262,14137.23214285714,841.0,271.125,324.0,595.0,8.449265759789079e-07,0.999819561819983,C
Product_1176,22.460732984293195,19.048892148665367,4290,191,0.8480975292296236,8198.167539267017,640.0,157.22513089005236,111.0,268.0,8.355774575725023e-07,0.9998203973974406,C
Product_0785,16.595330739299612,33.4124271882909,4265,257,2.0133631388958406,6057.295719844358,550.0,116.16731517509729,155.0,271.0,8.30708125069166e-07,0.9998212281055656,C
Product_0776,17.238866396761132,27.932766760067317,4258,247,1.620336634508367,6292.186234817813,561.0,120.67206477732792,134.0,255.0,8.29344711968232e-07,0.9998220574502776,C
Product_0360,1416.6666666666667,388.3726732577015,4250,3,0.274145416417201,517083.3333333334,5085.0,9916.666666666668,4957.0,14874.0,8.277865255671643e-07,0.9998228852368032,C
Product_0315,22.46276595744681,27.483854216174763,4223,188,1.2235293849492908,8198.909574468085,640.0,157.23936170212767,141.0,298.0,8.225276464635611e-07,0.9998237077644496,C
Product_0912,93.11111111111111,84.74084080896355,4190,45,0.9101044955616612,33985.555555555555,1304.0,651.7777777777778,479.0,1131.0,8.161001275591573e-07,0.9998245238645772,C
Product_1667,6.968386023294509,12.352219728618463,4188,601,1.772608418552936,2543.460898502496,357.0,48.77870216306157,58.0,107.0,8.157105809588903e-07,0.9998253395751582,C
Product_2156,34.51239669421488,60.506902595555054,4176,121,1.7531932983865328,12597.024793388431,794.0,241.5867768595041,287.0,529.0,8.13373301357289e-07,0.9998261529484596,C
Product_0708,46.91011235955056,47.64633927783057,4175,89,1.0156944181381846,17122.191011235955,925.0,328.3707865168539,258.0,586.0,8.131785280571555e-07,0.9998269661269876,C
Product_0632,8.427125506072874,9.554251681271769,4163,494,1.1337497791372215,3075.9008097165997,392.0,58.98987854251012,50.0,109.0,8.108412484555542e-07,0.999827776968236,C
Product_0884,122.29411764705884,210.15845816932267,4158,34,1.7184674309179824,44637.35294117647,1494.0,856.0588235294118,999.0,1855.0,8.098673819548868e-07,0.999828586835618,C
Product_1590,106.4102564102564,54.021787977151526,4150,39,0.5076746340021469,38839.74358974359,1394.0,744.8717948717949,422.0,1167.0,8.083091955538193e-07,0.9998293951448136,C
Product_0887,112.16216216216216,86.92701712532363,4150,37,0.7750119599125239,40939.18918918919,1431.0,785.1351351351351,528.0,1313.0,8.083091955538193e-07,0.9998302034540092,C
Product_0715,13.436482084690551,17.31102555842611,4125,307,1.2883599627725617,4904.315960912052,495.0,94.05537459283389,87.0,181.0,8.03439863050483e-07,0.9998310068938724,C
Product_0643,3.53516295025729,6.56914744300437,4122,1166,1.8582304508838172,1290.3344768439108,254.0,24.746140651801028,31.0,56.0,8.028555431500827e-07,0.9998318097494154,C
Product_1938,6.503174603174603,6.915972348894515,4097,630,1.063476343618146,2373.65873015873,345.0,45.52222222222223,37.0,83.0,7.979862106467464e-07,0.999832607735626,C
Product_1776,13.55813953488372,24.13753871449612,4081,301,1.780298738805031,4948.720930232558,497.0,94.90697674418604,114.0,209.0,7.948698378446112e-07,0.999833402605464,C
Product_0680,70.17241379310344,69.31978728949518,4070,58,0.9878495485972288,25612.93103448276,1132.0,491.2068965517241,380.0,871.0,7.927273315431432e-07,0.9998341953327956,C
Product_0970,66.39344262295081,43.752439432380825,4050,61,0.6589873593519088,24233.606557377047,1101.0,464.7540983606557,290.0,755.0,7.888318655404742e-07,0.999834984164661,C
Product_0601,58.69565217391305,24.187566292857078,4050,69,0.4120844627671945,21423.913043478264,1035.0,410.8695652173913,220.0,631.0,7.888318655404742e-07,0.9998357729965264,C
Product_1328,162.0,194.3364779619788,4050,25,1.19960788865419,59130.0,1719.0,1134.0,1000.0,2134.0,7.888318655404742e-07,0.999836561828392,C
Product_0124,19.180094786729857,36.30224684100502,4047,211,1.8927042459728345,7000.734597156397,592.0,134.260663507109,170.0,304.0,7.882475456400739e-07,0.9998373500759375,C
Product_1954,6.945017182130584,9.136961360785229,4042,582,1.315613931711282,2534.931271477664,356.0,48.61512027491409,46.0,95.0,7.872736791394066e-07,0.9998381373496168,C
Product_2091,41.58762886597938,72.06503899506905,4034,97,1.7328479877346794,15179.484536082477,871.0,291.1134020618557,342.0,633.0,7.857154927383391e-07,0.9998389230651096,C
Product_0827,14.390681003584229,25.995601161550265,4015,279,1.8064191093580384,5252.598566308244,512.0,100.7347670250896,123.0,224.0,7.820148000358034e-07,0.9998397050799096,C
Product_1318,160.0,194.72202409246535,4000,25,1.2170126505779086,58400.0,1709.0,1120.0,998.0,2118.0,7.790932005338017e-07,0.99984048417311,C
Product_1338,160.0,194.72202409246535,4000,25,1.2170126505779086,58400.0,1709.0,1120.0,998.0,2118.0,7.790932005338017e-07,0.9998412632663106,C
Product_0538,12.584126984126984,23.23039688859529,3964,315,1.846007825405529,4593.206349206349,479.0,88.08888888888889,109.0,197.0,7.720813617289975e-07,0.9998420353476724,C
Product_0242,208.42105263157896,405.9167013329861,3960,19,1.947580132658267,76073.68421052632,1950.0,1458.9473684210527,1895.0,3354.0,7.713022685284636e-07,0.9998428066499409,C
Product_1334,151.92307692307693,190.5154950290234,3950,26,1.254026043229015,55451.92307692308,1665.0,1063.4615384615386,968.0,2031.0,7.693545355271292e-07,0.9998435760044764,C
Product_0488,49.375,88.35119435697402,3950,80,1.7893912781159296,18021.875,949.0,345.625,417.0,763.0,7.693545355271292e-07,0.999844345359012,C
Product_2077,61.5,68.9731947012866,3936,64,1.12151536099653,22447.5,1059.0,430.5,362.0,792.0,7.666277093252609e-07,0.9998451119867212,C
Product_0972,108.33333333333331,97.46794344808964,3900,36,0.8997040933669813,39541.66666666666,1406.0,758.3333333333333,554.0,1312.0,7.596158705204566e-07,0.9998458716025918,C
Product_2065,31.98333333333333,69.32107532773736,3838,120,2.1674124646504644,11673.916666666668,764.0,223.88333333333333,319.0,543.0,7.475399259121827e-07,0.9998466191425176,C
Product_0709,41.48351648351648,29.86538785854609,3775,91,0.7199338530139586,15141.483516483517,870.0,290.38461538461536,188.0,478.0,7.352692080037753e-07,0.9998473544117256,C
Product_2125,61.68333333333333,101.06173506221488,3701,60,1.6383961371880285,22514.416666666664,1061.0,431.7833333333333,484.0,916.0,7.208559837939e-07,0.9998480752677096,C
Product_1339,148.0,179.97685036322494,3700,25,1.21605979975152,54020.0,1643.0,1036.0,922.0,1958.0,7.206612104937666e-07,0.99984879592892,C
Product_2063,78.59574468085107,114.16076756514836,3694,47,1.452505705349749,28687.44680851064,1198.0,550.1702127659574,560.0,1110.0,7.194925706929659e-07,0.9998495154214908,C
Product_1655,460.0,575.3011633670043,3680,8,1.2506547029717483,167900.0,2897.0,3220.0,2925.0,6145.0,7.167657444910975e-07,0.9998502321872352,C
Product_0848,24.13157894736842,30.360894203368957,3668,152,1.2581395634983863,8808.026315789473,664.0,168.92105263157896,154.0,323.0,7.144284648894962e-07,0.9998509466157002,C
Product_1327,182.5,180.8423273695101,3650,20,0.9909168622986853,66612.5,1825.0,1277.5,990.0,2268.0,7.10922545487094e-07,0.9998516575382456,C
Product_1335,140.3846153846154,177.7747061700459,3650,26,1.2663403727181353,51240.38461538462,1601.0,982.6923076923076,901.0,1884.0,7.10922545487094e-07,0.9998523684607912,C
Product_2062,90.675,191.29576878186865,3627,40,2.1096858977873576,33096.375,1286.0,634.725,884.0,1519.0,7.064427595840247e-07,0.9998530749035508,C
Product_2059,109.3939393939394,199.3573956795213,3610,33,1.822380625325264,39928.78787878788,1413.0,765.7575757575758,939.0,1705.0,7.03131613481756e-07,0.9998537780351644,C
Product_0436,200.0,141.4213562373095,3600,18,0.7071067811865476,73000.0,1910.0,1400.0,901.0,2301.0,7.011838804804216e-07,0.9998544792190448,C
Product_1136,87.8048780487805,119.2583790582857,3600,41,1.3582204281638093,32048.78048780488,1266.0,614.6341463414635,594.0,1209.0,7.011838804804216e-07,0.9998551804029252,C
Product_1595,327.27272727272725,377.0700441321456,3600,11,1.152158468181556,119454.54545454544,2444.0,2290.909090909091,1963.0,4254.0,7.011838804804216e-07,0.9998558815868058,C
Product_0239,178.0,153.2102099112609,3560,20,0.8607315163553984,64970.0,1802.0,1246.0,887.0,2133.0,6.933929484750836e-07,0.9998565749797544,C
Product_0572,93.44736842105264,124.94121804216807,3551,38,1.337022327683015,34108.28947368421,1306.0,654.1315789473684,625.0,1279.0,6.916399887738824e-07,0.9998572666197432,C
Product_1892,16.757142857142856,35.32803312968372,3519,210,2.108237271166121,6116.357142857142,553.0,117.3,163.0,280.0,6.85407243169612e-07,0.9998579520269862,C
Product_1322,159.0909090909091,202.7409581310498,3500,22,1.2743717368237415,58068.181818181816,1704.0,1113.6363636363635,1026.0,2140.0,6.817065504670765e-07,0.9998586337335368,C
Product_1130,175.0,174.34086394791458,3500,20,0.9962335082737976,63875.0,1787.0,1225.0,952.0,2177.0,6.817065504670765e-07,0.9998593154400872,C
Product_1324,166.66666666666666,209.96031371031367,3500,21,1.259761882261882,60833.33333333333,1744.0,1166.6666666666663,1066.0,2233.0,6.817065504670765e-07,0.9998599971466376,C
Product_0535,32.148148148148145,50.01286092817366,3472,108,1.555699591083743,11734.074074074071,766.0,225.037037037037,242.0,467.0,6.762528980633399e-07,0.9998606733995355,C
Product_0048,48.23943661971831,33.627142433598145,3425,71,0.6970882081125455,17607.394366197183,938.0,337.67605633802816,216.0,554.0,6.670985529570677e-07,0.9998613404980884,C
Product_1942,19.666666666666668,103.4323846231182,3422,174,5.25927379439584,7178.333333333334,599.0,137.66666666666669,455.0,593.0,6.665142330566674e-07,0.9998620070123216,C
Product_1706,33.529411764705884,61.89494547132325,3420,102,1.8459896017763076,12238.235294117649,782.0,234.7058823529412,291.0,526.0,6.661246864564005e-07,0.999862673137008,C
Product_0808,45.333333333333336,113.57915841044615,3400,75,2.505422611995136,16546.666666666668,910.0,317.33333333333337,516.0,833.0,6.622292204537314e-07,0.9998633353662284,C
Product_0235,154.22727272727272,164.5981923809157,3393,22,1.067244395042778,56292.954545454544,1678.0,1079.590909090909,878.0,1958.0,6.608658073527973e-07,0.9998639962320356,C
Product_0882,120.71428571428572,105.40674556489265,3380,28,0.8731919750937851,44060.71428571428,1484.0,845.0,607.0,1452.0,6.583337544510625e-07,0.99986465456579,C
Product_0238,153.45454545454547,154.34924137062777,3376,22,1.005830364382053,56010.909090909096,1673.0,1074.1818181818182,840.0,1914.0,6.575546612505287e-07,0.9998653121204514,C
Product_1959,28.632478632478637,47.631957956853086,3350,117,1.6635639047617343,10450.8547008547,723.0,200.42735042735043,228.0,428.0,6.52490555447059e-07,0.9998659646110069,C
Product_0667,10.765273311897106,25.45646916650185,3348,311,2.36468396379393,3929.324758842444,443.0,75.35691318327974,116.0,191.0,6.52101008846792e-07,0.9998666167120156,C
Product_0490,36.59340659340659,62.91475326396965,3330,91,1.719292056162534,13356.593406593403,817.0,256.15384615384613,299.0,555.0,6.485950894443899e-07,0.9998672653071052,C
Product_1020,17.207253886010363,38.28944792115813,3321,193,2.225192245945052,6280.647668393783,560.0,120.45077720207254,176.0,296.0,6.468421297431889e-07,0.9998679121492348,C
Product_0819,8.360201511335013,8.467926890206156,3319,397,1.0128855002747346,3051.47355163728,391.0,58.52141057934509,46.0,105.0,6.46452583142922e-07,0.999868558601818,C
Product_1024,12.428571428571429,21.49990283937176,3306,266,1.7298772399494518,4536.428571428572,476.0,87.0,102.0,189.0,6.439205302411872e-07,0.9998692025223482,C
Product_1088,61.83018867924528,84.18311904803733,3277,53,1.361521302882508,22568.01886792453,1062.0,432.811320754717,419.0,852.0,6.382721045373171e-07,0.9998698407944528,C
Product_0772,34.840425531914896,22.366114534868768,3275,94,0.6419587072603554,12716.755319148937,797.0,243.88297872340428,150.0,394.0,6.378825579370501e-07,0.9998704786770106,C
Product_0818,7.122004357298475,9.05142606873139,3269,459,1.270909931339158,2599.5315904139434,361.0,49.854030501089326,46.0,96.0,6.367139181362494e-07,0.9998711153909288,C
Product_0634,34.623655913978496,48.28716500148168,3220,93,1.3946292997322347,12637.63440860215,795.0,242.36559139784947,239.0,481.0,6.271700264297104e-07,0.9998717425609552,C
Product_0351,22.69503546099291,32.47063360339426,3200,141,1.4307372931495597,8283.687943262412,644.0,158.86524822695037,160.0,319.0,6.232745604270414e-07,0.9998723658355156,C
Product_0628,7.296551724137931,7.178556269170398,3174,435,0.983828600217115,2663.2413793103447,365.0,51.07586206896552,39.0,90.0,6.182104546235717e-07,0.9998729840459702,C
Product_1616,9.139130434782608,16.47455064665195,3153,345,1.8026387482064457,3335.782608695652,408.0,63.973913043478255,78.0,142.0,6.141202153207692e-07,0.9998735981661856,C
Product_2163,23.52238805970149,27.811858891598245,3152,134,1.1823569452646463,8585.671641791045,655.0,164.65671641791045,144.0,309.0,6.139254420206358e-07,0.9998742120916276,C
Product_0783,27.347826086956523,92.67307596271174,3145,115,3.3886816329767404,9981.956521739132,706.0,191.43478260869568,413.0,604.0,6.125620289197016e-07,0.9998748246536564,C
Product_1062,20.8,27.187640302808536,3120,150,1.3070980914811796,7592.0,616.0,145.6,137.0,283.0,6.076926964163653e-07,0.9998754323463528,C
Product_0314,24.488188976377952,30.504713698136463,3110,127,1.2456908809206853,8938.188976377953,669.0,171.41732283464566,155.0,326.0,6.057449634150308e-07,0.9998760380913164,C
Product_0967,20.394736842105264,17.065575859035285,3100,152,0.8367637195397946,7444.078947368421,610.0,142.76315789473685,100.0,243.0,6.037972304136963e-07,0.9998766418885467,C
Product_0506,1033.3333333333333,950.4384952922168,3100,3,0.919779188992468,377166.6666666666,4343.0,7233.333333333333,5354.0,12587.0,6.037972304136963e-07,0.9998772456857772,C
Product_0665,10.517123287671232,15.200709241859029,3071,292,1.4453295664678725,3838.75,438.0,73.61986301369862,75.0,149.0,5.981488047098263e-07,0.999877843834582,C
Product_2086,40.626666666666665,40.46479061207756,3047,75,0.9960155221220272,14828.733333333334,861.0,284.38666666666666,221.0,505.0,5.934742455066234e-07,0.9998784373088274,C
Product_1700,32.645161290322584,21.110807638706888,3036,93,0.6466749375493216,11915.483870967742,772.0,228.51612903225808,141.0,370.0,5.913317392051555e-07,0.9998790286405668,C
Product_2122,56.16666666666666,80.08244572443795,3033,54,1.4258002206131386,20500.83333333333,1012.0,393.1666666666666,394.0,787.0,5.907474193047551e-07,0.999879619387986,C
Product_0602,55.0,39.79112128771107,3025,55,0.7234749325038377,20075.0,1002.0,385.0,250.0,635.0,5.891892329036875e-07,0.9998802085772188,C
Product_0169,24.98347107438017,29.197312510764405,3023,121,1.168665171618423,9118.96694214876,675.0,174.88429752066116,151.0,326.0,5.887996863034207e-07,0.9998807973769052,C
Product_1319,150.0,200.6568162179816,3000,20,1.337712108119877,54750.0,1655.0,1050.0,1003.0,2053.0,5.843199004003513e-07,0.9998813816968056,C
Product_1340,150.0,123.54415362426846,3000,20,0.8236276908284564,54750.0,1655.0,1050.0,730.0,1780.0,5.843199004003513e-07,0.999881966016706,C
Product_0395,8.2707182320442,14.498588107137955,2994,362,1.7530023028670472,3018.812154696133,389.0,57.89502762430939,69.0,127.0,5.831512605995506e-07,0.9998825491679666,C
Product_2057,14.322115384615383,21.965433787973968,2979,208,1.533672449781331,5227.572115384615,511.0,100.2548076923077,107.0,207.0,5.802296610975489e-07,0.9998831293976276,C
Product_1710,10.526501766784452,18.514949991289782,2979,283,1.7588891733920806,3842.173144876325,438.0,73.68551236749117,88.0,162.0,5.802296610975489e-07,0.9998837096272888,C
Product_0771,40.2027027027027,35.79277486199362,2975,74,0.8903076772395052,14673.986486486489,857.0,281.4189189189189,204.0,485.0,5.79450567897015e-07,0.9998842890778566,C
Product_0666,8.267409470752089,15.900557656044834,2968,359,1.9232817380458544,3017.6044568245125,388.0,57.871866295264624,74.0,132.0,5.780871547960809e-07,0.9998848671650116,C
Product_1699,9.765676567656763,12.123859000906153,2959,303,1.241476606040745,3564.471947194719,422.0,68.35973597359735,62.0,130.0,5.763341950948798e-07,0.9998854434992066,C
Product_1321,193.33333333333331,229.02484789293268,2900,15,1.1846112822048245,70566.66666666667,1878.0,1353.3333333333337,1182.0,2535.0,5.648425703870062e-07,0.999886008341777,C
Product_1330,126.08695652173913,105.38842141140996,2900,23,0.8358392042973894,46021.739130434784,1517.0,882.6086956521739,618.0,1501.0,5.648425703870062e-07,0.9998865731843474,C
Product_1725,64.4,158.4375988434334,2898,45,2.4602111621651144,23506.000000000004,1084.0,450.80000000000007,721.0,1172.0,5.644530237867394e-07,0.9998871376373712,C
Product_1060,26.345454545454544,47.669241975569925,2898,110,1.8093915173611772,9616.090909090908,693.0,184.4181818181818,225.0,409.0,5.644530237867394e-07,0.9998877020903948,C
Product_0251,9.053291536050155,13.995517481392833,2888,319,1.545903766123377,3304.4514106583074,406.0,63.3730407523511,68.0,131.0,5.625052907854049e-07,0.9998882645956856,C
Product_0895,74.0,85.9877592267766,2886,39,1.161996746307792,27010.0,1162.0,518.0,446.0,964.0,5.621157441851379e-07,0.99988882671143,C
Product_0701,42.27941176470589,40.34768505380518,2875,68,0.954310463881305,15431.985294117649,878.0,295.9558823529412,224.0,520.0,5.5997323788367e-07,0.9998893866846678,C
Product_1792,5.230347349177331,7.099112083209426,2861,547,1.3572926632350772,1909.0767824497257,309.0,36.61243144424132,35.0,72.0,5.572464116818016e-07,0.9998899439310794,C
Product_0352,13.554502369668246,24.23202556464214,2860,211,1.7877473406082138,4947.393364928909,497.0,94.88151658767772,114.0,209.0,5.570516383816682e-07,0.9998905009827178,C
Product_1326,158.33333333333334,200.18373912924272,2850,18,1.264318352395217,57791.66666666667,1700.0,1108.3333333333337,1015.0,2123.0,5.551039053803337e-07,0.9998910560866232,C
Product_1907,83.82352941176471,42.1407961756454,2850,34,0.5027323052533135,30595.58823529412,1237.0,586.7647058823529,331.0,918.0,5.551039053803337e-07,0.9998916111905286,C
Product_0403,51.81818181818182,49.99151443146643,2850,55,0.9647485241160187,18913.636363636364,972.0,362.7272727272728,276.0,639.0,5.551039053803337e-07,0.999892166294434,C
Product_1320,150.0,172.4013405464767,2850,19,1.1493422703098446,54750.0,1655.0,1050.0,898.0,1948.0,5.551039053803337e-07,0.9998927213983394,C
Product_1774,12.704035874439462,16.456941683809085,2833,223,1.29541051729242,4636.973094170404,482.0,88.92825112107624,83.0,172.0,5.517927592780651e-07,0.9998932731910988,C
Product_0592,48.82758620689656,77.74816248317372,2832,58,1.5922999378616085,17822.068965517243,944.0,341.7931034482759,375.0,717.0,5.515979859779317e-07,0.9998938247890846,C
Product_0307,13.187793427230046,26.737410038741007,2809,213,2.0274362186727783,4813.544600938967,491.0,92.31455399061032,124.0,216.0,5.471182000748622e-07,0.9998943719072848,C
Product_0793,12.477678571428571,34.23408526147504,2795,224,2.743626153334672,4554.352678571428,477.0,87.34375,155.0,242.0,5.44391373872994e-07,0.9998949162986586,C
Product_0341,16.402366863905325,26.801590110660367,2772,169,1.634007477886581,5986.863905325444,547.0,114.81656804733728,129.0,244.0,5.399115879699246e-07,0.9998954562102466,C
Product_1058,37.89041095890411,72.31788653112567,2766,73,1.908606549809173,13830.000000000002,832.0,265.2328767123288,339.0,604.0,5.387429481691239e-07,0.9998959949531948,C
Product_0881,86.25,93.07471851048732,2760,32,1.079127171136085,31481.25,1255.0,603.75,495.0,1099.0,5.375743083683232e-07,0.9998965325275032,C
Product_1332,161.76470588235293,217.60730956581077,2750,17,1.3452088227704664,59044.11764705882,1718.0,1132.3529411764705,1086.0,2218.0,5.356265753669886e-07,0.9998970681540784,C
Product_0595,58.46808510638298,60.80934248296055,2748,47,1.0400433394101696,21340.85106382979,1033.0,409.2765957446808,327.0,736.0,5.352370287667218e-07,0.9998976033911072,C
Product_1777,13.052380952380952,20.39307789135541,2741,210,1.562402903022487,4764.119047619048,488.0,91.36666666666666,99.0,190.0,5.338736156657876e-07,0.9998981372647228,C
Product_1908,3.1161731207289294,7.935756180684779,2736,878,2.546635207105715,1137.4031890660592,238.0,21.813211845102504,36.0,58.0,5.328997491651203e-07,0.999898670164472,C
Product_1752,6.851010101010101,7.497207850886313,2713,396,1.0943215292852857,2500.618686868687,354.0,47.95707070707071,40.0,88.0,5.28419963262051e-07,0.9998991985844352,C
Product_1933,20.23134328358209,62.65431046013238,2711,134,3.096893250334836,7384.440298507462,608.0,141.61940298507463,281.0,423.0,5.280304166617841e-07,0.999899726614852,C
Product_0782,11.885964912280702,15.542897167800067,2710,228,1.3076681012023672,4338.377192982456,466.0,83.20175438596492,78.0,161.0,5.278356433616506e-07,0.9999002544504954,C
Product_1658,17.551948051948052,29.95618635199504,2703,154,1.7067157596031208,6406.461038961039,566.0,122.86363636363636,143.0,266.0,5.264722302607165e-07,0.9999007809227256,C
Product_0247,84.375,98.24057042494896,2700,32,1.1643326865179136,30796.875,1241.0,590.625,510.0,1101.0,5.258879103603162e-07,0.999901306810636,C
Product_0430,39.130434782608695,65.74771591726663,2700,69,1.6802194067745917,14282.608695652174,845.0,273.9130434782609,314.0,588.0,5.258879103603162e-07,0.9999018326985464,C
Product_1748,12.852380952380951,10.491378052605754,2699,210,0.8162984035002624,4691.119047619048,484.0,89.96666666666667,62.0,152.0,5.256931370601827e-07,0.9999023583916832,C
Product_0714,14.010416666666666,18.513046081565022,2690,192,1.3213772667882842,5113.802083333333,506.0,98.07291666666666,93.0,191.0,5.239401773589817e-07,0.9999028823318606,C
Product_0657,11.823008849557525,17.170895317883087,2672,226,1.4523287207490934,4315.398230088495,465.0,82.76106194690266,84.0,167.0,5.204342579565795e-07,0.9999034027661186,C
Product_2049,50.37735849056604,50.951042268758926,2670,53,1.011387730428548,18387.735849056604,959.0,352.64150943396226,277.0,630.0,5.200447113563126e-07,0.99990392281083,C
Product_0822,8.888513513513514,6.81059019467599,2631,296,0.7662237543231064,3244.3074324324325,403.0,62.2195945945946,42.0,104.0,5.124485526511081e-07,0.9999044352593828,C
Product_1664,39.13432835820896,155.7013356555455,2622,67,3.978638249016609,14284.029850746268,845.0,273.94029850746267,690.0,964.0,5.10695592949907e-07,0.9999049459549756,C
Product_1336,173.33333333333334,257.64501233470907,2600,15,1.4864135327002446,63266.66666666667,1779.0,1213.3333333333337,1258.0,2471.0,5.064105803469711e-07,0.999905452365556,C
Product_1337,144.44444444444446,176.47603477433756,2600,18,1.2217571638223368,52722.22222222223,1624.0,1011.1111111111112,903.0,1914.0,5.064105803469711e-07,0.9999059587761364,C
Product_0591,35.58904109589041,36.26746154782945,2598,73,1.019062622398595,12989.999999999998,806.0,249.12328767123284,197.0,446.0,5.060210337467042e-07,0.99990646479717,C
Product_2068,74.05714285714286,195.3163260633651,2592,35,2.6373732300222907,27030.857142857145,1163.0,518.4000000000001,884.0,1402.0,5.048523939459035e-07,0.999906969649564,C
Product_2104,22.495652173913044,47.83366169819015,2587,115,2.126351409080737,8210.91304347826,641.0,157.4695652173913,221.0,378.0,5.038785274452363e-07,0.9999074735280916,C
Product_1775,20.782258064516128,64.198189129777,2577,124,3.0890863221157736,7585.524193548386,616.0,145.4758064516129,288.0,433.0,5.019307944439017e-07,0.999907975458886,C
Product_0305,28.55555555555556,33.40460545221612,2570,90,1.1698110858752726,10422.77777777778,722.0,199.8888888888889,173.0,373.0,5.005673813429676e-07,0.9999084760262672,C
Product_0826,17.724137931034484,40.53384778295733,2570,145,2.2869291550695765,6469.310344827587,569.0,124.0689655172414,186.0,310.0,5.005673813429676e-07,0.9999089765936486,C
Product_1331,182.14285714285717,224.9847369670482,2550,14,1.235210320603402,66482.14285714286,1823.0,1275.0,1148.0,2423.0,4.966719153402986e-07,0.999909473265564,C
Product_1836,8.125806451612902,16.194618702330548,2519,310,1.9929860252967329,2965.9193548387093,385.0,56.88064516129032,75.0,132.0,4.906339430361616e-07,0.999909963899507,C
Product_1646,5.081135902636917,6.482113376750975,2505,493,1.2757213152647628,1854.6146044624747,305.0,35.56795131845842,33.0,69.0,4.879071168342934e-07,0.999910451806624,C
Product_0784,11.666666666666666,14.102608714978343,2450,210,1.2087950327124295,4258.333333333333,461.0,81.66666666666666,72.0,154.0,4.771945853269536e-07,0.9999109290012091,C
Product_0508,22.55555555555556,32.96056361614711,2436,108,1.4613057760853398,8232.77777777778,642.0,157.8888888888889,161.0,319.0,4.7446775912508523e-07,0.9999114034689682,C
Product_2164,18.37121212121212,38.64803112669426,2425,132,2.1037278798860384,6705.492424242424,579.0,128.59848484848484,179.0,308.0,4.723252528236173e-07,0.999911875794221,C
Product_2038,4.558490566037736,7.9813922053629,2416,530,1.7508848794877223,1663.8490566037735,288.0,31.90943396226415,38.0,70.0,4.705722931224162e-07,0.9999123463665142,C
Product_0502,7.696485623003195,11.612074580845002,2409,313,1.5087502464941824,2809.2172523961663,375.0,53.87539936102236,57.0,111.0,4.692088800214821e-07,0.999912815575394,C
Product_0310,16.846153846153847,29.07961574719194,2409,143,1.7261872361346813,6148.846153846154,554.0,117.92307692307692,138.0,256.0,4.692088800214821e-07,0.999913284784274,C
Product_0794,11.08294930875576,13.432014498336786,2405,217,1.211953075317706,4045.276497695853,450.0,77.58064516129032,69.0,147.0,4.684297868209483e-07,0.999913753214061,C
Product_0573,87.62962962962963,163.94655511621136,2366,27,1.8709032071587937,31984.814814814818,1265.0,613.4074074074074,770.0,1383.0,4.6083362811574373e-07,0.9999142140476892,C
Product_0306,12.0,22.68242287967288,2352,196,1.890201906639407,4380.0,468.0,84.0,106.0,190.0,4.581068019138754e-07,0.999914672154491,C
Product_1875,4.519230769230769,10.780862199899993,2350,520,2.385552486786381,1649.5192307692307,287.0,31.634615384615383,49.0,81.0,4.577172553136085e-07,0.9999151298717464,C
Product_0896,51.0,59.595301828248175,2346,46,1.1685353299656505,18615.0,965.0,357.0,309.0,666.0,4.569381621130747e-07,0.9999155868099084,C
Product_0232,3.5944272445820435,5.316311004324185,2322,646,1.4790425963795966,1311.965944272446,256.0,25.160990712074305,26.0,51.0,4.522636029098719e-07,0.9999160390735112,C
Product_0716,11.700507614213198,17.98601071315332,2305,197,1.5371991802564875,4270.685279187817,462.0,81.90355329949239,87.0,169.0,4.489524568076032e-07,0.999916488025968,C
Product_0571,34.28358208955224,46.7124686391991,2297,67,1.3625317365373704,12513.507462686568,791.0,239.9850746268657,232.0,472.0,4.473942704065357e-07,0.9999169354202384,C
Product_2078,44.11538461538461,56.78568372679648,2294,52,1.2872081751497022,16102.115384615385,897.0,308.80769230769226,287.0,596.0,4.468099505061353e-07,0.999917382230189,C
Product_0878,73.87096774193549,50.50923475661578,2290,31,0.6837494661375936,26962.90322580645,1161.0,517.0967741935484,328.0,845.0,4.4603085730560156e-07,0.9999178282610464,C
Product_0167,18.59349593495935,56.157687443392255,2287,123,3.0202866443101213,6786.626016260163,583.0,130.15447154471545,252.0,382.0,4.454465374052011e-07,0.9999182737075838,C
Product_0119,15.554794520547944,21.49098634533599,2271,146,1.3816310023861975,5677.5,533.0,108.88356164383562,107.0,216.0,4.4233016460306594e-07,0.9999187160377484,C
Product_2171,4.442043222003929,6.316697699967432,2261,509,1.4220252672637874,1621.345776031434,285.0,31.094302554027504,31.0,62.0,4.403824316017314e-07,0.99991915642018,C
Product_0718,19.06779661016949,58.53244097409254,2250,118,3.06970134886352,6959.745762711865,590.0,133.47457627118644,262.0,395.0,4.3823992530026347e-07,0.9999195946601054,C
Product_0329,11.343589743589744,17.322290551018796,2212,195,1.5270554509261596,4140.410256410257,455.0,79.40512820512821,84.0,163.0,4.3083853989519234e-07,0.9999200254986452,C
Product_1677,5.92972972972973,15.574819244752147,2194,370,2.626564776918092,2164.3513513513512,329.0,41.50810810810811,71.0,113.0,4.2733262049279035e-07,0.9999204528312656,C
Product_1779,43.6,80.40458916743293,2180,50,1.844141953381489,15914.0,892.0,305.2,378.0,683.0,4.246057942909219e-07,0.99992087743706,C
Product_1097,23.543478260869566,23.367307416572856,2166,92,0.9925172125229468,8593.369565217392,655.0,164.80434782608697,128.0,293.0,4.2187896808905363e-07,0.999921299316028,C
Product_0309,11.357894736842104,24.55031149468811,2158,190,2.1615195477250886,4145.631578947368,455.0,79.50526315789475,113.0,193.0,4.20320781687986e-07,0.99992171963681,C
Product_0133,16.674418604651162,21.63228301878124,2151,129,1.2973335701640074,6086.162790697675,552.0,116.72093023255812,109.0,226.0,4.189573685870519e-07,0.9999221385941784,C
Product_0161,20.28301886792453,51.47866034387103,2150,106,2.538017672767595,7403.301886792453,608.0,141.9811320754717,234.0,376.0,4.187625952869184e-07,0.9999225573567736,C
Product_0520,9.343612334801762,18.8741990673279,2121,227,2.020010932712604,3410.418502202643,413.0,65.40528634361233,88.0,153.0,4.131141695830484e-07,0.9999229704709433,C
Product_0594,18.155172413793103,18.496816858126117,2106,116,1.0188180225748475,6626.637931034483,576.0,127.08620689655172,100.0,227.0,4.101925700810466e-07,0.9999233806635134,C
Product_0510,87.58333333333333,116.1561605046775,2102,24,1.32623589539118,31967.916666666664,1264.0,613.0833333333333,582.0,1195.0,4.094134768805128e-07,0.9999237900769904,C
Product_0697,35.59322033898305,16.217400876057532,2100,59,0.4556317388987592,12991.525423728814,806.0,249.15254237288136,137.0,386.0,4.090239302802459e-07,0.9999241991009206,C
Product_0295,34.96666666666667,56.531966858019,2098,60,1.6167388043284745,12762.833333333334,799.0,244.76666666666668,272.0,517.0,4.08634383679979e-07,0.9999246077353042,C
Product_0296,24.02298850574713,31.56388022963953,2090,87,1.3139031483151384,8768.3908045977,662.0,168.16091954022988,158.0,326.0,4.070761972789114e-07,0.9999250148115016,C
Product_1816,3.8936567164179103,5.11492929996284,2087,536,1.3136569740201642,1421.1847014925372,267.0,27.25559701492537,26.0,53.0,4.064918773785111e-07,0.9999254213033788,C
Product_0731,6.646496815286624,9.315170413313076,2087,314,1.4015158168568786,2425.9713375796177,348.0,46.52547770700637,46.0,93.0,4.064918773785111e-07,0.9999258277952564,C
Product_0814,8.922413793103448,13.574008051466624,2070,232,1.5213381004542303,3256.6810344827586,404.0,62.45689655172414,66.0,128.0,4.031807312762424e-07,0.9999262309759877,C
Product_2079,39.67307692307692,57.834015757011045,2063,52,1.4577648179178742,14480.673076923076,851.0,277.71153846153845,284.0,562.0,4.018173181753082e-07,0.9999266327933056,C
Product_0956,5.117794486215539,8.162831508677915,2042,399,1.594990094007095,1867.994987468672,306.0,35.824561403508774,39.0,75.0,3.977270788725058e-07,0.9999270305203846,C
Product_0615,7.4944649446494465,14.879483973705762,2031,271,1.985396433714555,2735.479704797048,370.0,52.46125461254613,69.0,121.0,3.955845725710378e-07,0.9999274261049572,C
Product_1617,11.418079096045195,13.566557760573648,2021,177,1.188164633162561,4167.598870056497,456.0,79.92655367231637,70.0,150.0,3.936368395697033e-07,0.9999278197417968,C
Product_0754,10.864864864864863,13.231143600878722,2010,185,1.2177918239614745,3965.675675675676,445.0,76.05405405405405,68.0,144.0,3.914943332682354e-07,0.99992821123613,C
Product_0441,154.15384615384616,338.78037284595024,2004,13,2.1976770693599565,56266.15384615385,1677.0,1079.076923076923,1559.0,2638.0,3.903256934674347e-07,0.9999286015618234,C
Product_1682,6.504885993485342,20.79189939914617,1997,307,3.1963510843955314,2374.28338762215,345.0,45.53420195439739,93.0,139.0,3.889622803665005e-07,0.9999289905241038,C
Product_2067,36.75925925925926,59.196167387789686,1985,54,1.6103743269222384,13417.12962962963,819.0,257.31481481481484,285.0,542.0,3.866250007648991e-07,0.9999293771491046,C
Product_2084,47.926829268292686,52.46160035869209,1965,41,1.094618633438359,17493.29268292683,935.0,335.4878048780488,277.0,612.0,3.827295347622301e-07,0.9999297598786392,C
Product_1755,5.591428571428572,5.747448489760287,1957,350,1.0279034090015842,2040.8714285714289,319.0,39.14,31.0,70.0,3.811713483611625e-07,0.9999301410499876,C
Product_0789,8.510917030567686,7.488945861753766,1949,229,0.8799223203394625,3106.4847161572056,394.0,59.57641921397381,43.0,103.0,3.796131619600949e-07,0.9999305206631496,C
Product_1704,11.339181286549708,26.037340548819056,1939,171,2.296227557425507,4138.801169590643,455.0,79.37426900584796,119.0,198.0,3.776654289587604e-07,0.9999308983285784,C
Product_0102,10.965909090909092,22.157848716431378,1930,176,2.020612110928457,4002.5568181818185,447.0,76.76136363636364,103.0,180.0,3.759124692575593e-07,0.9999312742410478,C
Product_0496,10.519125683060109,19.0357793624182,1925,183,1.809635128998717,3839.48087431694,438.0,73.63387978142076,90.0,164.0,3.749386027568921e-07,0.9999316491796504,C
Product_0585,33.10344827586207,28.637289918316277,1920,58,0.8650847996158041,12082.758620689656,777.0,231.7241379310345,166.0,398.0,3.7396473625622484e-07,0.9999320231443868,C
Product_0151,11.331360946745562,19.978477077872693,1915,169,1.7631136429036476,4135.94674556213,455.0,79.31952662721893,95.0,174.0,3.729908697555576e-07,0.9999323961352564,C
Product_0704,6.626297577854671,7.178198120584452,1915,289,1.08328942916392,2418.5986159169547,348.0,46.384083044982695,38.0,84.0,3.729908697555576e-07,0.9999327691261264,C
Product_1657,18.056603773584907,22.320108460514444,1914,106,1.236118859359734,6590.660377358491,574.0,126.39622641509436,114.0,240.0,3.7279609645542413e-07,0.9999331419222228,C
Product_0581,51.4054054054054,42.720967698322106,1902,37,0.8310598342996414,18762.972972972973,969.0,359.8378378378378,251.0,611.0,3.704588168538227e-07,0.9999335123810396,C
Product_2162,47.55,39.59017619665328,1902,40,0.8326009715384496,17355.75,932.0,332.85,233.0,566.0,3.704588168538227e-07,0.9999338828398564,C
Product_1654,237.5,140.7885953173359,1900,8,0.5927940855466775,86687.5,2082.0,1662.5,993.0,2656.0,3.700692702535558e-07,0.9999342529091266,C
Product_2170,10.936416184971096,13.540271668214006,1892,173,1.238090379810266,3991.7919075144505,447.0,76.55491329479769,69.0,146.0,3.685110838524882e-07,0.9999346214202104,C
Product_0711,6.34006734006734,7.919922962073539,1883,297,1.2491859371937553,2314.124579124579,340.0,44.38047138047138,40.0,84.0,3.6675812415128713e-07,0.9999349881783348,C
Product_0712,6.510489510489511,6.678446224239963,1862,286,1.0257978625846558,2376.328671328672,345.0,45.57342657342657,36.0,82.0,3.626678848484847e-07,0.9999353508462197,C
Product_0125,4.541666666666667,5.259200821816301,1853,408,1.1579891717760662,1657.7083333333337,288.0,31.791666666666668,27.0,59.0,3.609149251472836e-07,0.9999357117611448,C
Product_0820,5.80503144654088,6.225497572929709,1846,318,1.072431326214327,2118.8364779874214,325.0,40.63522012578616,33.0,74.0,3.595515120463495e-07,0.9999360713126568,C
Product_2051,43.45238095238095,73.72268485673513,1825,42,1.6966316514974662,15860.119047619046,891.0,304.16666666666663,351.0,655.0,3.55461272743547e-07,0.9999364267739296,C
Product_0874,67.5925925925926,73.31924884170766,1825,27,1.0847231335485517,24671.296296296296,1111.0,473.14814814814815,389.0,862.0,3.55461272743547e-07,0.9999367822352022,C
Product_1092,28.328125,37.06710118257651,1813,64,1.308491161436788,10339.765625,719.0,198.296875,186.0,384.0,3.531239931419457e-07,0.9999371353591954,C
Product_1644,4.937329700272479,7.281152888487941,1812,367,1.4747147406595331,1802.1253405994548,300.0,34.561307901907355,36.0,71.0,3.5292921984181215e-07,0.9999374882884152,C
Product_1645,4.569620253164557,5.789197765591697,1805,395,1.2668881536890415,1667.9113924050637,289.0,31.9873417721519,29.0,61.0,3.51565806740878e-07,0.999937839854222,C
Product_0152,22.234567901234566,46.6211517459989,1801,81,2.096786946932766,8115.617283950617,637.0,155.64197530864195,216.0,372.0,3.507867135403442e-07,0.9999381906409356,C
Product_1054,10.436046511627907,15.5296917107006,1795,172,1.4880818797997233,3809.156976744186,436.0,73.05232558139535,76.0,149.0,3.496180737395436e-07,0.9999385402590092,C
Product_0609,2.9916666666666667,5.347515662606819,1795,600,1.7874704164702455,1091.9583333333333,234.0,20.941666666666663,25.0,46.0,3.496180737395436e-07,0.9999388898770828,C
Product_0312,7.435684647302905,9.37177791564324,1792,241,1.260378614771217,2714.02489626556,368.0,52.04979253112033,48.0,100.0,3.490337538391432e-07,0.9999392389108368,C
Product_0497,6.518248175182482,9.48111845597758,1786,274,1.4545500878711404,2379.1605839416056,345.0,45.627737226277375,46.0,92.0,3.4786511403834244e-07,0.9999395867759509,C
Product_1770,4.612403100775194,6.062254848441418,1785,387,1.3143376057965426,1683.5271317829458,290.0,32.286821705426355,30.0,62.0,3.47670340738209e-07,0.9999399344462916,C
Product_0735,9.807692307692308,12.000982747688926,1785,182,1.2236296134898512,3579.8076923076924,423.0,68.65384615384616,61.0,130.0,3.47670340738209e-07,0.9999402821166322,C
Product_1807,6.1522491349480966,9.922844895825246,1778,289,1.612880863269683,2245.570934256056,335.0,43.06574394463668,48.0,91.0,3.463069276372749e-07,0.99994062842356,C
Product_0810,33.490566037735846,12.91930970040498,1775,53,0.3857596699275853,12224.056603773584,782.0,234.4339622641509,124.0,358.0,3.457226077368745e-07,0.9999409741461676,C
Product_0747,6.177700348432055,6.350468646940092,1773,287,1.027966442003275,2254.8606271777003,336.0,43.24390243902439,34.0,77.0,3.453330611366076e-07,0.9999413194792288,C
Product_0336,8.208333333333334,18.81286361002233,1773,216,2.2919224702565275,2996.041666666667,387.0,57.458333333333336,86.0,143.0,3.453330611366076e-07,0.99994166481229,C
Product_1686,6.437956204379562,9.165440195435073,1764,274,1.4236568104020464,2349.8540145985403,343.0,45.065693430656935,45.0,90.0,3.4358010143540655e-07,0.9999420083923914,C
Product_0402,14.341463414634148,23.090282275142968,1764,123,1.610036689253166,5234.634146341464,512.0,100.39024390243902,111.0,211.0,3.4358010143540655e-07,0.9999423519724928,C
Product_0529,6.8062015503875966,6.909168914393688,1756,258,1.0151284623653596,2484.263565891473,352.0,47.64341085271317,37.0,85.0,3.4202191503433893e-07,0.999942693994408,C
Product_1751,18.030927835051543,20.847888386400708,1749,97,1.1562293730593876,6581.288659793814,574.0,126.21649484536084,108.0,234.0,3.406585019334048e-07,0.99994303465291,C
Product_0492,7.86936936936937,13.083997983048418,1747,222,1.662648856460646,2872.31981981982,379.0,55.08558558558559,63.0,118.0,3.402689553331379e-07,0.9999433749218652,C
Product_1844,10.18235294117647,11.566976831082105,1731,170,1.135982704381258,3716.558823529412,431.0,71.27647058823528,60.0,131.0,3.371525825310027e-07,0.9999437120744478,C
Product_0703,5.986159169550173,8.92054912295945,1730,289,1.4901957783440931,2184.948096885813,331.0,41.90311418685121,44.0,86.0,3.369578092308692e-07,0.999944049032257,C
Product_0260,13.198473282442748,17.685030544036714,1729,131,1.33993001808491,4817.442748091603,491.0,92.38931297709924,88.0,180.0,3.367630359307358e-07,0.9999443857952928,C
Product_0763,6.189964157706093,6.852225364416578,1727,279,1.106989505890113,2259.336917562724,336.0,43.32974910394265,36.0,79.0,3.363734893304689e-07,0.9999447221687822,C
Product_1692,7.282700421940929,12.184676934529524,1726,237,1.67309874477607,2658.185654008439,365.0,50.9789029535865,58.0,109.0,3.361787160303354e-07,0.999945058347498,C
Product_0696,31.363636363636363,15.379596435927263,1725,55,0.4903639443339127,11447.727272727272,757.0,219.54545454545453,123.0,343.0,3.35983942730202e-07,0.9999453943314408,C
Product_1666,10.623456790123456,13.262292051559342,1721,162,1.248397043784203,3877.561728395062,440.0,74.3641975308642,67.0,141.0,3.352048495296682e-07,0.9999457295362904,C
Product_0734,14.7008547008547,38.51942299073353,1720,117,2.6202165639045485,5365.811965811966,518.0,102.9059829059829,174.0,277.0,3.350100762295348e-07,0.9999460645463668,C
Product_0788,6.194945848375451,6.628187754863592,1716,277,1.069934736653389,2261.15523465704,336.0,43.36462093862816,35.0,78.0,3.3423098302900094e-07,0.9999463987773496,C
Product_0134,20.16470588235294,31.96979491824817,1714,85,1.585433236902622,7360.117647058823,607.0,141.1529411764706,154.0,295.0,3.338414364287341e-07,0.999946732618786,C
Product_0775,5.384858044164038,5.543569463862688,1707,317,1.02947364970385,1965.4731861198736,313.0,37.69400630914826,30.0,68.0,3.324780233277999e-07,0.9999470650968094,C
Product_0137,27.516129032258064,37.89491160767589,1706,62,1.3771890502203432,10043.387096774191,709.0,192.6129032258065,188.0,381.0,3.322832500276664e-07,0.9999473973800594,C
Product_1834,6.796,8.965484014511311,1699,250,1.319229548927503,2480.54,352.0,47.572,45.0,93.0,3.309198369267323e-07,0.9999477282998964,C
Product_0737,11.575342465753424,14.187821692024013,1690,146,1.2256934716186425,4225.0,460.0,81.02739726027397,73.0,154.0,3.291668772255313e-07,0.9999480574667736,C
Product_1713,9.745664739884392,12.521797099772757,1686,173,1.2848581840217597,3557.167630057804,422.0,68.21965317919076,63.0,131.0,3.283877840249974e-07,0.9999483858545576,C
Product_2073,33.26,41.10554359555064,1663,50,1.2358852554284618,12139.9,779.0,232.82,210.0,443.0,3.2390799812192805e-07,0.9999487097625558,C
Product_1674,4.888235294117648,7.546464319155337,1662,340,1.5438013649294913,1784.2058823529412,299.0,34.21764705882353,37.0,71.0,3.237132248217946e-07,0.9999490334757806,C
Product_0340,13.070866141732283,21.248410249539457,1660,127,1.6256313865611514,4770.866141732284,488.0,91.496062992126,102.0,193.0,3.233236782215277e-07,0.9999493567994588,C
Product_2092,29.464285714285715,30.14568522462772,1650,56,1.0231262864116073,10754.464285714286,733.0,206.25,163.0,369.0,3.213759452201932e-07,0.999949678175404,C
Product_1759,3.616228070175439,5.25144457619812,1649,456,1.452188433442294,1319.923245614035,257.0,25.313596491228072,26.0,51.0,3.2118117192005977e-07,0.999949999356576,C
Product_0918,63.07692307692308,73.1447458547355,1640,26,1.1596118245262943,23023.07692307693,1073.0,441.5384615384616,380.0,822.0,3.194282122188587e-07,0.999950318784788,C
Product_0265,12.036764705882351,31.84974169050096,1637,136,2.646038405563916,4393.419117647059,469.0,84.25735294117648,144.0,228.0,3.188438923184584e-07,0.9999506376286804,C
Product_1871,8.247474747474747,17.162240712712457,1633,198,2.0809085493674626,3010.3282828282827,388.0,57.73232323232323,79.0,137.0,3.1806479911792453e-07,0.9999509556934796,C
Product_1764,8.826086956521738,12.1093457974686,1624,184,1.3719948440481666,3221.5217391304345,401.0,61.78260869565217,60.0,122.0,3.163118394167235e-07,0.999951272005319,C
Product_1869,3.14453125,5.044480172462948,1610,512,1.604207359193186,1147.75390625,240.0,22.01171875,24.0,46.0,3.135850132148552e-07,0.999951585590332,C
Product_0902,133.33333333333334,125.83057392117917,1600,12,0.9437293044088436,48666.66666666667,1560.0,933.3333333333334,702.0,1635.0,3.116372802135207e-07,0.9999518972276124,C
Product_0507,13.325,51.620164534362175,1599,120,3.873933548545004,4863.625,493.0,93.275,229.0,322.0,3.114425069133873e-07,0.9999522086701192,C
Product_0823,4.150649350649351,3.065798537248601,1598,385,0.7386310618527606,1514.987012987013,275.0,29.05454545454545,19.0,48.0,3.112477336132538e-07,0.9999525199178528,C
Product_2066,66.375,151.2831530320027,1593,24,2.279218878071604,24226.875,1101.0,464.625,694.0,1159.0,3.1027386711258654e-07,0.99995283019172,C
Product_1721,30.365384615384617,38.223813974420864,1579,52,1.2587956470360258,11083.365384615385,744.0,212.55769230769232,194.0,407.0,3.075470409107182e-07,0.9999531377387608,C
Product_0955,11.81203007518797,20.293360003742915,1571,133,1.7180247488846645,4311.390977443609,464.0,82.68421052631578,96.0,179.0,3.0598885450965065e-07,0.9999534437276154,C
Product_1317,103.33333333333331,12.909944487358056,1550,15,0.1249349466518521,37716.66666666666,1373.0,723.3333333333333,345.0,1068.0,3.018986152068482e-07,0.9999537456262306,C
Product_0472,15.019417475728156,25.152078845407075,1547,103,1.674637440902992,5482.087378640777,524.0,105.13592233009707,120.0,225.0,3.013142953064478e-07,0.999954046940526,C
Product_1794,3.326797385620915,3.796970865808824,1527,459,1.1413291600564832,1214.281045751634,246.0,23.287581699346408,20.0,43.0,2.974188293037788e-07,0.9999543443593552,C
Product_0699,34.65909090909091,13.442285211692004,1525,44,0.3878429831570152,12650.56818181818,795.0,242.61363636363637,128.0,371.0,2.970292827035119e-07,0.999954641388638,C
Product_0058,5.300699300699301,8.72627407078104,1516,286,1.6462495938280852,1934.7552447552448,311.0,37.10489510489511,42.0,79.0,2.9527632300231085e-07,0.9999549366649608,C
Product_0798,6.6875,8.363953460462893,1498,224,1.2506846296019278,2440.9375,349.0,46.8125,43.0,90.0,2.917704035999088e-07,0.9999552284353646,C
Product_1762,3.8678756476683938,4.073436807347989,1493,386,1.0531457519332377,1411.7746113989638,266.0,27.075129533678755,22.0,49.0,2.907965370992415e-07,0.9999555192319016,C
Product_0279,33.63636363636363,39.18298806767046,1480,44,1.1648996452550675,12277.272727272726,783.0,235.45454545454544,203.0,438.0,2.882644841975066e-07,0.9999558074963858,C
Product_0580,82.11111111111111,70.7721188778287,1478,18,0.8619067251697676,29970.55555555556,1224.0,574.7777777777778,410.0,985.0,2.878749375972397e-07,0.9999560953713234,C
Product_1116,16.78409090909091,48.60595698406181,1477,88,2.895954106023994,6126.193181818182,553.0,117.48863636363636,219.0,336.0,2.876801642971063e-07,0.9999563830514876,C
Product_1897,18.846153846153847,11.950196350152275,1470,78,0.6340920512325697,6878.846153846154,586.0,131.92307692307693,81.0,213.0,2.8631675119617215e-07,0.9999566693682388,C
Product_0501,8.235955056179776,9.778360141087871,1466,178,1.1872770157664674,3006.123595505618,388.0,57.65168539325843,50.0,108.0,2.855376579956384e-07,0.9999569549058968,C
Product_2069,85.76470588235294,87.38101153265843,1458,17,1.0188458134809282,31304.117647058825,1251.0,600.3529411764706,474.0,1074.0,2.839794715945707e-07,0.9999572388853684,C
Product_1757,3.1946308724832213,2.9487654611049168,1428,447,0.9230379279509088,1166.0402684563758,241.0,22.36241610738255,17.0,39.0,2.781362725905672e-07,0.9999575170216408,C
Product_1893,17.365853658536587,37.88921870013572,1424,82,2.1818229869460177,6338.536585365854,563.0,121.5609756097561,175.0,297.0,2.773571793900334e-07,0.9999577943788204,C
Product_1761,2.6918714555765595,3.2714256018276675,1424,529,1.2152978534879468,982.5330812854444,222.0,18.84310018903592,17.0,36.0,2.773571793900334e-07,0.9999580717359996,C
Product_2098,109.07692307692308,279.4785208021246,1418,13,2.5622149297797034,39813.07692307692,1411.0,763.5384615384615,1268.0,2032.0,2.761885395892327e-07,0.9999583479245392,C
Product_1717,22.444444444444443,24.08571908412292,1414,63,1.073126097807457,8192.22222222222,640.0,157.1111111111111,128.0,285.0,2.754094463886989e-07,0.9999586233339856,C
Product_1119,7.48936170212766,28.12129749589144,1408,188,3.754832336099141,2733.617021276596,370.0,52.42553191489362,125.0,177.0,2.742408065878982e-07,0.9999588975747922,C
Product_0537,8.04,12.752443984829217,1407,175,1.5861248737349771,2934.6,383.0,56.28,61.0,117.0,2.740460332877648e-07,0.9999591716208256,C
Product_1802,3.83879781420765,3.964738092211242,1405,366,1.0328072183269144,1401.1612021857925,265.0,26.87158469945355,21.0,48.0,2.736564866874979e-07,0.9999594452773122,C
Product_2064,53.53846153846154,100.48451851672704,1392,26,1.876866006777948,19541.53846153846,988.0,374.7692307692308,471.0,846.0,2.7112443378576297e-07,0.999959716401746,C
Product_1960,9.579310344827586,9.715157805601486,1389,145,1.0141813403975632,3496.448275862069,418.0,67.0551724137931,53.0,120.0,2.7054011388536264e-07,0.9999599869418598,C
Product_1098,24.75,35.41045043486456,1386,56,1.4307252700955375,9033.75,672.0,173.25,174.0,347.0,2.699557939849623e-07,0.9999602568976538,C
Product_1715,7.801136363636363,8.293212292584228,1373,176,1.0630774679496169,2847.4147727272725,377.0,54.60795454545455,44.0,99.0,2.6742374108322746e-07,0.9999605243213948,C
Product_1144,4.306962025316456,14.63711575842514,1361,316,3.398478015916491,1572.0411392405065,280.0,30.148734177215196,65.0,95.0,2.650864614816261e-07,0.9999607894078564,C
Product_0692,54.4,127.54345664648318,1360,25,2.3445488354132937,19856.0,996.0,380.8,583.0,964.0,2.648916881814926e-07,0.9999610542995444,C
Product_0365,3.621333333333333,4.018083898759306,1358,375,1.10955925039377,1321.7866666666666,257.0,25.34933333333333,21.0,46.0,2.645021415812257e-07,0.999961318801686,C
Product_0236,30.177777777777777,53.84417284623239,1358,45,1.784232531723459,11014.888888888889,742.0,211.24444444444444,254.0,465.0,2.645021415812257e-07,0.9999615833038276,C
Product_1095,7.172972972972973,10.568735904231689,1327,185,1.4734108080503865,2618.135135135135,362.0,50.21081081081081,52.0,102.0,2.584641692770887e-07,0.999961841767997,C
Product_0698,33.97435897435897,15.693591014180846,1325,39,0.4619245657004174,12400.641025641024,787.0,237.8205128205128,131.0,369.0,2.580746226768218e-07,0.9999620998426196,C
Product_1803,5.317269076305221,6.641735023688212,1324,249,1.2490876290773147,1940.8032128514055,312.0,37.22088353413655,34.0,71.0,2.578798493766884e-07,0.999962357722469,C
Product_1909,2.7154639175257733,3.3342493984200976,1317,485,1.227874683548783,991.1443298969072,223.0,19.00824742268041,17.0,36.0,2.5651643627575424e-07,0.9999626142389052,C
Product_1208,4.488054607508532,3.558324308915471,1315,293,0.7928433631271734,1638.1399317406142,286.0,31.41638225255973,21.0,52.0,2.5612688967548733e-07,0.999962870365795,C
Product_0343,16.632911392405063,24.47561696935359,1314,79,1.471517306376662,6071.012658227848,551.0,116.43037974683544,120.0,236.0,2.5593211637535385e-07,0.9999631262979114,C
Product_1895,13.252525252525253,18.29483223249593,1312,99,1.3804789565679094,4837.171717171717,492.0,92.76767676767676,91.0,184.0,2.5554256977508695e-07,0.9999633818404812,C
Product_2094,18.422535211267604,30.676962958187826,1308,71,1.6651868272410824,6724.225352112676,580.0,128.95774647887322,147.0,276.0,2.547634765745532e-07,0.9999636366039576,C
Product_0578,40.78125,85.83319696721603,1305,32,2.104722071226753,14885.15625,863.0,285.46875,397.0,682.0,2.541791566741528e-07,0.9999638907831144,C
Product_0462,23.944444444444443,33.267025243526945,1293,54,1.3893421215394084,8739.72222222222,661.0,167.6111111111111,165.0,333.0,2.518418770725514e-07,0.9999641426249914,C
Product_1084,421.3333333333333,319.038137741138,1264,3,0.7572107699552325,153786.66666666666,2773.0,2949.333333333333,1962.0,4911.0,2.4619345136868134e-07,0.9999643888184429,C
Product_0447,16.025641025641026,41.05807554873424,1250,78,2.5620239142410166,5849.358974358975,541.0,112.17948717948718,186.0,298.0,2.43466625166813e-07,0.999964632285068,C
Product_0347,6.587301587301587,11.95243443639971,1245,189,1.81446595058598,2404.365079365079,347.0,46.11111111111111,56.0,102.0,2.424927586661458e-07,0.9999648747778268,C
Product_0828,6.894444444444445,12.400440261702292,1241,180,1.7986134142678587,2516.472222222222,355.0,48.26111111111111,59.0,107.0,2.41713665465612e-07,0.999965116491492,C
Product_0339,7.923076923076923,14.053601747750193,1236,156,1.7737555603956554,2891.923076923077,380.0,55.46153846153847,66.0,121.0,2.407397989649448e-07,0.9999653572312912,C
Product_0575,93.53846153846152,174.74439208198518,1216,13,1.868155507455434,34141.53846153846,1307.0,654.7692307692307,820.0,1475.0,2.368443329622757e-07,0.999965594075624,C
Product_1872,4.5092936802973975,7.195880549822282,1213,269,1.5957888441073322,1645.89219330855,287.0,31.565055762081784,35.0,67.0,2.3626001306187538e-07,0.9999658303356372,C
Product_0165,11.970297029702971,12.639980573991846,1209,101,1.0559454408380284,4369.158415841584,467.0,83.79207920792079,68.0,152.0,2.3548091986134162e-07,0.999966065816557,C
Product_1913,75.4375,76.80709060149763,1207,16,1.0181553020911036,27534.6875,1173.0,528.0625,416.0,944.0,2.350913732610747e-07,0.9999663009079304,C
Product_0623,6.743016759776537,11.386513501701764,1207,179,1.6886378763915624,2461.201117318436,351.0,47.20111731843576,54.0,101.0,2.350913732610747e-07,0.9999665359993036,C
Product_1799,100.25,312.3058305862729,1203,12,3.115270130536388,36591.25,1353.0,701.75,1399.0,2101.0,2.343122800605409e-07,0.9999667703115837,C
Product_0722,6.349206349206349,5.351949525964356,1200,189,0.8429320503393861,2317.460317460317,340.0,44.44444444444444,31.0,75.0,2.337279601601405e-07,0.9999670040395436,C
Product_0539,14.105882352941176,23.45868888138494,1199,85,1.6630429982633197,5148.647058823529,507.0,98.74117647058824,112.0,211.0,2.335331868600071e-07,0.9999672375727306,C
Product_2120,41.310344827586206,50.20252088738449,1198,29,1.2152530097947831,15078.275862068966,868.0,289.17241379310343,257.0,546.0,2.3333841355987362e-07,0.9999674709111442,C
Product_1679,5.772277227722772,14.063382598500867,1166,202,2.436366453599636,2106.881188118812,325.0,40.4059405940594,64.0,104.0,2.271056679556032e-07,0.9999676980168122,C
Product_1853,3.360230547550432,4.542659447943351,1166,347,1.3518892182129871,1226.4841498559078,248.0,23.521613832853024,23.0,47.0,2.271056679556032e-07,0.99996792512248,C
Product_0645,9.32,13.985361010022055,1165,125,1.5005752156676029,3401.8,412.0,65.24000000000001,68.0,133.0,2.2691089465546975e-07,0.9999681520333747,C
Product_0481,21.10909090909091,33.53642173058394,1161,55,1.588719375695191,7704.818181818182,621.0,147.76363636363635,162.0,310.0,2.26131801454936e-07,0.9999683781651764,C
Product_0574,57.75,135.955826804537,1155,20,2.3542134511608137,21078.75,1027.0,404.25,621.0,1025.0,2.2496316165413525e-07,0.999968603128338,C
Product_0240,164.42857142857142,195.2928204371213,1151,7,1.1877061190789309,60016.428571428565,1732.0,1151.0,1007.0,2158.0,2.2418406845360147e-07,0.9999688273124064,C
Product_0369,76.66666666666667,65.78283174492378,1150,15,0.8580369358033536,27983.333333333336,1183.0,536.6666666666667,382.0,919.0,2.23989295153468e-07,0.9999690513017014,C
Product_0542,22.03846153846154,31.244740130492705,1146,52,1.4177368994638924,8044.038461538462,634.0,154.26923076923077,154.0,308.0,2.2321020195293418e-07,0.9999692745119034,C
Product_0669,6.625730994152047,8.288917755095628,1133,171,1.2510193610956333,2418.3918128654973,348.0,46.38011695906432,42.0,88.0,2.2067814905119933e-07,0.9999694951900524,C
Product_1689,5.9319371727748695,11.20622833945623,1133,191,1.8891346980018888,2165.1570680628274,329.0,41.52356020942409,53.0,95.0,2.2067814905119933e-07,0.9999697158682016,C
Product_1763,3.175141242937853,4.0419686544088105,1124,354,1.2730043626874723,1158.9265536723162,241.0,22.22598870056497,20.0,42.0,2.189251893499983e-07,0.9999699347933908,C
Product_1673,4.151851851851852,5.300899157113001,1121,270,1.276755372364416,1515.425925925926,275.0,29.062962962962963,27.0,56.0,2.1834086944959798e-07,0.9999701531342604,C
Product_1894,13.107142857142858,31.72130820360379,1101,84,2.420154304362142,4784.107142857143,489.0,91.75,145.0,237.0,2.1444540344692893e-07,0.9999703675796638,C
Product_0432,5.150234741784038,9.537708796958514,1097,213,1.85189787944591,1879.8356807511736,307.0,36.05164319248826,45.0,81.0,2.1366631024639515e-07,0.999970581245974,C
Product_1828,14.466666666666669,16.349504772509363,1085,75,1.130150099482214,5280.333333333333,514.0,101.26666666666668,86.0,187.0,2.113290306447937e-07,0.9999707925750048,C
Product_0656,5.7407407407407405,6.865848375581101,1085,189,1.1959864912302565,2095.3703703703704,324.0,40.18518518518518,35.0,75.0,2.113290306447937e-07,0.9999710039040351,C
Product_1720,26.365853658536587,56.32395409484359,1081,41,2.1362461775102566,9623.536585365857,694.0,184.5609756097561,260.0,445.0,2.105499374442599e-07,0.9999712144539727,C
Product_1663,11.284210526315787,17.001040742795308,1072,95,1.50662208075145,4118.736842105263,454.0,78.98947368421052,83.0,162.0,2.087969777430589e-07,0.9999714232509505,C
Product_1110,4.824324324324325,7.257434524419647,1071,222,1.504342170327882,1760.8783783783786,297.0,33.770270270270274,35.0,69.0,2.0860220444292547e-07,0.9999716318531549,C
Product_0504,8.223076923076922,18.77209928029856,1069,130,2.282855852608806,3001.4230769230767,387.0,57.56153846153845,86.0,144.0,2.082126578426585e-07,0.9999718400658127,C
Product_0346,7.96969696969697,21.99269115023464,1052,132,2.759539193755677,2908.939393939394,381.0,55.78787878787879,99.0,155.0,2.0490151174038985e-07,0.9999720449673244,C
Product_1859,3.899253731343284,6.428599445195281,1045,268,1.648674307475919,1423.2276119402984,267.0,27.294776119402982,31.0,58.0,2.035380986394557e-07,0.9999722485054232,C
Product_0960,3.205521472392638,3.4832478484000635,1045,326,1.0866399986396371,1170.0153374233128,242.0,22.438650306748464,18.0,40.0,2.035380986394557e-07,0.9999724520435216,C
Product_0136,6.509433962264151,6.579473185528794,1035,159,1.01075964879138,2375.943396226415,345.0,45.56603773584905,36.0,82.0,2.015903656381212e-07,0.9999726536338872,C
Product_1771,2.893258426966292,4.283589326926634,1030,356,1.480541553772701,1056.0393258426966,230.0,20.252808988764045,21.0,41.0,2.0061649913745398e-07,0.9999728542503864,C
Product_0541,9.556603773584904,10.38045800318055,1013,106,1.0862078463347862,3488.1603773584907,418.0,66.89622641509433,55.0,122.0,1.973053530351853e-07,0.9999730515557396,C
Product_0160,9.293577981651376,40.45969708247253,1013,109,4.3535113346391965,3392.1559633027523,412.0,65.05504587155963,179.0,244.0,1.973053530351853e-07,0.9999732488610926,C
Product_1174,21.041666666666668,19.811836493576937,1010,48,0.9415526254373198,7680.208333333334,620.0,147.29166666666669,111.0,258.0,1.9672103313478493e-07,0.9999734455821258,C
Product_1749,2.547979797979798,2.7180076395596773,1009,396,1.066730451204789,930.0126262626264,216.0,17.835858585858585,14.0,32.0,1.965262598346515e-07,0.9999736421083856,C
Product_0625,3.8725868725868726,5.756289235503436,1003,259,1.486419653036281,1413.4942084942086,266.0,27.10810810810811,28.0,55.0,1.9535762003385082e-07,0.9999738374660057,C
Product_1112,7.0,13.963735728413004,1001,143,1.994819389773286,2555.0,357.0,49.0,65.0,114.0,1.9496807343358389e-07,0.9999740324340792,C
Product_0233,199.2,184.5296724106993,996,5,0.9263537771621452,72708.0,1907.0,1394.4,1036.0,2430.0,1.9399420693291665e-07,0.999974226428286,C
Product_0866,3.3288590604026846,1.7405558654665143,992,298,0.5228685966824811,1215.03355704698,246.0,23.302013422818792,13.0,36.0,1.9321511373238282e-07,0.9999744196433996,C
Product_1684,5.548571428571429,5.997766415128497,971,175,1.0809568719335605,2025.2285714285715,318.0,38.84,32.0,71.0,1.8912487442958042e-07,0.9999746087682742,C
Product_0675,3.4301075268817205,5.274612433092276,957,279,1.5377396748513532,1251.989247311828,250.0,24.010752688172044,26.0,50.0,1.863980482277121e-07,0.9999747951663224,C
Product_1783,7.496062992125984,12.160875344269323,952,127,1.6223016478174417,2736.062992125984,370.0,52.47244094488189,58.0,110.0,1.854241817270448e-07,0.999974980590504,C
Product_1750,3.70703125,3.5551825433677338,949,256,0.9590376513194308,1353.06640625,260.0,25.94921875,20.0,46.0,1.8483986182664445e-07,0.999975165430366,C
Product_0519,8.234782608695653,10.181106025794389,947,115,1.236353952445992,3005.695652173913,388.0,57.64347826086957,52.0,110.0,1.8445031522637757e-07,0.9999753498806812,C
Product_1926,3.1824324324324325,3.456337166074607,942,296,1.08606772946718,1161.587837837838,241.0,22.277027027027028,18.0,40.0,1.834764487257103e-07,0.99997553335713,C
Product_1767,3.3404255319148937,12.361880212190856,942,282,3.700690254604906,1219.2553191489362,247.0,23.382978723404257,55.0,78.0,1.834764487257103e-07,0.9999757168335786,C
Product_0521,10.590909090909092,17.084399258230565,932,88,1.6131192432664052,3865.6818181818185,440.0,74.13636363636364,82.0,156.0,1.815287157243758e-07,0.9999758983622944,C
Product_0717,21.627906976744185,32.12180927701981,930,43,1.485201934313819,7894.186046511628,628.0,151.3953488372093,157.0,308.0,1.811391691241089e-07,0.9999760795014634,C
Product_0567,38.66666666666666,62.16994007778487,928,24,1.6078432778737468,14113.333333333332,840.0,270.66666666666663,299.0,570.0,1.80749622523842e-07,0.999976260251086,C
Product_0860,10.258426966292134,20.463675184162327,913,89,1.994816091336744,3744.325842696629,433.0,71.80898876404494,95.0,167.0,1.7782802302184027e-07,0.9999764380791089,C
Product_2074,20.363636363636363,17.266839989225904,896,44,0.8479251780423435,7432.727272727273,610.0,142.54545454545453,101.0,244.0,1.745168769195716e-07,0.9999766125959858,C
Product_0693,6.222222222222222,7.332697577866809,896,144,1.178469253585737,2271.1111111111118,337.0,43.55555555555556,38.0,82.0,1.745168769195716e-07,0.9999767871128628,C
Product_0330,14.07936507936508,22.052943324368133,887,63,1.5663308110881538,5138.9682539682535,507.0,98.55555555555556,107.0,206.0,1.7276391721837053e-07,0.99997695987678,C
Product_0751,11.0126582278481,13.042822636623262,870,79,1.1843482624060204,4019.620253164557,448.0,77.0886075949367,67.0,144.0,1.694527711161019e-07,0.9999771293295512,C
Product_1117,7.972477064220183,13.26612137042123,869,109,1.6639899072219957,2909.9541284403667,381.0,55.80733944954128,63.0,119.0,1.6925799781596845e-07,0.9999772985875488,C
Product_0326,8.238095238095237,14.924504765346237,865,105,1.8116450871229532,3006.904761904761,388.0,57.66666666666666,70.0,128.0,1.684789046154346e-07,0.9999774670664536,C
Product_1683,3.719827586206896,4.5644915949017095,863,232,1.2270707416189996,1357.7370689655172,261.0,26.038793103448278,23.0,49.0,1.680893580151677e-07,0.9999776351558116,C
Product_1805,3.4898785425101213,2.892185080183086,862,247,0.8287351679874968,1273.8056680161942,252.0,24.42914979757085,17.0,41.0,1.678945847150343e-07,0.9999778030503962,C
Product_1914,61.07142857142857,48.39177343582002,855,14,0.7923799159081641,22291.071428571428,1056.0,427.5,291.0,718.0,1.6653117161410014e-07,0.9999779695815678,C
Product_0461,8.362745098039216,12.676312372299927,853,102,1.515807575585689,3052.401960784314,391.0,58.53921568627452,62.0,121.0,1.661416250138332e-07,0.9999781357231928,C
Product_0149,9.48314606741573,29.58658800858567,844,89,3.119912716545172,3461.348314606741,416.0,66.3820224719101,132.0,198.0,1.6438866531263216e-07,0.9999783001118582,C
Product_1668,3.865740740740741,4.362155687208877,835,216,1.1284139262719968,1410.9953703703704,266.0,27.060185185185187,23.0,50.0,1.626357056114311e-07,0.9999784627475636,C
Product_1168,2.9469964664310955,4.151477967614703,834,283,1.4087149458452768,1075.65371024735,232.0,20.62897526501767,21.0,42.0,1.624409323112977e-07,0.999978625188496,C
Product_1910,68.66666666666667,107.85793124908956,824,12,1.570746571588683,25063.333333333336,1119.0,480.6666666666667,521.0,1002.0,1.6049319930996314e-07,0.9999787856816952,C
Product_0452,63.30769230769231,57.80914664564281,823,13,0.9131456942811136,23107.30769230769,1075.0,443.1538461538461,327.0,770.0,1.602984260098297e-07,0.9999789459801212,C
Product_1837,4.904191616766467,6.125429449350099,819,167,1.2490191917478224,1790.0299401197606,299.0,34.32934131736527,31.0,65.0,1.595193328092959e-07,0.999979105499454,C
Product_0861,6.560975609756097,6.655635282044604,807,123,1.0144276823934155,2394.7560975609754,346.0,45.92682926829268,36.0,82.0,1.5718205320769448e-07,0.9999792626815074,C
Product_0114,57.142857142857146,26.72612419124244,800,14,0.4677071733467426,20857.14285714286,1021.0,400.0,221.0,621.0,1.5581864010676034e-07,0.9999794185001476,C
Product_0655,5.917910447761194,7.229896688560524,793,134,1.221697548886646,2160.037313432836,329.0,41.42537313432836,37.0,78.0,1.544552270058262e-07,0.9999795729553744,C
Product_1754,3.458515283842795,12.920277802265083,792,229,3.735787394846848,1262.35807860262,251.0,24.20960698689957,57.0,81.0,1.5426045370569278e-07,0.9999797272158284,C
Product_0804,10.466666666666669,8.973434265793811,785,75,0.8573344839930392,3820.3333333333335,437.0,73.26666666666667,52.0,125.0,1.5289704060475858e-07,0.9999798801128688,C
Product_0736,6.782608695652174,3.3239761877027565,780,115,0.4900734122895089,2475.6521739130435,352.0,47.47826086956522,27.0,74.0,1.5192317410409132e-07,0.999980032036043,C
Product_2058,45.88235294117647,34.10623541403606,780,17,0.743341028254632,16747.058823529413,915.0,321.1764705882353,212.0,533.0,1.5192317410409132e-07,0.9999801839592172,C
Product_0765,4.968152866242038,5.577450458543559,780,157,1.122640669219665,1813.375796178344,301.0,34.77707006369427,29.0,64.0,1.5192317410409132e-07,0.9999803358823912,C
Product_1111,3.019455252918288,3.829828816617193,776,257,1.2683840281837868,1102.101167315175,235.0,21.13618677042801,19.0,40.0,1.5114408090355757e-07,0.9999804870264722,C
Product_0691,30.8,46.45069070171795,770,25,1.508139308497336,11242.0,750.0,215.6,226.0,442.0,1.4997544110275685e-07,0.9999806370019132,C
Product_1181,5.8396946564885495,6.979989854404277,765,131,1.1952662365058304,2131.4885496183206,326.0,40.87786259541985,36.0,77.0,1.4900157460208956e-07,0.999980786003488,C
Product_1096,8.193548387096774,3.6956439237594583,762,93,0.4510431560493828,2990.6451612903224,387.0,57.354838709677416,31.0,88.0,1.4841725470168926e-07,0.9999809344207428,C
Product_0528,5.474820143884892,5.463092153095577,761,139,0.997857830854514,1998.3093525179852,316.0,38.32374100719424,30.0,68.0,1.4822248140155578e-07,0.999981082643224,C
Product_0457,6.310924369747899,6.884947840428279,751,119,1.0909571145285824,2303.4873949579837,339.0,44.17647058823529,36.0,80.0,1.4627474840022128e-07,0.9999812289179724,C
Product_1687,3.8756476683937824,6.292776755287171,748,193,1.6236710077144707,1414.6113989637306,266.0,27.12953367875648,30.0,57.0,1.4569042849982093e-07,0.999981374608401,C
Product_1758,4.167597765363128,5.34588577867566,746,179,1.2827259442130603,1521.1731843575417,276.0,29.1731843575419,27.0,56.0,1.4530088189955402e-07,0.9999815199092827,C
Product_1911,57.38461538461539,68.86888322691952,746,13,1.2001279918900185,20945.384615384617,1023.0,401.6923076923077,354.0,756.0,1.4530088189955402e-07,0.9999816652101648,C
Product_1063,9.972972972972974,14.806489666556182,738,74,1.484661565481243,3640.135135135136,427.0,69.81081081081082,72.0,142.0,1.437426954984864e-07,0.9999818089528604,C
Product_1883,3.994444444444445,6.899515991624634,719,180,1.727277995121605,1457.9722222222222,270.0,27.961111111111112,33.0,61.0,1.4004200279595086e-07,0.999981948994863,C
Product_2152,5.233576642335766,11.10925870728253,717,137,2.122689599578392,1910.2554744525544,309.0,36.63503649635037,51.0,88.0,1.3965245619568396e-07,0.9999820886473192,C
Product_0797,3.6597938144329896,4.12596127392771,710,194,1.1273753340027828,1335.8247422680413,258.0,25.61855670103093,22.0,48.0,1.382890430947498e-07,0.9999822269363624,C
Product_1851,4.3354037267080745,4.391674081968745,698,161,1.012979265325169,1582.4223602484471,281.0,30.347826086956523,24.0,54.0,1.359517634931484e-07,0.9999823628881258,C
Product_0474,5.155555555555556,10.4158795722532,696,135,2.0203214687560083,1881.7777777777776,307.0,36.08888888888889,48.0,84.0,1.3556221689288149e-07,0.9999824984503428,C
Product_0263,2.8524590163934427,2.6205020445310896,696,244,0.9186817512436578,1041.1475409836066,228.0,19.9672131147541,15.0,35.0,1.3556221689288149e-07,0.9999826340125596,C
Product_1061,13.132075471698114,14.979521579924551,696,53,1.1406819593908062,4793.207547169812,490.0,91.9245283018868,78.0,170.0,1.3556221689288149e-07,0.9999827695747764,C
Product_0446,7.543478260869565,9.795057111253056,694,92,1.2984801934225951,2753.3695652173915,371.0,52.80434782608696,49.0,102.0,1.351726702926146e-07,0.9999829047474468,C
Product_0626,3.828729281767956,6.919252772652552,693,181,1.807193004112716,1397.486187845304,264.0,26.80110497237569,33.0,60.0,1.3497789699248118e-07,0.9999830397253436,C
Product_0163,13.153846153846152,24.17208292142365,684,52,1.8376437308684648,4801.153846153846,490.0,92.07692307692308,114.0,206.0,1.3322493729128009e-07,0.999983172950281,C
Product_0750,10.149253731343284,11.24689011742503,680,67,1.108149467452172,3704.477611940298,430.0,71.044776119403,59.0,130.0,1.324458440907463e-07,0.9999833053961252,C
Product_0766,5.075757575757576,7.847420164518514,670,132,1.5460588980842445,1852.6515151515152,304.0,35.53030303030303,38.0,74.0,1.3049811108941178e-07,0.9999834358942362,C
Product_1760,1.919308357348703,1.7811964495597248,666,347,0.9280407927886254,700.5475504322766,187.0,13.435158501440922,10.0,23.0,1.29719017888878e-07,0.999983565613254,C
Product_0640,4.472972972972973,4.930049393228503,662,148,1.1021862691809947,1632.635135135135,286.0,31.31081081081081,26.0,57.0,1.289399246883442e-07,0.9999836945531788,C
Product_0334,5.23015873015873,8.56239471027838,659,126,1.637119474195866,1909.0079365079368,309.0,36.61111111111112,41.0,78.0,1.2835560478794386e-07,0.9999838229087836,C
Product_0536,11.310344827586206,18.06538504214934,656,58,1.5972444092144236,4128.275862068966,454.0,79.17241379310344,87.0,166.0,1.277712848875435e-07,0.9999839506800684,C
Product_0965,2.183333333333333,2.3497788031289955,655,300,1.076234566318624,796.9166666666666,200.0,15.283333333333331,12.0,27.0,1.2757651158741002e-07,0.99998407825658,C
Product_0568,33.94736842105263,50.71431277724106,645,19,1.493909988786946,12390.78947368421,787.0,237.6315789473684,247.0,485.0,1.2562877858607552e-07,0.9999842038853588,C
Product_1086,159.0,163.47476869535555,636,4,1.0281431993418588,58035.0,1703.0,1113.0,883.0,1996.0,1.2387581888487448e-07,0.9999843277611776,C
Product_1858,3.773809523809524,4.097176449910984,634,168,1.085687134992185,1377.440476190476,262.0,26.416666666666664,22.0,48.0,1.234862722846076e-07,0.99998445124745,C
Product_0319,39.625,97.11427976015338,634,16,2.4508335586158583,14463.125,850.0,277.375,442.0,719.0,1.234862722846076e-07,0.9999845747337224,C
Product_1940,3.1758793969849246,4.578630767222135,632,199,1.4416891181601343,1159.1959798994974,241.0,22.231155778894472,22.0,44.0,1.230967256843407e-07,0.999984697830448,C
Product_1103,8.971428571428572,10.918633758259226,628,70,1.217045164137175,3274.5714285714284,405.0,62.8,56.0,119.0,1.2231763248380686e-07,0.9999848201480804,C
Product_1712,5.370689655172414,4.188037150314427,623,116,0.779795039223874,1960.301724137931,313.0,37.5948275862069,25.0,63.0,1.2134376598313965e-07,0.9999849414918464,C
Product_2102,47.84615384615385,106.76363781257344,622,13,2.231394359426776,17463.846153846152,934.0,334.9230769230769,491.0,826.0,1.2114899268300617e-07,0.9999850626408392,C
Product_0867,3.2291666666666665,1.380334329837936,620,192,0.4274583731111028,1178.6458333333333,243.0,22.604166666666664,12.0,35.0,1.207594460827393e-07,0.9999851834002852,C
Product_1915,103.16666666666669,133.83933153847812,619,6,1.2973117758172354,37655.833333333336,1372.0,722.1666666666667,674.0,1396.0,1.2056467278260582e-07,0.999985303964958,C
Product_0135,6.791208791208791,8.984575032943324,618,91,1.3229714045272531,2478.7912087912086,352.0,47.53846153846154,45.0,93.0,1.2036989948247237e-07,0.9999854243348576,C
Product_1925,55.81818181818182,27.106523870899352,614,11,0.4856217631594346,20373.636363636364,1009.0,390.7272727272728,218.0,609.0,1.1959080628193858e-07,0.999985543925664,C
Product_1881,3.477272727272727,3.176619129028392,612,176,0.9135375273022828,1269.2045454545453,252.0,24.34090909090909,18.0,42.0,1.1920125968167166e-07,0.9999856631269236,C
Product_1916,18.51515151515152,11.454041896098326,611,33,0.6186307407058016,6758.030303030303,581.0,129.60606060606062,79.0,209.0,1.1900648638153821e-07,0.9999857821334098,C
Product_1691,8.342465753424657,16.866484829456407,609,73,2.021762549343708,3044.9999999999995,390.0,58.3972602739726,78.0,136.0,1.1861693978127133e-07,0.9999859007503497,C
Product_0170,7.313253012048193,9.709095196400394,607,83,1.3276028028026898,2669.3373493975905,365.0,51.19277108433735,49.0,100.0,1.182273931810044e-07,0.9999860189777428,C
Product_0659,6.131313131313132,8.711529382172712,607,99,1.420826044209388,2237.929292929293,335.0,42.91919191919192,43.0,86.0,1.182273931810044e-07,0.999986137205136,C
Product_0721,3.4685714285714284,3.817365902060407,607,175,1.1005585384852905,1266.0285714285717,252.0,24.28,20.0,44.0,1.182273931810044e-07,0.9999862554325292,C
Product_0450,6.122448979591836,8.595449894515276,600,98,1.4039234827708285,2234.6938775510203,334.0,42.85714285714285,42.0,85.0,1.1686398008007025e-07,0.9999863722965092,C
Product_0753,8.823529411764707,9.147124458800905,600,68,1.0366741053307689,3220.588235294118,401.0,61.76470588235294,49.0,111.0,1.1686398008007025e-07,0.9999864891604894,C
Product_1614,18.181818181818183,12.10747327442473,600,33,0.6659110300933602,6636.363636363637,576.0,127.27272727272728,80.0,207.0,1.1686398008007025e-07,0.9999866060244694,C
Product_0778,11.442307692307692,6.518190117914098,595,52,0.5696569514815683,4176.442307692308,457.0,80.09615384615384,47.0,127.0,1.15890113579403e-07,0.999986721914583,C
Product_0946,2.1214285714285714,3.12457677625658,594,280,1.4728644736563,774.3214285714286,197.0,14.85,15.0,30.0,1.1569534027926958e-07,0.9999868376099234,C
Product_1852,3.842105263157895,6.394435974544971,584,152,1.664305253648691,1402.3684210526317,265.0,26.894736842105264,31.0,58.0,1.1374760727793505e-07,0.9999869513575308,C
Product_0396,5.12280701754386,8.09582034726386,584,114,1.5803484924453426,1869.8245614035088,306.0,35.859649122807014,39.0,75.0,1.1374760727793505e-07,0.999987065105138,C
Product_0873,145.0,186.9937610367433,580,4,1.2896121450809883,52925.0,1627.0,1015.0,943.0,1958.0,1.1296851407740124e-07,0.999987178073652,C
Product_0617,2.731132075471698,3.7515712526873313,579,212,1.3736323066834444,996.8632075471696,223.0,19.117924528301884,19.0,38.0,1.127737407772678e-07,0.9999872908473928,C
Product_0651,3.2742857142857145,3.3740339491937528,573,175,1.0304641206089122,1195.114285714286,244.0,22.92,18.0,41.0,1.1160510097646709e-07,0.9999874024524938,C
Product_0060,3.4047619047619047,5.786871467390384,572,168,1.6996405708419309,1242.7380952380952,249.0,23.83333333333333,28.0,52.0,1.1141032767633365e-07,0.9999875138628216,C
Product_0752,9.344262295081966,7.215458511422169,570,61,0.7721806477136006,3410.6557377049176,413.0,65.40983606557377,44.0,109.0,1.1102078107606677e-07,0.9999876248836026,C
Product_0862,4.351145038167939,5.783163446422112,570,131,1.329113002598766,1588.1679389312976,282.0,30.45801526717557,29.0,59.0,1.1102078107606677e-07,0.9999877359043836,C
Product_1172,16.285714285714285,22.156623533078196,570,35,1.3604944274697135,5944.285714285714,545.0,114.0,110.0,224.0,1.1102078107606677e-07,0.9999878469251648,C
Product_1920,3.15,2.307323778051052,567,180,0.7324837390638258,1149.75,240.0,22.05,14.0,36.0,1.104364611756664e-07,0.999987957361626,C
Product_1146,2.9375,2.8645239363983235,564,192,0.9751570847313442,1072.1875,232.0,20.5625,16.0,37.0,1.0985214127526605e-07,0.9999880672137672,C
Product_1806,2.778325123152709,2.0525577264730743,564,203,0.7387752100603441,1014.088669950739,225.0,19.448275862068968,13.0,32.0,1.0985214127526605e-07,0.9999881770659086,C
Product_0267,2.7170731707317075,7.145405161436991,557,205,2.6298169804211544,991.7317073170732,223.0,19.01951219512195,32.0,51.0,1.0848872817433189e-07,0.9999882855546368,C
Product_1660,6.607142857142857,12.179399808290611,555,84,1.8433686196331736,2411.6071428571427,347.0,46.25,57.0,103.0,1.0809918157406501e-07,0.9999883936538184,C
Product_0449,6.9125,10.478662768584622,553,80,1.5159005813503974,2523.0625,355.0,48.3875,51.0,99.0,1.0770963497379808e-07,0.9999885013634534,C
Product_1091,8.903225806451612,11.311838680851942,552,62,1.2705326054580082,3249.6774193548385,403.0,62.32258064516128,57.0,119.0,1.0751486167366464e-07,0.9999886088783152,C
Product_0484,55.0,41.432676315520176,550,10,0.7533213875549123,20075.0,1002.0,385.0,255.0,640.0,1.0712531507339775e-07,0.9999887160036302,C
Product_0805,3.741496598639456,3.913601913408183,550,147,1.0459990568563688,1365.6462585034014,261.0,26.19047619047619,21.0,47.0,1.0712531507339775e-07,0.9999888231289452,C
Product_1868,2.04089219330855,2.4099840417766125,549,269,1.1808482827648612,744.9256505576208,193.0,14.286245353159847,12.0,26.0,1.0693054177326429e-07,0.999988930059487,C
Product_0164,8.353846153846154,13.677571478097326,543,65,1.637278353731724,3049.153846153846,390.0,58.47692307692308,66.0,124.0,1.0576190197246361e-07,0.999989035821389,C
Product_0803,4.426229508196721,4.367267490699468,540,122,0.9866789516024724,1615.573770491803,284.0,30.98360655737705,24.0,55.0,1.0517758207206324e-07,0.9999891409989712,C
Product_0661,6.573170731707317,7.686818102335453,539,82,1.1694231621363769,2399.2073170731705,346.0,46.01219512195122,40.0,86.0,1.0498280877192979e-07,0.99998924598178,C
Product_1814,8.65,7.327276646261383,519,60,0.8470840053481368,3157.25,397.0,60.55,43.0,104.0,1.0108734276926077e-07,0.9999893470691226,C
Product_0057,2.6192893401015227,2.699628376265298,516,197,1.030672073884232,956.0406091370558,219.0,18.335025380710658,15.0,33.0,1.0050302286886041e-07,0.9999894475721456,C
Product_0527,9.214285714285714,12.353452643200288,516,56,1.340684782982977,3363.2142857142853,410.0,64.5,62.0,126.0,1.0050302286886041e-07,0.9999895480751684,C
Product_0806,3.261146496815287,3.806449481009572,512,157,1.1672120478877006,1190.3184713375797,244.0,22.82802547770701,20.0,43.0,9.972392966832663e-08,0.999989647799098,C
Product_1930,2.9705882352941178,2.915834084670839,505,170,0.9815679096911736,1084.264705882353,233.0,20.794117647058822,16.0,37.0,9.836051656739249e-08,0.9999897461596148,C
Product_2061,20.2,38.78788470643895,505,25,1.920192312199948,7373.0,607.0,141.4,181.0,322.0,9.836051656739249e-08,0.9999898445201312,C
Product_0800,4.752380952380952,4.2102917685781325,499,105,0.8859331376767613,1734.6190476190477,295.0,33.266666666666666,24.0,57.0,9.719187676659176e-08,0.999989941712008,C
Product_0531,5.892857142857143,7.678820593964003,495,84,1.3030725856423762,2150.8928571428573,328.0,41.25,39.0,80.0,9.641278356605797e-08,0.9999900381247916,C
Product_1781,4.049180327868853,5.327074862934843,494,122,1.315593387202532,1477.9508196721313,272.0,28.34426229508197,27.0,55.0,9.621801026592453e-08,0.9999901343428018,C
Product_0641,2.4166666666666665,2.576497922280156,493,204,1.0661370712883405,882.0833333333333,210.0,16.916666666666664,14.0,31.0,9.602323696579106e-08,0.9999902303660388,C
Product_1665,7.144927536231884,11.626889931532244,493,69,1.627292911309787,2607.898550724637,361.0,50.01449275362319,56.0,106.0,9.602323696579106e-08,0.9999903263892757,C
Product_0526,6.139240506329114,6.297606743662657,485,79,1.0257957376275255,2240.8227848101264,335.0,42.974683544303794,34.0,77.0,9.446505056472347e-08,0.9999904208543262,C
Product_0616,3.0961538461538463,2.9375848015846686,483,156,0.9487851533068494,1130.0961538461538,238.0,21.673076923076923,16.0,38.0,9.407550396445657e-08,0.9999905149298302,C
Product_0331,5.426966292134831,7.661722510532228,483,89,1.4117873777171188,1980.8426966292132,315.0,37.98876404494382,38.0,76.0,9.407550396445657e-08,0.999990609005334,C
Product_0954,4.5046728971962615,5.578553663531436,482,107,1.238392618252829,1644.2056074766354,287.0,31.53271028037383,28.0,60.0,9.38807306643231e-08,0.9999907028860648,C
Product_1898,4.059322033898305,4.820349267200558,479,118,1.1874764374314526,1481.6525423728815,272.0,28.41525423728814,25.0,53.0,9.329641076392277e-08,0.9999907961824755,C
Product_0530,4.828282828282828,5.560502847692098,478,99,1.1516522634341375,1762.323232323232,297.0,33.79797979797979,29.0,63.0,9.31016374637893e-08,0.9999908892841132,C
Product_1620,1.490566037735849,1.1933989024715137,474,318,0.8006347067213951,544.0566037735848,165.0,10.433962264150942,7.0,17.0,9.23225442632555e-08,0.9999909816066572,C
Product_1113,4.927083333333333,8.329080054928246,473,96,1.6904686792243375,1798.3854166666663,300.0,34.48958333333333,40.0,74.0,9.212777096312207e-08,0.9999910737344284,C
Product_0498,4.957894736842105,7.367143546270495,471,95,1.485941904237149,1809.6315789473683,301.0,34.705263157894734,36.0,71.0,9.173822436285517e-08,0.9999911654726528,C
Product_0482,3.3191489361702127,4.817111091776557,468,141,1.4513091109839626,1211.4893617021276,246.0,23.23404255319149,24.0,47.0,9.11539044624548e-08,0.9999912566265572,C
Product_2119,19.416666666666668,21.817258160071088,466,24,1.1236356133942191,7087.083333333334,595.0,135.91666666666669,114.0,250.0,9.07643578621879e-08,0.9999913473909148,C
Product_0324,9.019607843137257,14.28914300590267,460,51,1.5842310723935569,3292.156862745098,406.0,63.13725490196079,69.0,132.0,8.95957180613872e-08,0.999991436986633,C
Product_1801,7.1875,11.230450386027083,460,64,1.5624974450124638,2623.4375,362.0,50.3125,54.0,104.0,8.95957180613872e-08,0.999991526582351,C
Product_2096,25.5,33.67535317950958,459,18,1.320602085470964,9307.5,682.0,178.5,169.0,348.0,8.940094476125375e-08,0.9999916159832958,C
Product_1953,3.5348837209302326,2.958162731187391,456,129,0.8368486673753803,1290.2325581395348,254.0,24.74418604651163,17.0,42.0,8.88166248608534e-08,0.9999917047999206,C
Product_1714,4.680412371134021,4.803528199304343,454,97,1.0263044831112802,1708.3505154639176,292.0,32.76288659793815,26.0,59.0,8.84270782605865e-08,0.9999917932269988,C
Product_0262,4.561224489795919,4.506733396579798,447,98,0.988053406856421,1664.8469387755104,289.0,31.92857142857143,25.0,57.0,8.706366515965235e-08,0.999991880290664,C
Product_0266,2.0704225352112675,2.5898419690003154,441,213,1.2508760530545742,755.7042253521126,194.0,14.492957746478872,13.0,27.0,8.589502535885165e-08,0.9999919661856892,C
Product_0440,25.88235294117647,24.907033025184816,440,17,0.9623171850639588,9447.058823529413,687.0,181.1764705882353,138.0,319.0,8.570025205871818e-08,0.9999920518859412,C
Product_0499,3.954545454545455,4.153889221326508,435,110,1.0504087686113008,1443.409090909091,269.0,27.681818181818183,22.0,50.0,8.472638555805095e-08,0.9999921366123268,C
Product_1800,6.1571428571428575,6.883367296724396,431,70,1.11794828485083,2247.357142857143,335.0,43.1,36.0,79.0,8.394729235751715e-08,0.9999922205596192,C
Product_0264,2.288770053475936,3.00931029957005,428,187,1.314815481354204,835.4010695187166,204.0,16.02139037433155,15.0,31.0,8.336297245711678e-08,0.9999923039225916,C
Product_2103,42.8,57.02397156752004,428,10,1.3323357842878514,15621.999999999998,884.0,299.6,285.0,585.0,8.336297245711678e-08,0.999992387285564,C
Product_0579,38.45454545454545,18.736934841983288,423,11,0.4872488966000382,14035.90909090909,838.0,269.1818181818182,151.0,420.0,8.238910595644953e-08,0.99999246967467,C
Product_0525,6.014285714285714,6.493012648264102,421,70,1.0795983025617273,2195.214285714286,331.0,42.1,34.0,76.0,8.199955935618264e-08,0.9999925516742294,C
Product_1928,3.952380952380953,3.94525263006291,415,105,0.9981964485701338,1442.6190476190477,269.0,27.666666666666668,22.0,50.0,8.083091955538194e-08,0.9999926325051488,C
Product_1584,3.45,3.006575427013153,414,120,0.8714711382646821,1259.25,251.0,24.15,17.0,41.0,8.063614625524849e-08,0.9999927131412952,C
Product_0494,7.666666666666667,10.964780667862884,414,54,1.430188782764724,2798.333333333333,374.0,53.66666666666667,54.0,108.0,8.063614625524849e-08,0.9999927937774412,C
Product_1946,2.58125,1.735576227875715,413,160,0.672378199661294,942.15625,217.0,18.06875,11.0,29.0,8.044137295511502e-08,0.9999928742188144,C
Product_0799,3.768518518518519,3.600639822378099,407,108,0.955452336159299,1375.5092592592594,262.0,26.37962962962963,20.0,46.0,7.927273315431432e-08,0.9999929534915476,C
Product_1769,2.3625730994152048,2.330766685065942,404,171,0.9865373840254358,862.3391812865498,208.0,16.538011695906434,13.0,30.0,7.868841325391398e-08,0.9999930321799608,C
Product_1179,5.597222222222222,6.947812954544053,403,72,1.2412966072634537,2042.986111111111,320.0,39.18055555555556,35.0,74.0,7.849363995378054e-08,0.9999931106736006,C
Product_1929,2.7902097902097904,2.5970002924640587,399,143,0.930754490782858,1018.4265734265736,226.0,19.531468531468533,15.0,35.0,7.771454675324673e-08,0.9999931883881474,C
Product_1145,4.6395348837209305,9.218795111647374,399,86,1.9870084701796344,1693.4302325581396,291.0,32.47674418604652,43.0,75.0,7.771454675324673e-08,0.9999932661026942,C
Product_1768,2.281609195402299,3.958747648519016,397,174,1.7350682388975034,832.7873563218391,204.0,15.971264367816092,19.0,35.0,7.732500015297981e-08,0.9999933434276944,C
Product_1937,3.798076923076923,3.1108323354478795,395,104,0.8190545895862772,1386.298076923077,263.0,26.58653846153846,18.0,45.0,7.693545355271292e-08,0.999993420363148,C
Product_1753,2.323529411764706,2.9923036210699427,395,170,1.2878268748908612,848.0882352941177,206.0,16.264705882352942,15.0,31.0,7.693545355271292e-08,0.9999934972986017,C
Product_1945,2.794326241134752,2.924081615277947,394,141,1.046435298868504,1019.9290780141844,226.0,19.56028368794326,16.0,36.0,7.674068025257947e-08,0.9999935740392818,C
Product_0456,5.383561643835616,5.360944508889945,393,73,0.9957988527963512,1965.0,313.0,37.68493150684931,29.0,67.0,7.654590695244603e-08,0.9999936505851889,C
Product_1941,2.2790697674418605,3.1068728295071515,392,172,1.3632197109061992,831.8604651162791,204.0,15.953488372093023,15.0,31.0,7.635113365231258e-08,0.9999937269363224,C
Product_0802,3.733333333333333,4.690962396473478,392,105,1.2565077847696815,1362.6666666666667,261.0,26.133333333333333,24.0,50.0,7.635113365231258e-08,0.999993803287456,C
Product_0801,4.030927835051546,5.372487025436913,391,97,1.3328164743411266,1471.2886597938143,271.0,28.216494845360824,27.0,55.0,7.615636035217911e-08,0.9999938794438163,C
Product_0350,3.3162393162393164,3.5783100727461803,388,117,1.079026491008513,1210.4273504273506,246.0,23.213675213675216,19.0,42.0,7.557204045177878e-08,0.9999939550158568,C
Product_0327,3.130081300813008,5.932626308083862,385,123,1.895358534790429,1142.479674796748,239.0,21.910569105691057,28.0,50.0,7.498772055137841e-08,0.9999940300035772,C
Product_1876,3.801980198019802,5.4845597853979084,384,101,1.4425534852218458,1387.7227722772277,263.0,26.613861386138613,27.0,54.0,7.479294725124496e-08,0.9999941047965246,C
Product_1681,4.186813186813187,4.8828773118409226,381,91,1.1662515364239474,1528.1868131868132,276.0,29.30769230769231,25.0,54.0,7.420862735084463e-08,0.999994179005152,C
Product_2161,29.23076923076923,19.82487430037429,380,13,0.6782193839601731,10669.23076923077,730.0,204.6153846153846,129.0,334.0,7.401385405071116e-08,0.999994253019006,C
Product_1874,1.7546296296296295,1.7253181309212058,379,216,0.9832947659076002,640.4398148148148,179.0,12.282407407407408,9.0,21.0,7.381908075057771e-08,0.9999943268380868,C
Product_1865,2.1235955056179776,2.979478681580217,378,178,1.403034934712377,775.1123595505618,197.0,14.865168539325843,15.0,30.0,7.362430745044426e-08,0.9999944004623942,C
Product_1882,2.450980392156863,3.7415539560711855,375,153,1.5265540140770435,894.6078431372549,211.0,17.15686274509804,18.0,35.0,7.303998755004393e-08,0.9999944735023816,C
Product_1939,2.6956521739130435,2.469104556067009,372,138,0.9159581417667936,983.9130434782608,222.0,18.869565217391305,14.0,33.0,7.245566764964357e-08,0.9999945459580494,C
Product_0256,1.855,1.702488571674834,371,200,0.9177835965902073,677.075,184.0,12.985,10.0,23.0,7.226089434951012e-08,0.9999946182189438,C
Product_1099,5.935483870967742,2.8276791604002427,368,62,0.4764024672413452,2166.451612903226,329.0,41.54838709677419,23.0,65.0,7.167657444910976e-08,0.9999946898955182,C
Product_1956,2.801526717557252,2.2750142766356576,367,131,0.8120623167282592,1022.5572519083968,226.0,19.610687022900763,14.0,34.0,7.148180114897631e-08,0.9999947613773194,C
Product_1178,4.333333333333333,4.505240143990116,364,84,1.0396708024592576,1581.6666666666663,281.0,30.33333333333333,24.0,54.0,7.089748124857595e-08,0.9999948322748006,C
Product_1662,5.142857142857143,5.779237486150319,360,70,1.1237406223070066,1877.142857142857,306.0,36.0,30.0,66.0,7.011838804804217e-08,0.9999949023931888,C
Product_0824,20.94117647058824,13.329809583389093,356,17,0.6365358508921758,7643.529411764706,618.0,146.58823529411765,90.0,237.0,6.933929484750836e-08,0.9999949717324836,C
Product_1936,1.497854077253219,1.3458892186801994,349,233,0.8985449511532563,546.7167381974249,165.0,10.484978540772532,8.0,18.0,6.79758817465742e-08,0.9999950397083652,C
Product_1694,3.793478260869565,5.943947043007,349,92,1.5668857534574328,1384.6195652173917,263.0,26.55434782608696,29.0,56.0,6.79758817465742e-08,0.9999951076842468,C
Product_1870,2.54014598540146,1.8748121417269656,348,137,0.7380725960246962,927.1532846715328,215.0,17.78102189781022,12.0,30.0,6.778110844644074e-08,0.9999951754653552,C
Product_1877,2.238709677419355,3.0452941575609027,347,155,1.3602898974695674,817.1290322580645,202.0,15.670967741935485,15.0,31.0,6.75863351463073e-08,0.9999952430516904,C
Product_1855,7.040816326530612,12.788274550790444,345,49,1.816305660836904,2569.8979591836733,358.0,49.285714285714285,60.0,109.0,6.71967885460404e-08,0.9999953102484792,C
Product_1931,1.858695652173913,3.684501647135003,342,184,1.982304979745148,678.4239130434783,184.0,13.01086956521739,17.0,30.0,6.661246864564004e-08,0.9999953768609476,C
Product_1170,11.233333333333333,11.74347458814038,337,30,1.045413168083713,4100.166666666666,453.0,78.63333333333333,63.0,142.0,6.56386021449728e-08,0.99999544249955,C
Product_0156,5.092307692307692,6.470420863734147,331,65,1.2706264536033824,1858.692307692308,305.0,35.646153846153844,33.0,69.0,6.44699623441721e-08,0.9999955069695122,C
Product_0483,11.033333333333331,15.68105233391084,331,30,1.4212434139496228,4027.1666666666665,449.0,77.23333333333333,77.0,154.0,6.44699623441721e-08,0.9999955714394746,C
Product_0234,81.75,145.7129026545007,327,4,1.7824208275779905,29838.75,1221.0,572.25,689.0,1261.0,6.369086914363828e-08,0.9999956351303436,C
Product_0565,3.963414634146341,4.651948010789872,325,82,1.1737222673377523,1446.6463414634147,269.0,27.74390243902439,24.0,52.0,6.330132254337139e-08,0.9999956984316662,C
Product_1927,3.1153846153846154,2.963557598063951,324,104,0.951265401847688,1137.1153846153843,238.0,21.807692307692307,16.0,38.0,6.310654924323794e-08,0.9999957615382156,C
Product_0694,5.129032258064516,2.9558714615664554,318,62,0.5763019830727052,1872.0967741935483,306.0,35.903225806451616,21.0,57.0,6.193790944243724e-08,0.9999958234761248,C
Product_0518,7.044444444444444,10.746998641387268,317,45,1.5255991762221677,2571.222222222222,359.0,49.31111111111111,52.0,101.0,6.17431361423038e-08,0.9999958852192612,C
Product_0807,8.513513513513514,5.510704843109261,315,37,0.6472891403017227,3107.4324324324325,394.0,59.5945945945946,37.0,97.0,6.135358954203688e-08,0.9999959465728506,C
Product_1917,10.714285714285714,7.615078331141316,300,28,0.7107406442398562,3910.714285714285,442.0,75.0,48.0,123.0,5.843199004003513e-08,0.9999960050048406,C
Product_0258,2.2748091603053435,1.9652889202921628,298,131,0.8639357334170246,830.3053435114504,204.0,15.923664122137405,11.0,27.0,5.8042443439768234e-08,0.999996063047284,C
Product_1850,7.842105263157895,10.581795473740724,298,38,1.349356469805864,2862.368421052632,378.0,54.89473684210526,53.0,108.0,5.8042443439768234e-08,0.9999961210897276,C
Product_1961,2.8653846153846154,2.7201431012745454,298,104,0.949311686350848,1045.8653846153843,229.0,20.057692307692307,15.0,35.0,5.8042443439768234e-08,0.9999961791321708,C
Product_1864,1.655367231638418,1.2200442454950509,293,177,0.7370233155379659,604.2090395480226,174.0,11.587570621468926,8.0,20.0,5.706857693910097e-08,0.9999962362007478,C
Product_1171,6.466666666666667,7.469939758793239,291,45,1.1551453235247278,2360.333333333333,344.0,45.266666666666666,39.0,84.0,5.667903033883408e-08,0.9999962928797782,C
Product_1912,145.0,176.7766952966369,290,2,1.2191496227354268,52925.0,1627.0,1015.0,905.0,1920.0,5.648425703870062e-08,0.9999963493640353,C
Product_1918,3.224719101123596,2.791027869428476,287,89,0.8655103845962869,1177.0224719101125,243.0,22.573033707865168,16.0,39.0,5.589993713830028e-08,0.9999964052639724,C
Product_1772,1.881578947368421,1.9798127228521127,286,152,1.052208160396927,686.7763157894736,185.0,13.171052631578949,11.0,24.0,5.5705163838166826e-08,0.9999964609691362,C
Product_1962,2.718446601941748,1.6943821577880525,280,103,0.6232905794720336,992.233009708738,223.0,19.029126213592235,12.0,31.0,5.4536524037366125e-08,0.9999965155056604,C
Product_1952,1.5561797752808988,1.6294226252854231,277,178,1.0470658025299833,568.005617977528,169.0,10.893258426966293,9.0,20.0,5.3952204136965775e-08,0.9999965694578644,C
Product_0629,2.816326530612245,2.90873883740657,276,98,1.032813065455956,1027.9591836734694,227.0,19.714285714285715,16.0,36.0,5.375743083683232e-08,0.9999966232152953,C
Product_1566,2.2096774193548385,4.76654021132232,274,124,2.1571203876057217,806.5322580645161,201.0,15.46774193548387,22.0,37.0,5.3367884236565424e-08,0.9999966765831796,C
Product_0059,2.037593984962406,1.6850771722171014,271,133,0.8269935937449243,743.7218045112783,193.0,14.263157894736842,10.0,24.0,5.2783564336165074e-08,0.9999967293667438,C
Product_1932,2.007575757575758,3.12707021411224,265,132,1.557634974576663,732.7651515151516,191.0,14.053030303030305,15.0,29.0,5.161492453536437e-08,0.9999967809816684,C
Product_1585,4.258064516129032,4.915467337223433,264,62,1.1543900564691396,1554.1935483870966,279.0,29.806451612903224,26.0,56.0,5.1420151235230914e-08,0.9999968324018196,C
Product_1948,2.1048387096774195,3.9587682825895927,261,124,1.880794126594289,768.2661290322582,196.0,14.733870967741936,19.0,34.0,5.0835831334830564e-08,0.9999968832376508,C
Product_1976,1.851063829787234,1.4037509456186408,261,141,0.758348212000875,675.6382978723403,184.0,12.957446808510635,9.0,22.0,5.0835831334830564e-08,0.9999969340734822,C
Product_1685,2.663265306122449,3.1686085194459688,261,98,1.1897457276080647,972.091836734694,220.0,18.642857142857142,16.0,35.0,5.0835831334830564e-08,0.9999969849093135,C
Product_0393,3.527027027027027,3.4132014978628145,261,74,0.9677276277465452,1287.364864864865,254.0,24.68918918918919,19.0,44.0,5.0835831334830564e-08,0.9999970357451448,C
Product_1804,5.51063829787234,5.16624638955904,259,47,0.9375041710782814,2011.382978723404,317.0,38.57446808510638,29.0,68.0,5.0446284734563666e-08,0.9999970861914296,C
Product_0473,4.867924528301887,9.56764928899839,258,53,1.9654473345616847,1776.7924528301887,298.0,34.07547169811321,45.0,79.0,5.0251511434430214e-08,0.999997136442941,C
Product_0509,28.666666666666668,12.010412149464312,258,9,0.4189678656789876,10463.333333333334,723.0,200.66666666666669,108.0,309.0,5.0251511434430214e-08,0.9999971866944524,C
Product_0269,1.9761904761904765,1.28040172267479,249,126,0.647914124727002,721.3095238095239,190.0,13.833333333333334,9.0,23.0,4.849855173322916e-08,0.999997235193004,C
Product_0809,11.272727272727272,13.987006957757748,248,22,1.2407828752849617,4114.545454545455,454.0,78.9090909090909,71.0,150.0,4.83037784330957e-08,0.9999972834967824,C
Product_1923,3.324324324324324,3.5504508998158206,246,74,1.068021815391751,1213.3783783783783,246.0,23.27027027027027,19.0,42.0,4.7914231832828806e-08,0.9999973314110144,C
Product_1935,2.355769230769231,1.920347203794598,245,104,0.8151677926311763,859.8557692307693,207.0,16.490384615384617,11.0,27.0,4.771945853269536e-08,0.9999973791304728,C
Product_1866,1.8527131782945736,1.8332892877020528,239,129,0.989515975370564,676.2403100775193,184.0,12.968992248062015,10.0,23.0,4.655081873189465e-08,0.9999974256812916,C
Product_1943,3.131578947368421,2.758463849140957,238,76,0.8808540022466921,1143.0263157894738,239.0,21.92105263157895,16.0,38.0,4.63560454317612e-08,0.999997472037337,C
Product_1867,1.7803030303030305,1.7487810102970238,235,132,0.9822940142944984,649.810606060606,180.0,12.462121212121213,10.0,22.0,4.577172553136086e-08,0.9999975178090624,C
Product_1701,2.0085470085470085,1.3228478063979376,235,117,0.6586093333981221,733.1196581196581,191.0,14.05982905982906,9.0,23.0,4.577172553136086e-08,0.999997563580788,C
Product_0624,2.1574074074074074,1.5417070102211952,233,108,0.714610974694803,787.4537037037037,198.0,15.101851851851851,10.0,25.0,4.538217893109395e-08,0.999997608962967,C
Product_1921,2.128440366972477,3.3941696127089607,232,109,1.5946745163158478,776.8807339449542,197.0,14.89908256880734,16.0,31.0,4.51874056309605e-08,0.9999976541503726,C
Product_0270,1.818897637795276,1.359372654296218,231,127,0.7473607233576609,663.8976377952756,182.0,12.73228346456693,8.0,21.0,4.4992632330827054e-08,0.9999976991430048,C
Product_1696,3.27536231884058,3.7880774961442576,226,69,1.1565369346635124,1195.5072463768115,244.0,22.92753623188406,20.0,43.0,4.40187658301598e-08,0.9999977431617708,C
Product_0268,1.7936507936507935,1.2153515397116033,226,126,0.6775853716976195,654.6825396825398,181.0,12.555555555555555,8.0,21.0,4.40187658301598e-08,0.9999977871805366,C
Product_1702,2.10377358490566,1.4666401206451685,223,106,0.6971473219210218,767.8773584905659,196.0,14.726415094339622,9.0,24.0,4.343444592975944e-08,0.9999978306149824,C
Product_0442,7.857142857142857,8.329840537864058,220,28,1.06016152300088,2867.8571428571427,379.0,55.0,45.0,100.0,4.285012602935909e-08,0.9999978734651084,C
Product_0959,1.3647798742138364,1.963016871055388,217,159,1.438339550681137,498.1446540880503,158.0,9.553459119496855,10.0,20.0,4.226580612895874e-08,0.9999979157309146,C
Product_0500,2.6463414634146343,2.9496681178431,217,82,1.114621132088176,965.9146341463417,220.0,18.52439024390244,16.0,35.0,4.226580612895874e-08,0.9999979579967206,C
Product_1100,3.789473684210526,4.3372837208543285,216,57,1.1445609818921143,1383.157894736842,263.0,26.52631578947368,23.0,50.0,4.2071032828825296e-08,0.9999980000677536,C
Product_0271,2.216494845360825,1.9160876161014453,215,97,0.8644674361015824,809.020618556701,201.0,15.515463917525777,11.0,27.0,4.1876259528691844e-08,0.9999980419440132,C
Product_1947,1.893805309734513,3.955924200889829,214,113,2.088875863086685,691.2389380530974,186.0,13.256637168141593,18.0,31.0,4.168148622855839e-08,0.9999980836254994,C
Product_0674,2.2934782608695654,2.104615772290222,211,92,0.9176523746478692,837.1195652173914,205.0,16.054347826086957,12.0,28.0,4.109716632815804e-08,0.9999981247226656,C
Product_1860,1.823008849557522,1.8382352197516156,206,113,1.008352329281226,665.3982300884956,182.0,12.761061946902654,10.0,23.0,4.012329982749079e-08,0.9999981648459656,C
Product_1924,2.7466666666666666,1.8165406188191384,206,75,0.661361875783667,1002.5333333333332,224.0,19.226666666666667,12.0,31.0,4.012329982749079e-08,0.9999982049692652,C
Product_0259,2.5308641975308643,2.1277125026250983,205,81,0.8407059156713802,923.7654320987656,215.0,17.71604938271605,12.0,30.0,3.992852652735734e-08,0.9999982448977918,C
Product_1709,3.923076923076923,4.062483321696823,204,52,1.0355349643540923,1431.923076923077,268.0,27.46153846153846,22.0,49.0,3.9733753227223895e-08,0.9999982846315448,C
Product_0944,2.02,2.4328559099930027,202,100,1.204384113857922,737.3,192.0,14.14,13.0,27.0,3.934420662695698e-08,0.9999983239757516,C
Product_1693,4.122448979591836,7.938914317727438,202,49,1.925776245389329,1504.6938775510205,274.0,28.85714285714285,37.0,66.0,3.934420662695698e-08,0.9999983633199584,C
Product_0947,1.2625,0.7047681272642423,202,160,0.558232180011281,460.8125,152.0,8.8375,5.0,14.0,3.934420662695698e-08,0.999998402664165,C
Product_1711,3.2419354838709675,2.4607441488828607,201,62,0.7590355086106337,1183.3064516129032,243.0,22.69354838709677,15.0,38.0,3.9149433326823544e-08,0.9999984418135984,C
Product_1955,2.2,2.5536930736889167,198,90,1.1607695789495076,803.0000000000001,200.0,15.400000000000002,13.0,28.0,3.8565113426423194e-08,0.9999984803787118,C
Product_1647,9.6,16.52239309798101,192,20,1.7210826143730218,3504.0,419.0,67.2,79.0,146.0,3.739647362562248e-08,0.9999985177751852,C
Product_1964,2.3292682926829267,2.357310028211328,191,82,1.012038860279209,850.1829268292682,206.0,16.304878048780488,13.0,29.0,3.720170032548904e-08,0.9999985549768856,C
Product_1169,1.289655172413793,0.6658040396070665,187,145,0.5162651644012013,470.7241379310345,153.0,9.027586206896553,5.0,14.0,3.642260712495523e-08,0.9999985913994928,C
Product_1856,1.7314814814814814,1.5684177483370685,187,108,0.9058241541198044,631.9907407407408,178.0,12.12037037037037,9.0,21.0,3.642260712495523e-08,0.9999986278221,C
Product_0612,3.893617021276596,12.532104931895992,183,47,3.218628042618096,1421.1702127659576,267.0,27.25531914893617,56.0,83.0,3.5643513924421436e-08,0.9999986634656138,C
Product_1949,1.543103448275862,1.2042839574099469,179,116,0.7804298271483454,563.2327586206897,168.0,10.801724137931036,7.0,18.0,3.4864420723887627e-08,0.9999986983300344,C
Product_0257,1.7524752475247525,1.0900086292691396,177,101,0.6219823251761757,639.6534653465346,179.0,12.267326732673268,7.0,19.0,3.4474874123620735e-08,0.9999987328049088,C
Product_0630,2.364864864864865,3.366125874970494,175,74,1.4233903699875232,863.1756756756757,208.0,16.554054054054056,17.0,34.0,3.4085327523353824e-08,0.9999987668902364,C
Product_1861,1.2,0.5256034558540835,168,140,0.438002879878403,438.0,148.0,8.4,5.0,13.0,3.272191442241967e-08,0.9999987996121508,C
Product_2117,33.4,38.81752181682906,167,5,1.16220125200087,12191.0,781.0,233.8,202.0,436.0,3.2527141122286225e-08,0.9999988321392916,C
Product_2099,163.0,0.0,163,1,0.0,59495.0,1725.0,1141.0,536.0,1677.0,3.174804792175242e-08,0.9999988638873396,C
Product_0363,1.2440944881889764,0.8972315041022053,158,127,0.7211924115251903,454.0944881889764,151.0,8.708661417322835,6.0,15.0,3.0774181421085174e-08,0.9999988946615213,C
Product_1963,1.3083333333333331,1.200810883824545,157,120,0.9178172360442384,477.5416666666667,155.0,9.158333333333331,7.0,16.0,3.0579408120951715e-08,0.9999989252409291,C
Product_1922,1.7333333333333334,2.176483092441885,156,90,1.255663322562626,632.6666666666667,178.0,12.133333333333333,11.0,23.0,3.038463482081827e-08,0.999998955625564,C
Product_1974,1.150375939849624,0.3987906073463024,153,133,0.346661116189923,419.8872180451128,145.0,8.052631578947368,4.0,12.0,2.980031492041792e-08,0.999998985425879,C
Product_0637,1.7078651685393258,1.4077887818636583,152,89,0.824297378854379,623.370786516854,177.0,11.95505617977528,8.0,20.0,2.9605541620284464e-08,0.9999990150314204,C
Product_1615,2.188405797101449,0.8956654167653393,151,69,0.4092775745484001,798.768115942029,200.0,15.318840579710145,8.0,23.0,2.941076832015101e-08,0.9999990444421888,C
Product_0945,1.221311475409836,0.6743505609405099,149,122,0.5521528082868605,445.7786885245901,149.0,8.549180327868852,5.0,14.0,2.9021221719884117e-08,0.9999990734634104,C
Product_1083,8.222222222222221,8.433515459553979,148,18,1.0256978261619705,3001.111111111111,387.0,57.55555555555555,46.0,104.0,2.8826448419750664e-08,0.999999102289859,C
Product_1708,3.272727272727273,4.239151057857213,144,44,1.2952961565674816,1194.5454545454547,244.0,22.90909090909091,21.0,44.0,2.8047355219216865e-08,0.9999991303372142,C
Product_1808,2.769230769230769,3.765766253382321,144,52,1.359860035943616,1010.7692307692308,225.0,19.384615384615383,19.0,38.0,2.8047355219216865e-08,0.9999991583845694,C
Product_1690,2.7115384615384617,3.114397549531999,141,52,1.1485721459266949,989.7115384615386,222.0,18.980769230769237,16.0,35.0,2.746303531881651e-08,0.9999991858476048,C
Product_0237,13.9,14.685215543380885,139,10,1.056490326861934,5073.5,504.0,97.3,79.0,176.0,2.7073488718549613e-08,0.9999992129210934,C
Product_1707,2.7551020408163267,2.626234727425828,135,49,0.953225938102708,1005.6122448979592,224.0,19.28571428571429,15.0,34.0,2.6294395518015808e-08,0.9999992392154888,C
Product_0597,2.142857142857143,1.9498316127225832,135,63,0.9099214192705388,782.1428571428571,198.0,15.0,11.0,26.0,2.6294395518015808e-08,0.9999992655098844,C
Product_0577,18.857142857142858,14.679107277903192,132,7,0.7784375071615329,6882.857142857143,587.0,132.0,89.0,221.0,2.5710075617615457e-08,0.99999929121996,C
Product_0611,3.25,2.3506682083273738,130,40,0.7232825256391919,1186.25,244.0,22.75,15.0,38.0,2.532052901734856e-08,0.9999993165404892,C
Product_0075,2.031746031746032,2.758963421335313,128,63,1.3579273089384745,741.5873015873016,193.0,14.22222222222222,14.0,28.0,2.493098241708165e-08,0.9999993414714716,C
Product_0812,4.032258064516129,2.6643807406567848,125,31,0.6607664236828826,1471.774193548387,271.0,28.225806451612904,18.0,46.0,2.4346662516681304e-08,0.999999365818134,C
Product_1919,2.431372549019608,2.14713671628785,124,51,0.8830965526667771,887.4509803921568,211.0,17.019607843137255,12.0,29.0,2.415188921654785e-08,0.9999993899700232,C
Product_0328,3.361111111111111,4.04370959659411,121,36,1.2030871527056857,1226.8055555555557,248.0,23.52777777777778,21.0,45.0,2.35675693161475e-08,0.9999994135375926,C
Product_0244,17.142857142857142,7.559289460184544,120,7,0.4409585518440984,6257.142857142857,559.0,120.0,65.0,185.0,2.3372796016014053e-08,0.9999994369103886,C
Product_1862,1.5064935064935066,1.2420629764457516,116,77,0.8244728378131282,549.8701298701299,166.0,10.545454545454549,7.0,18.0,2.2593702815480253e-08,0.9999994595040914,C
Product_0148,1.9166666666666667,2.036045241636025,115,60,1.0622844738970565,699.5833333333334,187.0,13.416666666666668,11.0,24.0,2.23989295153468e-08,0.9999994819030208,C
Product_0673,1.9482758620689653,1.669356571006184,113,58,0.856837886003174,711.1206896551724,189.0,13.637931034482758,10.0,24.0,2.20093829150799e-08,0.9999995039124038,C
Product_0825,2.1132075471698117,1.6131714744861412,112,53,0.7633757870336204,771.3207547169811,196.0,14.79245283018868,10.0,25.0,2.1814609614946447e-08,0.9999995257270132,C
Product_0540,3.5806451612903225,2.68047500203959,111,31,0.7486011266957414,1306.9354838709678,256.0,25.064516129032256,17.0,42.0,2.1619836314813e-08,0.9999995473468496,C
Product_1965,1.375,1.4175661081184456,110,80,1.0309571695406878,501.875,158.0,9.625,8.0,18.0,2.1425063014679543e-08,0.9999995687719128,C
Product_0865,3.085714285714286,1.9154392611161573,108,35,0.6207442049913473,1126.2857142857144,237.0,21.6,13.0,35.0,2.1035516414412645e-08,0.9999995898074292,C
Product_0480,4.0,4.7784237289438165,100,25,1.194605932235954,1460.0,270.0,28.0,25.0,53.0,1.9477330013345043e-08,0.9999996092847592,C
Product_1756,2.675675675675676,1.811292571833932,99,37,0.6769477288672271,976.6216216216216,221.0,18.72972972972973,12.0,31.0,1.9282556713211597e-08,0.9999996285673158,C
Product_0777,3.555555555555556,1.6012815380508714,96,27,0.4503604325768076,1297.7777777777776,255.0,24.88888888888889,14.0,39.0,1.869823681281124e-08,0.9999996472655528,C
Product_1857,1.4393939393939394,1.302409457993298,95,66,0.9048318339742912,525.3787878787879,162.0,10.075757575757576,7.0,17.0,1.850346351267779e-08,0.9999996657690162,C
Product_0864,3.1,1.7684982914598908,93,30,0.5704833198257712,1131.5,238.0,21.7,13.0,35.0,1.8113916912410893e-08,0.9999996838829333,C
Product_0811,4.043478260869565,2.2457689687208617,93,23,0.5554052288234389,1475.8695652173917,272.0,28.30434782608696,17.0,45.0,1.8113916912410893e-08,0.99999970199685,C
Product_0438,14.666666666666666,14.988884770611412,88,6,1.0219694161780508,5353.333333333333,517.0,102.66666666666666,81.0,184.0,1.7140050411743638e-08,0.9999997191369004,C
Product_1873,3.695652173913044,6.601892170972967,85,23,1.7863943521456265,1348.9130434782608,260.0,25.869565217391305,31.0,57.0,1.6555730511343288e-08,0.999999735692631,C
Product_1951,1.7142857142857142,1.5942605391424158,84,49,0.9299853144997426,625.7142857142857,177.0,12.0,9.0,21.0,1.6360957211209836e-08,0.9999997520535884,C
Product_0598,1.7659574468085106,1.6838460886683717,83,47,0.9535032068363068,644.5744680851063,180.0,12.361702127659576,9.0,21.0,1.616618391107639e-08,0.9999997682197722,C
Product_0813,4.8125,2.482438317461282,77,16,0.5158313386932534,1756.5625,296.0,33.6875,19.0,53.0,1.4997544110275686e-08,0.9999997832173164,C
Product_1975,1.2280701754385963,0.7323529559784174,70,57,0.5963445498681399,448.2456140350877,150.0,8.596491228070176,5.0,14.0,1.3634131009341531e-08,0.9999997968514474,C
Product_1854,1.8421052631578947,1.5161529515203878,70,38,0.8230544593967819,672.3684210526316,183.0,12.894736842105264,9.0,22.0,1.3634131009341531e-08,0.9999998104855784,C
Product_1619,8.625,4.8678977568791,69,8,0.5643939428265623,3148.125,397.0,60.375,35.0,95.0,1.343935770920808e-08,0.999999823924936,C
Product_2147,4.857142857142857,6.237074546700473,68,14,1.2841035831442151,1772.857142857143,298.0,34.0,31.0,65.0,1.3244584409074628e-08,0.9999998371695206,C
Product_1950,1.511111111111111,0.9200351332773368,68,45,0.6088467793747081,551.5555555555555,166.0,10.577777777777778,6.0,17.0,1.3244584409074628e-08,0.999999850414105,C
Product_2151,4.857142857142857,3.59180997563887,68,14,0.7394902891021203,1772.857142857143,298.0,34.0,22.0,56.0,1.3244584409074628e-08,0.9999998636586894,C
Product_0576,22.0,13.856406460551018,66,3,0.6298366572977735,8030.0,634.0,154.0,94.0,248.0,1.2855037808807729e-08,0.9999998765137272,C
Product_1695,1.818181818181818,1.894969416879621,60,33,1.0422331792837916,663.6363636363636,182.0,12.727272727272728,10.0,23.0,1.1686398008007026e-08,0.9999998882001252,C
Product_2060,2.5217391304347827,1.238384769748346,58,23,0.4910836155898613,920.4347826086956,215.0,17.65217391304348,10.0,28.0,1.1296851407740125e-08,0.9999998994969768,C
Product_0362,1.6176470588235294,0.4932702180563817,55,34,0.304930680253036,590.4411764705883,172.0,11.323529411764708,6.0,17.0,1.0712531507339771e-08,0.9999999102095082,C
Product_1944,2.391304347826087,2.310826897155345,55,23,0.9663457933558716,872.8260869565217,209.0,16.73913043478261,13.0,30.0,1.0712531507339771e-08,0.9999999209220396,C
Product_1934,1.2926829268292683,0.6798493376853576,53,41,0.5259211857565974,471.82926829268297,154.0,9.048780487804878,5.0,14.0,1.0322984907072872e-08,0.9999999312450246,C
Product_0644,2.45,1.5719582155957414,49,20,0.6416155982023434,894.2500000000001,211.0,17.150000000000002,11.0,28.0,9.54389170653907e-09,0.9999999407889164,C
Product_0467,1.2121212121212122,0.5998737240857319,40,33,0.4948958223707288,442.4242424242424,149.0,8.484848484848484,5.0,13.0,7.790932005338016e-09,0.9999999485798484,C
Product_1697,1.2580645161290325,0.6307530914435469,39,31,0.5013678419166655,459.1935483870968,152.0,8.806451612903226,5.0,14.0,7.596158705204567e-09,0.999999956176007,C
Product_0647,4.375,3.461523198989551,35,8,0.7912053026261832,1596.875,283.0,30.625,21.0,52.0,6.817065504670765e-09,0.9999999629930724,C
Product_0466,7.75,3.685557397915997,31,4,0.4755557932794834,2828.75,376.0,54.25,30.0,84.0,6.037972304136963e-09,0.9999999690310448,C
Product_1773,1.4761904761904765,1.077916862241593,31,21,0.7302017453894663,538.8095238095239,164.0,10.333333333333334,7.0,17.0,6.037972304136963e-09,0.9999999750690172,C
Product_1793,3.111111111111111,2.571208103423585,28,9,0.8264597475290095,1135.5555555555557,238.0,21.77777777777778,15.0,37.0,5.453652403736612e-09,0.9999999805226696,C
Product_0633,1.173913043478261,0.3875533878815899,27,23,0.3301380711583913,428.4782608695653,146.0,8.217391304347826,4.0,12.0,5.258879103603161e-09,0.9999999857815488,C
Product_1863,1.411764705882353,0.6183469424008423,24,17,0.4379957508672633,515.2941176470589,161.0,9.882352941176473,5.0,15.0,4.67455920320281e-09,0.999999990456108,C
Product_0638,2.0,1.095445115010332,22,11,0.5477225575051661,730.0,191.0,14.0,8.0,22.0,4.2850126029359095e-09,0.9999999947411204,C
Product_0853,20.0,0.0,20,1,0.0,7300.0,604.0,140.0,66.0,206.0,3.895466002669008e-09,0.9999999986365864,C
Product_0465,3.0,0.0,3,1,0.0,1095.0,234.0,21.0,10.0,31.0,5.843199004003513e-10,0.9999999992209064,C
Product_1703,2.0,0.0,2,1,0.0,730.0,191.0,14.0,7.0,21.0,3.8954660026690085e-10,0.9999999996104528,C
Product_1698,1.0,0.0,2,2,0.0,365.0,135.0,7.0,3.0,10.0,3.8954660026690085e-10,0.9999999999999996,C
